bridge_id,centre_id,centre_type,state,district,sport_id,sport_name,sport_raw,source_dataset,programme_subtype,operational_status,discipline_id,discipline_name
9A5FA7C8116C,CENTRE_KIC_ANDAMA_DDE2B792D3,KIC,Andaman & Nicobar,Nicobar,SPORT_BADMINTON,Badminton,Badminton,KIC,New,,,
8A8154D07967,CENTRE_KIC_ANDAMA_D8E7C65720,KIC,Andaman & Nicobar,Nicobar,SPORT_VOLLEYBALL,Volleyball,Volleyball,KIC,New,,,
8D5FE4195D06,CENTRE_KIC_ANDAMA_1CD02B5603,KIC,Andaman & Nicobar,Nicobar,SPORT_FOOTBALL,Football,Football,KIC,New,,,
D4CCC3D2187D,CENTRE_KIC_ANDAMA_8C34EAFB9A,KIC,Andaman & Nicobar,North and Middle Andaman,SPORT_HOCKEY,Hockey,Hockey,KIC,New,,,
5421292DE4C1,CENTRE_KIC_ANDAMA_EC5DB38BEB,KIC,Andaman & Nicobar,North and Middle Andaman,SPORT_ARCHERY,Archery,Archery,KIC,New,,,
BF1250B8CCC5,CENTRE_KIC_ANDAMA_762C2E70AB,KIC,Andaman & Nicobar,North and Middle Andaman,SPORT_FOOTBALL,Football,Football,KIC,,,,
99A8CC7F4CF7,CENTRE_KIC_ANDAMA_9E8F8877BF,KIC,Andaman & Nicobar,South Andaman,SPORT_ATHLETICS,Athletics,Athletics,KIC,New,,,
746B6617E8BD,CENTRE_KIC_ANDAMA_23EC146DD4,KIC,Andaman & Nicobar,South Andaman,SPORT_CANOEING,Canoe Sports,Kayaking & Canoeing,KIC,New,,DISC_SPORT_CANOEING_CANOE,Canoe
B174F23C817E,CENTRE_KIC_ANDAMA_0DF6B87C4D,KIC,Andaman & Nicobar,South Andaman,SPORT_BOXING,Boxing,Boxing,KIC,New,,,
9E33EE257AEC,CENTRE_KIC_ANDHRA_C23EB2A709,KIC,Andhra Pradesh,Alluri Sitharama Raju,SPORT_WRESTLING,Wrestling,Wrestling,KIC,New,,,
8C488D12A0D0,CENTRE_KIC_ANDHRA_31177FD63E,KIC,Andhra Pradesh,Anakapalli,SPORT_BOXING,Boxing,Boxing,KIC,New,,,
6783E26C7F35,CENTRE_KIC_ANDHRA_41E6B350A1,KIC,Andhra Pradesh,Anantpur,SPORT_FENCING,Fencing,Fencing,KIC,New,,,
2FF426C2B5C3,CENTRE_KIC_ANDHRA_BCDCFDFE04,KIC,Andhra Pradesh,Annamayya,SPORT_FENCING,Fencing,Fencing,KIC,New,,,
645FD3E730D3,CENTRE_KIC_ANDHRA_F9B8A98921,KIC,Andhra Pradesh,Bapatla,SPORT_FENCING,Fencing,Fencing,KIC,New,,,
2BFEAA286603,CENTRE_KIC_ANDHRA_0F5F246383,KIC,Andhra Pradesh,Chittoor,SPORT_FENCING,Fencing,Fencing,KIC,New,,,
D24ECCA85B58,CENTRE_KIC_ANDHRA_A3E2AE04D6,KIC,Andhra Pradesh,Dr. B.R Ambedkar Konaseema,SPORT_BASKETBALL,Basketball,Basketball,KIC,New,,,
A7E6BCF0C0AD,CENTRE_KIC_ANDHRA_552577D2BA,KIC,Andhra Pradesh,East Godavari,SPORT_FOOTBALL,Football,Football,KIC,New,,,
2B96237E78A1,CENTRE_KIC_ANDHRA_D2BB98A78B,KIC,Andhra Pradesh,Eluru,SPORT_WEIGHTLIFTING,Weightlifting,Weightlifting,KIC,New,,,
C0DA01C8B88A,CENTRE_KIC_ANDHRA_11CE35671E,KIC,Andhra Pradesh,Guntur,SPORT_JUDO,Judo,Judo,KIC,New,,,
FBC4C7D5F90B,CENTRE_KIC_ANDHRA_AB38C6C802,KIC,Andhra Pradesh,Kakinada,SPORT_WEIGHTLIFTING,Weightlifting,Weightlifting,KIC,New,,,
C5A94490CBE3,CENTRE_KIC_ANDHRA_0A5C1C5E61,KIC,Andhra Pradesh,Krishna,SPORT_BASKETBALL,Basketball,Basketball,KIC,Converted Centre,,,
16FE2DC538AF,CENTRE_KIC_ANDHRA_0A5C1C5E61,KIC,Andhra Pradesh,Krishna,SPORT_VOLLEYBALL,Volleyball,Volleyball,KIC,,,,
85FA5BE9B88C,CENTRE_KIC_ANDHRA_C6CB0AAC52,KIC,Andhra Pradesh,Krishna,SPORT_AQUATICS,Aquatics,Swimming,KIC,New,,,
2233B8901F0C,CENTRE_KIC_ANDHRA_BBFB33DC0C,KIC,Andhra Pradesh,Kurnool,SPORT_ATHLETICS,Athletics,Athletics,KIC,New,,,
C8F942777C76,CENTRE_KIC_ANDHRA_E68580D0E8,KIC,Andhra Pradesh,Nandyal,SPORT_HOCKEY,Hockey,Hockey,KIC,New,,,
D1A633FBDCE9,CENTRE_KIC_ANDHRA_AC805F397C,KIC,Andhra Pradesh,NTR,SPORT_WEIGHTLIFTING,Weightlifting,Weightlifting,KIC,New,,,
990097EFC253,CENTRE_KIC_ANDHRA_A1B4C611D7,KIC,Andhra Pradesh,Palnadu,SPORT_ATHLETICS,Athletics,Athletics,KIC,New,,,
D37553E23962,CENTRE_KIC_ANDHRA_51A2EBF911,KIC,Andhra Pradesh,Parvathipuram Manyam,SPORT_WEIGHTLIFTING,Weightlifting,Weightlifting,KIC,New,,,
9C0CE6EA3987,CENTRE_KIC_ANDHRA_EBCDDE1D3A,KIC,Andhra Pradesh,Prakasam,SPORT_BOXING,Boxing,Boxing,KIC,New,,,
7FFDD6C1C27F,CENTRE_KIC_ANDHRA_B0914C3082,KIC,Andhra Pradesh,Sri Potti Sriramulu Nellore,SPORT_FOOTBALL,Football,Football,KIC,New,,,
0C39601E2266,CENTRE_KIC_ANDHRA_F488D04A62,KIC,Andhra Pradesh,Sri Sathya Sai,SPORT_JUDO,Judo,Judo,KIC,New,,,
161DE12184CD,CENTRE_KIC_ANDHRA_7E4C48A9B6,KIC,Andhra Pradesh,Srikakulam,SPORT_ATHLETICS,Athletics,Athletics,KIC,New,,,
46E6A8C281A5,CENTRE_KIC_ANDHRA_8C9D14D0C7,KIC,Andhra Pradesh,Tirupati,SPORT_HOCKEY,Hockey,Hockey,KIC,New,,,
8DC70709A76F,CENTRE_KIC_ANDHRA_6972FCF432,KIC,Andhra Pradesh,Visakhapatnam,SPORT_ATHLETICS,Athletics,Athletics,KIC,New,,,
8368816B6E8F,CENTRE_KIC_ANDHRA_F4D065DAC1,KIC,Andhra Pradesh,Vizianagaram,SPORT_BOXING,Boxing,Boxing,KIC,New,,,
338B086424E2,CENTRE_KIC_ANDHRA_1F301CE471,KIC,Andhra Pradesh,West Godavari,SPORT_BASKETBALL,Basketball,Basketball,KIC,New,,,
087934E6F46E,CENTRE_KIC_ANDHRA_0EFC4F59B0,KIC,Andhra Pradesh,Y.S.R.,SPORT_HOCKEY,Hockey,Hockey,KIC,New,,,
B74EF373863D,CENTRE_KIC_ARUNAC_0CB905C59D,KIC,Arunachal Pradesh,Anjaw,SPORT_BADMINTON,Badminton,Badminton,KIC,New,,,
7DCF0D1BEA7F,CENTRE_KIC_ARUNAC_FE27366202,KIC,Arunachal Pradesh,Anjaw,SPORT_TABLE_TENNIS,Table Tennis,Table Tennis,KIC,New,,,
4325F3D0A5C2,CENTRE_KIC_ARUNAC_FA0A232063,KIC,Arunachal Pradesh,Changlang,SPORT_BADMINTON,Badminton,Badminton,KIC,New,,,
69F8D1EEDFBB,CENTRE_KIC_ARUNAC_4176DF603B,KIC,Arunachal Pradesh,Changlang,SPORT_BOXING,Boxing,Boxing,KIC,Converted Centre,,,
0C9674ECD83D,CENTRE_KIC_ARUNAC_4176DF603B,KIC,Arunachal Pradesh,Changlang,SPORT_FOOTBALL,Football,Football,KIC,,,,
D448F78C167F,CENTRE_KIC_ARUNAC_4176DF603B,KIC,Arunachal Pradesh,Changlang,SPORT_WEIGHTLIFTING,Weightlifting,Weightlifting,KIC,,,,
DDCA636C2F89,CENTRE_KIC_ARUNAC_30ECEDD34A,KIC,Arunachal Pradesh,Changlang,SPORT_FOOTBALL,Football,Football,KIC,New,,,
FB81CDAEC5A0,CENTRE_KIC_ARUNAC_7BFCBAE9F8,KIC,Arunachal Pradesh,East Kameng,SPORT_FOOTBALL,Football,Football,KIC,New,,,
35A0A8B1DB39,CENTRE_KIC_ARUNAC_00C1A3C834,KIC,Arunachal Pradesh,East Kameng,SPORT_WEIGHTLIFTING,Weightlifting,Weightlifting,KIC,New,,,
EDE8732F07F5,CENTRE_KIC_ARUNAC_FDC47177F2,KIC,Arunachal Pradesh,East Siang,SPORT_ATHLETICS,Athletics,Athletics,KIC,New,,,
879EBFCF991E,CENTRE_KIC_ARUNAC_293AC57CC7,KIC,Arunachal Pradesh,East Siang,SPORT_FOOTBALL,Football,Football,KIC,New,,,
94473AA939D3,CENTRE_KIC_ARUNAC_B1B69BC860,KIC,Arunachal Pradesh,East Siang,SPORT_ARCHERY,Archery,Archery,KIC,Converted Centre,,,
4CC710304EC5,CENTRE_KIC_ARUNAC_B1B69BC860,KIC,Arunachal Pradesh,East Siang,SPORT_FOOTBALL,Football,Football,KIC,,,,
864736FB69F5,CENTRE_KIC_ARUNAC_B1B69BC860,KIC,Arunachal Pradesh,East Siang,SPORT_TAEKWONDO,Taekwondo,Taekwondo,KIC,,,,
C52C5ADB72BB,CENTRE_KIC_ARUNAC_2AB3C1EE56,KIC,Arunachal Pradesh,Itanagar Capital Complex,SPORT_FOOTBALL,Football,Football,KIC,New,,,
A89D9EB6AF07,CENTRE_KIC_ARUNAC_6BA7A4F740,KIC,Arunachal Pradesh,Itanagar Capital Complex,SPORT_WEIGHTLIFTING,Weightlifting,Weightlifting,KIC,New,,,
DB9A8E799BCB,CENTRE_KIC_ARUNAC_461B3BC00F,KIC,Arunachal Pradesh,Kamle,SPORT_FOOTBALL,Football,Football,KIC,New,,,
AAD0A3E61732,CENTRE_KIC_ARUNAC_5D7827570F,KIC,Arunachal Pradesh,Kamle,SPORT_FOOTBALL,Football,Football,KIC,New,,,
24944932B01B,CENTRE_KIC_ARUNAC_6BB2084DCC,KIC,Arunachal Pradesh,Kra Daadi,SPORT_BADMINTON,Badminton,Badminton,KIC,New,,,
C8C012CA44AB,CENTRE_KIC_ARUNAC_89C191C055,KIC,Arunachal Pradesh,Kra Daadi,SPORT_WEIGHTLIFTING,Weightlifting,Weightlifting,KIC,New,,,
F4E82F722417,CENTRE_KIC_ARUNAC_8352F01638,KIC,Arunachal Pradesh,Kurung Kumey,SPORT_BADMINTON,Badminton,Badminton,KIC,New,,,
F8904D814687,CENTRE_KIC_ARUNAC_3AF772D167,KIC,Arunachal Pradesh,Kurung Kumey,SPORT_FOOTBALL,Football,Football,KIC,New,,,
EC051C8D32A6,CENTRE_KIC_ARUNAC_7871962932,KIC,Arunachal Pradesh,Lepa Rada,SPORT_BOXING,Boxing,Boxing,KIC,New,,,
D937E294D1B8,CENTRE_KIC_ARUNAC_91CF9B5E8B,KIC,Arunachal Pradesh,Lepa Rada,SPORT_FOOTBALL,Football,Football,KIC,New,,,
0E6552478567,CENTRE_KIC_ARUNAC_732505DA69,KIC,Arunachal Pradesh,Lohit,SPORT_FOOTBALL,Football,Football,KIC,New,,,
EF9524A7656F,CENTRE_KIC_ARUNAC_DC3BFF4133,KIC,Arunachal Pradesh,Lohit,SPORT_TABLE_TENNIS,Table Tennis,Table Tennis,KIC,New,,,
C385787E0D3E,CENTRE_KIC_ARUNAC_B7D45429FB,KIC,Arunachal Pradesh,Longding,SPORT_BOXING,Boxing,Boxing,KIC,New,,,
DEEA0D78175E,CENTRE_KIC_ARUNAC_C9E361AA4C,KIC,Arunachal Pradesh,Longding,SPORT_FOOTBALL,Football,Football,KIC,New,,,
18DE777CEB94,CENTRE_KIC_ARUNAC_6A03910900,KIC,Arunachal Pradesh,Lower Dibang Valley,SPORT_FOOTBALL,Football,Football,KIC,New,,,
433FF28EF0B2,CENTRE_KIC_ARUNAC_81F3D48B51,KIC,Arunachal Pradesh,Lower Dibang Valley,SPORT_BADMINTON,Badminton,Badminton,KIC,New,,,
AF9CE4E675D3,CENTRE_KIC_ARUNAC_6C93B2B3C1,KIC,Arunachal Pradesh,Lower Siang,SPORT_FOOTBALL,Football,Football,KIC,New,,,
F32FBCD0A8F9,CENTRE_KIC_ARUNAC_350BBF2246,KIC,Arunachal Pradesh,Lower Siang,SPORT_WEIGHTLIFTING,Weightlifting,Weightlifting,KIC,New,,,
1F25EE92B2BA,CENTRE_KIC_ARUNAC_6FC0F8639E,KIC,Arunachal Pradesh,Lower Subansiri,SPORT_ARCHERY,Archery,Archery,KIC,New,,,
0881D4364CBD,CENTRE_KIC_ARUNAC_9D2FD7B57A,KIC,Arunachal Pradesh,Lower Subansiri,SPORT_FOOTBALL,Football,Football,KIC,New,,,
563C831012C3,CENTRE_KIC_ARUNAC_14AFC2E58C,KIC,Arunachal Pradesh,Namsai,SPORT_VOLLEYBALL,Volleyball,Volleyball,KIC,New,,,
1B79F61F12E3,CENTRE_KIC_ARUNAC_B4DE67F7FF,KIC,Arunachal Pradesh,Namsai,SPORT_FOOTBALL,Football,Football,KIC,New,,,
9A2E1BFAB362,CENTRE_KIC_ARUNAC_35A2FC264B,KIC,Arunachal Pradesh,Pakke Kessang,SPORT_BADMINTON,Badminton,Badminton,KIC,New,,,
4D2865F4421B,CENTRE_KIC_ARUNAC_BDC505778A,KIC,Arunachal Pradesh,Pakke Kessang,SPORT_FOOTBALL,Football,Football,KIC,New,,,
8FA32BB0CFB1,CENTRE_KIC_ARUNAC_1061F0C9FA,KIC,Arunachal Pradesh,Papum Pare,SPORT_BADMINTON,Badminton,Badminton,KIC,New,,,
F5EE852127BA,CENTRE_KIC_ARUNAC_EA6AD5B6EF,KIC,Arunachal Pradesh,Papum Pare,SPORT_WEIGHTLIFTING,Weightlifting,Weightlifting,KIC,New,,,
BE85056949FE,CENTRE_KIC_ARUNAC_080BD6CDF7,KIC,Arunachal Pradesh,Shi Yomi,SPORT_TAEKWONDO,Taekwondo,Taekwondo,KIC,New,,,
BD8525D57261,CENTRE_KIC_ARUNAC_4923591BE4,KIC,Arunachal Pradesh,Shi Yomi,SPORT_TABLE_TENNIS,Table Tennis,Table Tennis,KIC,New,,,
E3BF1C817E0B,CENTRE_KIC_ARUNAC_68AFFAD9C7,KIC,Arunachal Pradesh,Siang,SPORT_FOOTBALL,Football,Football,KIC,New,,,
D3509746FDED,CENTRE_KIC_ARUNAC_5AF8A36D82,KIC,Arunachal Pradesh,Siang,SPORT_HOCKEY,Hockey,Hockey,KIC,New,,,
E7540C8F4B0D,CENTRE_KIC_ARUNAC_7A7167D510,KIC,Arunachal Pradesh,Tawang,SPORT_ARCHERY,Archery,Archery,KIC,New,,,
F2C4C625B867,CENTRE_KIC_ARUNAC_BA1955C921,KIC,Arunachal Pradesh,Tawang,SPORT_FOOTBALL,Football,Football,KIC,New,,,
85A652A0DD71,CENTRE_KIC_ARUNAC_EDBFCB7707,KIC,Arunachal Pradesh,Tirap,SPORT_BOXING,Boxing,Boxing,KIC,New,,,
9940A8579D8B,CENTRE_KIC_ARUNAC_53E296D75A,KIC,Arunachal Pradesh,Tirap,SPORT_JUDO,Judo,Judo,KIC,New,,,
DBB5614AAAE7,CENTRE_KIC_ARUNAC_EB775A93CC,KIC,Arunachal Pradesh,Upper Dibang Valley,SPORT_ARCHERY,Archery,Archery,KIC,New,,,
EADFBFD9A51C,CENTRE_KIC_ARUNAC_47D11B443E,KIC,Arunachal Pradesh,Upper Dibang Valley,SPORT_FOOTBALL,Football,Football,KIC,New,,,
4A767267077A,CENTRE_KIC_ARUNAC_9DAC448757,KIC,Arunachal Pradesh,Upper Siang,SPORT_FOOTBALL,Football,Football,KIC,New,,,
827E2AB5B6D1,CENTRE_KIC_ARUNAC_0119889FE4,KIC,Arunachal Pradesh,Upper Siang,SPORT_JUDO,Judo,Judo,KIC,New,,,
A4EF3EE9764F,CENTRE_KIC_ARUNAC_24929EE211,KIC,Arunachal Pradesh,Upper Subansiri,SPORT_BADMINTON,Badminton,Badminton,KIC,New,,,
CD9913109C27,CENTRE_KIC_ARUNAC_D871C5D4A6,KIC,Arunachal Pradesh,Upper Subansiri,SPORT_FOOTBALL,Football,Football,KIC,New,,,
E66D40226103,CENTRE_KIC_ARUNAC_8EC1E4C028,KIC,Arunachal Pradesh,West Kameng,SPORT_BOXING,Boxing,Boxing,KIC,New,,,
4AA5892D8F6E,CENTRE_KIC_ARUNAC_53D9917184,KIC,Arunachal Pradesh,West Kameng,SPORT_TABLE_TENNIS,Table Tennis,Table Tennis,KIC,New,,,
EE758646066E,CENTRE_KIC_ARUNAC_3FE631BC40,KIC,Arunachal Pradesh,West Siang,SPORT_FOOTBALL,Football,Football,KIC,New,,,
68DA991B0C4A,CENTRE_KIC_ARUNAC_5413907BDB,KIC,Arunachal Pradesh,West Siang,SPORT_WEIGHTLIFTING,Weightlifting,Weightlifting,KIC,New,,,
60DE319EB1DE,CENTRE_KIC_ASSAM_999F46C08B,KIC,Assam,Baksa,SPORT_ARCHERY,Archery,Archery,KIC,New,,,
3E5BB6B536A7,CENTRE_KIC_ASSAM_47B2B56DCC,KIC,Assam,Baksa,SPORT_BOXING,Boxing,Boxing,KIC,New,,,
D92C823E5C32,CENTRE_KIC_ASSAM_D4C9136FF9,KIC,Assam,Barpeta,SPORT_KABADDI,Kabaddi,Kabaddi,KIC,New,,,
056D9E0E3C17,CENTRE_KIC_ASSAM_B0DD3CF2C0,KIC,Assam,Barpeta,SPORT_FOOTBALL,Football,Football,KIC,New,,,
88D9BBF0B511,CENTRE_KIC_ASSAM_8278AEB279,KIC,Assam,Biswanath,SPORT_BOXING,Boxing,Boxing,KIC,New,,,
D739185B64F5,CENTRE_KIC_ASSAM_19495C2D30,KIC,Assam,Biswanath,SPORT_CYCLING,Cycling,Cycling,KIC,New,,,
FE6D2236F0AC,CENTRE_KIC_ASSAM_DB737BB24B,KIC,Assam,Bongaigaon,SPORT_FOOTBALL,Football,Football,KIC,New,,,
08EDFDEF709D,CENTRE_KIC_ASSAM_AD235516B0,KIC,Assam,Bongaigaon,SPORT_HOCKEY,Hockey,Hockey,KIC,New,,,
E18FB3656BF2,CENTRE_KIC_ASSAM_3DB18FBDC4,KIC,Assam,Charaideo,SPORT_RUGBY,Rugby,Rugby,KIC,New,,,
68F4A682C71C,CENTRE_KIC_ASSAM_9E21D2EF52,KIC,Assam,Charaideo,SPORT_WEIGHTLIFTING,Weightlifting,Weightlifting,KIC,New,,,
A2022D01A420,CENTRE_KIC_ASSAM_35058B64CB,KIC,Assam,Chirang,SPORT_BOXING,Boxing,Boxing,KIC,New,,,
8580B2E59448,CENTRE_KIC_ASSAM_C4EFA74BB4,KIC,Assam,Chirang,SPORT_FOOTBALL,Football,Football,KIC,New,,,
BF77440E113F,CENTRE_KIC_ASSAM_A1D4D6E5B0,KIC,Assam,Darrang,SPORT_KABADDI,Kabaddi,Kabaddi,KIC,New,,,
ACCAA8D0A8FD,CENTRE_KIC_ASSAM_474F933F49,KIC,Assam,Darrang,SPORT_FOOTBALL,Football,Football,KIC,New,,,
F1A13905EB44,CENTRE_KIC_ASSAM_4AC8445A73,KIC,Assam,Dhemaji,SPORT_FOOTBALL,Football,Football,KIC,New,,,
180BE9373747,CENTRE_KIC_ASSAM_1E4253CA5B,KIC,Assam,Dhemaji,SPORT_FOOTBALL,Football,Football,KIC,New,,,
01CCAE068A4E,CENTRE_KIC_ASSAM_7619A35B53,KIC,Assam,Dhubri,SPORT_FOOTBALL,Football,Football,KIC,New,,,
F6A3FB94D059,CENTRE_KIC_ASSAM_EA2A443BA5,KIC,Assam,Dhubri,SPORT_FOOTBALL,Football,Football,KIC,New,,,
FBE75946DAA3,CENTRE_KIC_ASSAM_C07607C166,KIC,Assam,Dibrugarh,SPORT_ATHLETICS,Athletics,Athletics,KIC,New,,,
34694597260A,CENTRE_KIC_ASSAM_C0749A4A5F,KIC,Assam,Dibrugarh,SPORT_BADMINTON,Badminton,Badminton,KIC,New,,,
DE52C7D3C94A,CENTRE_KIC_ASSAM_3F30828ACE,KIC,Assam,Dima Hasao,SPORT_FOOTBALL,Football,Football,KIC,New,,,
19D48B99C240,CENTRE_KIC_ASSAM_968D324D43,KIC,Assam,Dima Hasao,SPORT_JUDO,Judo,Judo,KIC,New,,,
087E8FF4014C,CENTRE_KIC_ASSAM_65923D9DC3,KIC,Assam,Goalpara,SPORT_FOOTBALL,Football,Football,KIC,New,,,
4CEBFB7B54FC,CENTRE_KIC_ASSAM_7FA76E229C,KIC,Assam,Goalpara,SPORT_FOOTBALL,Football,Football,KIC,New,,,
410131365DC8,CENTRE_KIC_ASSAM_FA1CBDAD0F,KIC,Assam,Golaghat,SPORT_WRESTLING,Wrestling,Wrestling,KIC,New,,,
C16EA61B7771,CENTRE_KIC_ASSAM_C6F7E9F770,KIC,Assam,Golaghat,SPORT_TABLE_TENNIS,Table Tennis,Table Tennis,KIC,New,,,
97E75C83942A,CENTRE_KIC_ASSAM_1E43A85AED,KIC,Assam,Hailakandi,SPORT_SEPAK_TAKRAW,Sepak Takraw,Sepak takraw,KIC,New,,,
3A1094F7191F,CENTRE_KIC_ASSAM_86C8CD5173,KIC,Assam,Hailakandi,SPORT_ATHLETICS,Athletics,Athletics,KIC,New,,,
5FC457EEDE56,CENTRE_KIC_ASSAM_66253D1F54,KIC,Assam,Hojai,SPORT_FOOTBALL,Football,Football,KIC,New,,,
60517ECAC5DC,CENTRE_KIC_ASSAM_CD1787FF65,KIC,Assam,Hojai,SPORT_FOOTBALL,Football,Football,KIC,New,,,
9B91055FB3FA,CENTRE_KIC_ASSAM_7C6D1E6ED4,KIC,Assam,Jorhat,SPORT_FOOTBALL,Football,Football,KIC,New,,,
38DC3AA0D4E7,CENTRE_KIC_ASSAM_34503F5182,KIC,Assam,Jorhat,SPORT_FOOTBALL,Football,Football,KIC,New,,,
FE2126ED3339,CENTRE_KIC_ASSAM_98148649C3,KIC,Assam,Kamrup,SPORT_KHO_KHO,Kho Kho,Kho Kho,KIC,New,,,
FA5CFB8605E7,CENTRE_KIC_ASSAM_EC8AA17EAA,KIC,Assam,Kamrup,SPORT_ATHLETICS,Athletics,Athletics,KIC,New,,,
113443952022,CENTRE_KIC_ASSAM_5E9131B1E0,KIC,Assam,Kamrup Metropolitan,SPORT_KHO_KHO,Kho Kho,Kho Kho,KIC,New,,,
49C2A56C05AD,CENTRE_KIC_ASSAM_4FFE8BE758,KIC,Assam,Kamrup Metropolitan,SPORT_BOXING,Boxing,Boxing,KIC,New,,,
DBEC1637A4BB,CENTRE_KIC_ASSAM_5A6E515709,KIC,Assam,Kamrup Metropolitan,SPORT_BASKETBALL,Basketball,Basketball,KIC,Converted,,,
3B2728D666FA,CENTRE_KIC_ASSAM_5A6E515709,KIC,Assam,Kamrup Metropolitan,SPORT_AQUATICS,Aquatics,Swimming,KIC,Converted,,,
B7D0AC07D0D7,CENTRE_KIC_ASSAM_5A6E515709,KIC,Assam,Kamrup Metropolitan,SPORT_TABLE_TENNIS,Table Tennis,Table Tennis,KIC,Converted,,,
963207D3F4E9,CENTRE_KIC_ASSAM_3F27062051,KIC,Assam,Karbi Anglong,SPORT_FOOTBALL,Football,Football,KIC,New,,,
9042AB2644DE,CENTRE_KIC_ASSAM_DCBD181FC4,KIC,Assam,Karbi Anglong,SPORT_FOOTBALL,Football,Football,KIC,New,,,
42804B6B36C6,CENTRE_KIC_ASSAM_56B4C46E24,KIC,Assam,Karimganj,SPORT_FOOTBALL,Football,Football,KIC,New,,,
09BA1EF9E188,CENTRE_KIC_ASSAM_30C51294F8,KIC,Assam,Karimganj,SPORT_FOOTBALL,Football,Football,KIC,New,,,
BE676B2EB8E1,CENTRE_KIC_ASSAM_D09EB70E5B,KIC,Assam,Kokrajhar,SPORT_FOOTBALL,Football,Football,KIC,New,,,
584BAC5D1D81,CENTRE_KIC_ASSAM_A1F4987413,KIC,Assam,Kokrajhar,SPORT_FOOTBALL,Football,Football,KIC,New,,,
FC10F491DB95,CENTRE_KIC_ASSAM_A9333E0DDC,KIC,Assam,Lakhimpur,SPORT_CYCLING,Cycling,Cycling,KIC,New,,,
8DD32D164639,CENTRE_KIC_ASSAM_E4AE645B66,KIC,Assam,Lakhimpur,SPORT_ATHLETICS,Athletics,Athletics,KIC,New,,,
24B4F9DBD416,CENTRE_KIC_ASSAM_48E5611CB8,KIC,Assam,Majuli,SPORT_ATHLETICS,Athletics,Athletics,KIC,New,,,
08508B121006,CENTRE_KIC_ASSAM_6E344E8CC5,KIC,Assam,Majuli,SPORT_BOXING,Boxing,Boxing,KIC,New,,,
9B43A58E06C1,CENTRE_KIC_ASSAM_E6A7FDA832,KIC,Assam,Morigaon,SPORT_FOOTBALL,Football,Football,KIC,New,,,
11E275862F4B,CENTRE_KIC_ASSAM_1B782097A7,KIC,Assam,Morigaon,SPORT_CANOEING,Canoe Sports,Kayaking & Canoeing,KIC,New,,DISC_SPORT_CANOEING_CANOE,Canoe
75FB2C63D2F2,CENTRE_KIC_ASSAM_293CBB0537,KIC,Assam,Nagaon,SPORT_HOCKEY,Hockey,Hockey,KIC,New,,,
304DAB68EDED,CENTRE_KIC_ASSAM_0B39385873,KIC,Assam,Nagaon,SPORT_WRESTLING,Wrestling,Wrestling,KIC,New,,,
8063433A0B89,CENTRE_KIC_ASSAM_4A04D2A319,KIC,Assam,Nalbari,SPORT_KHO_KHO,Kho Kho,Kho Kho,KIC,New,,,
9FFA4A1D9007,CENTRE_KIC_ASSAM_1A0052763B,KIC,Assam,Nalbari,SPORT_FOOTBALL,Football,Football,KIC,New,,,
8C5B759719E5,CENTRE_KIC_ASSAM_6A306870C2,KIC,Assam,Sivasagar,SPORT_WEIGHTLIFTING,Weightlifting,Weightlifting,KIC,New,,,
96847ABFB898,CENTRE_KIC_ASSAM_D2C40F6A85,KIC,Assam,Sivasagar,SPORT_ATHLETICS,Athletics,Athletics,KIC,New,,,
67B3AA8E7B19,CENTRE_KIC_ASSAM_308B1E73E2,KIC,Assam,Sonitpur,SPORT_ATHLETICS,Athletics,Athletics,KIC,New,,,
3933C54F2121,CENTRE_KIC_ASSAM_ADDBCBBF99,KIC,Assam,Sonitpur,SPORT_HOCKEY,Hockey,Hockey,KIC,New,,,
D9923C127805,CENTRE_KIC_ASSAM_0F28D36D08,KIC,Assam,South Salmara Mankachar,SPORT_ATHLETICS,Athletics,Athletics,KIC,New,,,
BE4207ADB255,CENTRE_KIC_ASSAM_F9EF6AF806,KIC,Assam,Tamulpur,SPORT_ARCHERY,Archery,Archery,KIC,New,,,
083F5A48F599,CENTRE_KIC_ASSAM_A0E67F7A73,KIC,Assam,Tamulpur,SPORT_FENCING,Fencing,Fencing,KIC,New,,,
A634D26879A7,CENTRE_KIC_ASSAM_6D704DB0E4,KIC,Assam,Tinsukia,SPORT_FENCING,Fencing,Fencing,KIC,New,,,
67874C42FC53,CENTRE_KIC_ASSAM_47B98E9399,KIC,Assam,Tinsukia,SPORT_FOOTBALL,Football,Football,KIC,New,,,
DB9574A2AF66,CENTRE_KIC_ASSAM_9869FF86A5,KIC,Assam,Udalguri,SPORT_BOXING,Boxing,Boxing,KIC,New,,,
B2E8CD461505,CENTRE_KIC_ASSAM_070DDB1167,KIC,Assam,Udalguri,SPORT_FOOTBALL,Football,Football,KIC,New,,,
B2CCDD3159E9,CENTRE_KIC_ASSAM_6FB991EFD0,KIC,Assam,West Karbi Anglong,SPORT_ATHLETICS,Athletics,Athletics,KIC,New,,,
CC33F06AF92C,CENTRE_KIC_ASSAM_61B6054D06,KIC,Assam,West Karbi Anglong,SPORT_FOOTBALL,Football,Football,KIC,New,,,
E37DAB1E444B,CENTRE_KIC_BIHAR_E2589021C1,KIC,Bihar,Araria,SPORT_BADMINTON,Badminton,Badminton,KIC,New,,,
78860B49807E,CENTRE_KIC_BIHAR_B0616830BD,KIC,Bihar,Arwal,SPORT_RUGBY,Rugby,Rugby,KIC,New,,,
4E36669E3278,CENTRE_KIC_BIHAR_AB0974AAA6,KIC,Bihar,Aurangabad,SPORT_BOXING,Boxing,Boxing,KIC,New,,,
CAD114110C0F,CENTRE_KIC_BIHAR_711BFB27F3,KIC,Bihar,Banka,SPORT_KABADDI,Kabaddi,Kabaddi,KIC,New,,,
6B5BC79C386D,CENTRE_KIC_BIHAR_30007C3ADD,KIC,Bihar,Begusarai,SPORT_KABADDI,Kabaddi,Kabaddi,KIC,New,,,
64C10DD139B4,CENTRE_KIC_BIHAR_6C0BD9EAC5,KIC,Bihar,Bhagalpur,SPORT_WRESTLING,Wrestling,Wrestling,KIC,New,,,
214B6832E2B2,CENTRE_KIC_BIHAR_D4FBABA64D,KIC,Bihar,Bhojpur,SPORT_ARCHERY,Archery,Archery,KIC,New,,,
E8EC7A4C5F82,CENTRE_KIC_BIHAR_89CC67D2CA,KIC,Bihar,Buxar,SPORT_KABADDI,Kabaddi,Kabaddi,KIC,New,,,
8E9A08BA0E48,CENTRE_KIC_BIHAR_47560930E3,KIC,Bihar,Darbhanga,SPORT_FOOTBALL,Football,Football,KIC,New,,,
97A3160D6793,CENTRE_KIC_BIHAR_857B3DDB63,KIC,Bihar,Gaya,SPORT_ATHLETICS,Athletics,Athletics,KIC,New,,,
7F1DC03E9A11,CENTRE_KIC_BIHAR_C8991CBF3B,KIC,Bihar,Gopalganj,SPORT_WRESTLING,Wrestling,Wrestling,KIC,New,,,
39DEE08C073D,CENTRE_KIC_BIHAR_CEEB3BE5A9,KIC,Bihar,Jamui,SPORT_FOOTBALL,Football,Football,KIC,New,,,
E1BB39AA3EB8,CENTRE_KIC_BIHAR_C19553A073,KIC,Bihar,Jehanabad,SPORT_WEIGHTLIFTING,Weightlifting,Weightlifting,KIC,New,,,
604F47844D36,CENTRE_KIC_BIHAR_C50D6D188A,KIC,Bihar,Kaimur,SPORT_ATHLETICS,Athletics,Athletics,KIC,New,,,
F0FD50197598,CENTRE_KIC_BIHAR_C19553A073,KIC,Bihar,Katihar,SPORT_WRESTLING,Wrestling,Wrestling,KIC,New,,,
ADFD7CF2B95A,CENTRE_KIC_BIHAR_D1E33B68C1,KIC,Bihar,Khagaria,SPORT_HOCKEY,Hockey,Hockey,KIC,New,,,
DDD8EA5A45C8,CENTRE_KIC_BIHAR_59F7357ED1,KIC,Bihar,Kishanganj,SPORT_BOXING,Boxing,Boxing,KIC,New,,,
CCC5003FC367,CENTRE_KIC_BIHAR_63897D9DFF,KIC,Bihar,Lakhisarai,SPORT_KHO_KHO,Kho Kho,Kho Kho,KIC,New,,,
E720CC42A9F8,CENTRE_KIC_BIHAR_FEC53728AD,KIC,Bihar,Madhepura,SPORT_KABADDI,Kabaddi,Kabaddi,KIC,New,,,
356D30333337,CENTRE_KIC_BIHAR_C19553A073,KIC,Bihar,Madhubani,SPORT_TABLE_TENNIS,Table Tennis,Table Tennis,KIC,New,,,
F62FEF8580C0,CENTRE_KIC_BIHAR_F27D312D3C,KIC,Bihar,Munger,SPORT_KHO_KHO,Kho Kho,Kho Kho,KIC,New,,,
497842172975,CENTRE_KIC_BIHAR_C19553A073,KIC,Bihar,Muzaffarpur,SPORT_WUSHU,Wushu,Wushu,KIC,New,,,
6A10F3277AE7,CENTRE_KIC_BIHAR_C76DCD80E5,KIC,Bihar,Nalanda,SPORT_RUGBY,Rugby,Rugby,KIC,New,,,
141ECCFB66EA,CENTRE_KIC_BIHAR_B986C75123,KIC,Bihar,Nawada,SPORT_RUGBY,Rugby,Rugby,KIC,New,,,
CA5AF0C5917F,CENTRE_KIC_BIHAR_EF013897FE,KIC,Bihar,Pashchim Champaran,SPORT_FOOTBALL,Football,Football,KIC,New,,,
5F43FA20A30C,CENTRE_KIC_BIHAR_B22EC869FD,KIC,Bihar,Patna,SPORT_SEPAK_TAKRAW,Sepak Takraw,Sepak takraw,KIC,New,,,
45C86F6E5304,CENTRE_KIC_BIHAR_C19553A073,KIC,Bihar,Purba Champaran,SPORT_FENCING,Fencing,Fencing,KIC,New,,,
13BE0497B6BB,CENTRE_KIC_BIHAR_F052B65226,KIC,Bihar,Purnea,SPORT_RUGBY,Rugby,Rugby,KIC,New,,,
EEC758B43B5E,CENTRE_KIC_BIHAR_5987453E97,KIC,Bihar,Rohtas,SPORT_CYCLING,Cycling,Cycling,KIC,New,,,
4F4D36F501EE,CENTRE_KIC_BIHAR_8FE691F7EA,KIC,Bihar,Saharsa,SPORT_WRESTLING,Wrestling,Wrestling,KIC,New,,,
F9F7701C01A0,CENTRE_KIC_BIHAR_BEDF039AA1,KIC,Bihar,Samastipur,SPORT_ATHLETICS,Athletics,Athletics,KIC,New,,,
42BB6B360DCC,CENTRE_KIC_BIHAR_99E2C9A303,KIC,Bihar,Saran,SPORT_WRESTLING,Wrestling,Wrestling,KIC,New,,,
5F142AAD5566,CENTRE_KIC_BIHAR_E29C38EA76,KIC,Bihar,Seohar,SPORT_KABADDI,Kabaddi,Kabaddi,KIC,New,,,
5BCE508DF0E6,CENTRE_KIC_BIHAR_5CAFC0F7A2,KIC,Bihar,Sheikhpura,SPORT_TAEKWONDO,Taekwondo,Taekwondo,KIC,New,,,
F4FCD197382D,CENTRE_KIC_BIHAR_4A2280B6EF,KIC,Bihar,Sitamarhi,SPORT_WEIGHTLIFTING,Weightlifting,Weightlifting,KIC,New,,,
8496D5E35328,CENTRE_KIC_BIHAR_F6D096381F,KIC,Bihar,Siwan,SPORT_FOOTBALL,Football,Football,KIC,New,,,
3B82E04E5939,CENTRE_KIC_BIHAR_D75DB82762,KIC,Bihar,Supaul,SPORT_ATHLETICS,Athletics,Athletics,KIC,New,,,
9CC84CB06B52,CENTRE_KIC_BIHAR_B53304E6F9,KIC,Bihar,Vaishali,SPORT_HOCKEY,Hockey,Hockey,KIC,New,,,
B4C74408E72C,CENTRE_KIC_CHANDI_E9810B553D,KIC,Chandigarh,Chandigarh,SPORT_BADMINTON,Badminton,Badminton,KIC,Converted,,,
0FD644F787D8,CENTRE_KIC_CHANDI_E9810B553D,KIC,Chandigarh,Chandigarh,SPORT_FOOTBALL,Football,Football,KIC,,,,
8DE7A2D4FA46,CENTRE_KIC_CHANDI_E9810B553D,KIC,Chandigarh,Chandigarh,SPORT_GYMNASTICS,Gymnastics,Gymnastics,KIC,,,,
2851FD939589,CENTRE_KIC_CHANDI_E9810B553D,KIC,Chandigarh,Chandigarh,SPORT_HOCKEY,Hockey,Hockey,KIC,,,,
ED4300F52FD5,CENTRE_KIC_CHANDI_E9810B553D,KIC,Chandigarh,Chandigarh,SPORT_KABADDI,Kabaddi,Kabaddi,KIC,,,,
D73940752130,CENTRE_KIC_CHANDI_E9810B553D,KIC,Chandigarh,Chandigarh,SPORT_AQUATICS,Aquatics,Swimming,KIC,,,,
0FA43FF0982D,CENTRE_KIC_CHANDI_E9810B553D,KIC,Chandigarh,Chandigarh,SPORT_VOLLEYBALL,Volleyball,Volleyball,KIC,,,,
883CC5F8B182,CENTRE_KIC_CHANDI_0B608593FF,KIC,Chandigarh,Chandigarh,SPORT_VOLLEYBALL,Volleyball,Volleyball,KIC,New,,,
613D639CF91A,CENTRE_KIC_CHHATT_AEB91E687B,KIC,Chhattisgarh,Balod,SPORT_WEIGHTLIFTING,Weightlifting,Weightlifting,KIC,New,,,
DA08B09DCD18,CENTRE_KIC_CHHATT_41DF94837A,KIC,Chhattisgarh,Baloda Bazar,SPORT_FOOTBALL,Football,Football,KIC,New,,,
E2F317095AFA,CENTRE_KIC_CHHATT_FA12419D0A,KIC,Chhattisgarh,Balrampur,SPORT_FOOTBALL,Football,Football,KIC,New,,,
0CB2D06948D9,CENTRE_KIC_CHHATT_601DEF2B66,KIC,Chhattisgarh,Bametara,SPORT_KABADDI,Kabaddi,Kabaddi,KIC,New,,,
6DA6BC3844FB,CENTRE_KIC_CHHATT_C2B54DEFC7,KIC,Chhattisgarh,Bastar,SPORT_HOCKEY,Hockey,Hockey,KIC,New,,,
827129F91855,CENTRE_KIC_CHHATT_F0C65EF16A,KIC,Chhattisgarh,Bijapur,SPORT_ARCHERY,Archery,Archery,KIC,New,,,
B3597BFAC0B5,CENTRE_KIC_CHHATT_422955AE8D,KIC,Chhattisgarh,Bilaspur,SPORT_ARCHERY,Archery,Archery,KIC,New,,,
4DFEF823FBDD,CENTRE_KIC_CHHATT_7608FD6E17,KIC,Chhattisgarh,Dakshin Bastar Dantewada,SPORT_ARCHERY,Archery,Archery,KIC,New,,,
716E03E1C990,CENTRE_KIC_CHHATT_44B7D2527D,KIC,Chhattisgarh,Dhamtari,SPORT_WRESTLING,Wrestling,Wrestling,KIC,New,,,
4ACBBDDCFB48,CENTRE_KIC_CHHATT_B49401CC35,KIC,Chhattisgarh,Durg,SPORT_KABADDI,Kabaddi,Kabaddi,KIC,New,,,
58BF10FB7ED0,CENTRE_KIC_CHHATT_D0BF3FBF09,KIC,Chhattisgarh,Gariaband,SPORT_VOLLEYBALL,Volleyball,Volleyball,KIC,New,,,
0D6E15606C07,CENTRE_KIC_CHHATT_CE53B57749,KIC,Chhattisgarh,Gaurela-Pendra-Marwahi,SPORT_KABADDI,Kabaddi,Kabaddi,KIC,New,,,
04C2386F323B,CENTRE_KIC_CHHATT_132ED66C71,KIC,Chhattisgarh,Janjgir - Champa,SPORT_HOCKEY,Hockey,Hockey,KIC,New,,,
27C6122EA0A5,CENTRE_KIC_CHHATT_C829F12927,KIC,Chhattisgarh,Jashpur,SPORT_HOCKEY,Hockey,Hockey,KIC,New,,,
218EA93B0493,CENTRE_KIC_CHHATT_27F1B30E76,KIC,Chhattisgarh,Kabirdham,SPORT_KABADDI,Kabaddi,Kabaddi,KIC,New,,,
C2807DE5B21B,CENTRE_KIC_CHHATT_C3ECB33FA3,KIC,Chhattisgarh,Khairgarh-Chuikhadan-Gandai,SPORT_FOOTBALL,Football,Football,KIC,New,,,
FF01EA04DA82,CENTRE_KIC_CHHATT_AD352AEFB1,KIC,Chhattisgarh,Kondagaon,SPORT_ARCHERY,Archery,Archery,KIC,New,,,
4933839CF0F0,CENTRE_KIC_CHHATT_8F690C2A10,KIC,Chhattisgarh,Korba,SPORT_FOOTBALL,Football,Football,KIC,New,,,
5F5345623B59,CENTRE_KIC_CHHATT_D082A1381D,KIC,Chhattisgarh,Korea,SPORT_BADMINTON,Badminton,Badminton,KIC,New,,,
3B0316C569D6,CENTRE_KIC_CHHATT_741997E561,KIC,Chhattisgarh,Mahasamund,SPORT_ARCHERY,Archery,Archery,KIC,New,,,
0241C919E6D3,CENTRE_KIC_CHHATT_39B408E322,KIC,Chhattisgarh,Manendragarh-Chirmiri-Bharatpur,SPORT_KABADDI,Kabaddi,Kabaddi,KIC,New,,,
A022B809ED2B,CENTRE_KIC_CHHATT_F5852F889D,KIC,Chhattisgarh,Mohla-Manpur-Ambagarh,SPORT_FOOTBALL,Football,Football,KIC,New,,,
8A084DB6A9FA,CENTRE_KIC_CHHATT_E962EE4D43,KIC,Chhattisgarh,Mungeli,SPORT_FOOTBALL,Football,Football,KIC,New,,,
3F604A5FB1E9,CENTRE_KIC_CHHATT_EBA9A5E7E3,KIC,Chhattisgarh,Narayanpur,SPORT_MALLAKHAMB,Mallakhamb,Mallakhamb,KIC,New,,,
7CE93B26636B,CENTRE_KIC_CHHATT_52BEF1755D,KIC,Chhattisgarh,Raigarh,SPORT_BADMINTON,Badminton,Badminton,KIC,New,,,
2184FC016042,CENTRE_KIC_CHHATT_1A84CDA5D2,KIC,Chhattisgarh,Raipur,SPORT_WEIGHTLIFTING,Weightlifting,Weightlifting,KIC,New,,,
EDE3463FB21D,CENTRE_KIC_CHHATT_20F8620361,KIC,Chhattisgarh,Rajnandgaon,SPORT_HOCKEY,Hockey,Hockey,KIC,New,,,
2C3F91BFB1F8,CENTRE_KIC_CHHATT_7C1330A45B,KIC,Chhattisgarh,Sakti,SPORT_FOOTBALL,Football,Football,KIC,New,,,
20FF89350722,CENTRE_KIC_CHHATT_A95E87EB87,KIC,Chhattisgarh,Sarangarh-Bilaigarh,SPORT_FOOTBALL,Football,Football,KIC,New,,,
A799E86C6CDA,CENTRE_KIC_CHHATT_0BAE024649,KIC,Chhattisgarh,Sukma,SPORT_FOOTBALL,Football,Football,KIC,New,,,
2BAA09A5B000,CENTRE_KIC_CHHATT_DD5BFE3706,KIC,Chhattisgarh,Surajpur,SPORT_FOOTBALL,Football,Football,KIC,New,,,
C91FA246890C,CENTRE_KIC_CHHATT_286AC4E4F2,KIC,Chhattisgarh,Surguja,SPORT_FOOTBALL,Football,Football,KIC,New,,,
ED50939E5DB3,CENTRE_KIC_CHHATT_DB8374E1B7,KIC,Chhattisgarh,Uttar Bastar Kanker,SPORT_KHO_KHO,Kho Kho,Kho Kho,KIC,New,,,
841C1CAD518A,CENTRE_KIC_DADRA__B31D1B5869,KIC,Dadra and Nagar Haveli and Daman and Diu,Dadra and Nagar Haveli,SPORT_FOOTBALL,Football,Football,KIC,New,,,
2EFF80966F62,CENTRE_KIC_DADRA__A5D0DBD164,KIC,Dadra and Nagar Haveli and Daman and Diu,Daman,SPORT_VOLLEYBALL,Volleyball,Volleyball,KIC,New,,,
4DCFB47E47A2,CENTRE_KIC_DADRA__629EA18652,KIC,Dadra and Nagar Haveli and Daman and Diu,Daman,SPORT_BOXING,Boxing,Boxing,KIC,Converted Centre,,,
62E80DEC3ADA,CENTRE_KIC_DADRA__EC94A8AEE6,KIC,Dadra and Nagar Haveli and Daman and Diu,Diu,SPORT_TABLE_TENNIS,Table Tennis,Table Tennis,KIC,New,,,
A77522D9C59D,CENTRE_KIC_DELHI_335D1F9C79,KIC,Delhi,East,SPORT_ATHLETICS,Athletics,Athletics,KIC,New,,,
60EAC6ADFA9C,CENTRE_KIC_DELHI_4DA3A495EA,KIC,Delhi,North,SPORT_FOOTBALL,Football,Football,KIC,New,,,
222DCEEE72C8,CENTRE_KIC_DELHI_A767BFFF67,KIC,Delhi,North,SPORT_HOCKEY,Hockey,Hockey,KIC,Converted Centre,,,
94087B802A61,CENTRE_KIC_DELHI_94804F9BCB,KIC,Delhi,North West,SPORT_ATHLETICS,Athletics,Athletics,KIC,New,,,
75942346BA62,CENTRE_KIC_DELHI_3DF1D34B77,KIC,Delhi,Shahdara,SPORT_GYMNASTICS,Gymnastics,Gymnastics,KIC,New,,,
4513112A8B11,CENTRE_KIC_DELHI_AC37B6D3B2,KIC,Delhi,West,SPORT_BASKETBALL,Basketball,Basketball,KIC,Converted Centre,,,
2FA68CEAC1FD,CENTRE_KIC_DELHI_AECC2EE64C,KIC,Delhi,West,SPORT_TABLE_TENNIS,Table Tennis,Table Tennis,KIC,New,,,
AB02538FF2B2,CENTRE_KIC_DELHI_0FFE532EA9,KIC,Delhi,Central Delhi,SPORT_BASKETBALL,Basketball,Basketball,KIC,New,,,
E914F079B11A,CENTRE_KIC_DELHI_8066833C38,KIC,Delhi,New Delhi,SPORT_JUDO,Judo,Judo,KIC,New,,,
31023C32787E,CENTRE_KIC_DELHI_D908E9233E,KIC,Delhi,North East,SPORT_YOGASANA,Yogasana,Yoga,KIC,New,,,
92F91A8EC061,CENTRE_KIC_DELHI_DC231B92AE,KIC,Delhi,South,SPORT_BOXING,Boxing,Boxing,KIC,New,,,
5F615606A55C,CENTRE_KIC_DELHI_479AB22AA7,KIC,Delhi,South East,SPORT_FOOTBALL,Football,Football,KIC,New,,,
3DA50EC3B3DE,CENTRE_KIC_DELHI_25B57A4392,KIC,Delhi,South East Delhi,SPORT_MALLAKHAMB,Mallakhamb,Mallakhamb,KIC,New,,,
29306A203748,CENTRE_KIC_GOA_C8456FC220,KIC,Goa,North Goa,SPORT_HOCKEY,Hockey,Hockey,KIC,New,,,
C51EA531D9F6,CENTRE_KIC_GOA_793A5A57F8,KIC,Goa,South Goa,SPORT_FOOTBALL,Football,Football,KIC,New,,,
62181088F7A0,CENTRE_KIC_GUJARA_A9F4E64B7F,KIC,Gujarat,Ahmadabad,SPORT_BOXING,Boxing,Boxing,KIC,New,,,
1285733936B4,CENTRE_KIC_GUJARA_427B82311A,KIC,Gujarat,Amreli,SPORT_HOCKEY,Hockey,Hockey,KIC,New,,,
E52412E83C8C,CENTRE_KIC_GUJARA_11ED54AA8D,KIC,Gujarat,Anand,SPORT_KHO_KHO,Kho Kho,Kho Kho,KIC,New,,,
4FB41C492094,CENTRE_KIC_GUJARA_ACEFBA5AB4,KIC,Gujarat,Aravalli,SPORT_ATHLETICS,Athletics,Athletics,KIC,New,,,
02EE92DDE14E,CENTRE_KIC_GUJARA_71FA1538CF,KIC,Gujarat,Banas Kantha,SPORT_HOCKEY,Hockey,Hockey,KIC,New,,,
B90B7779F35A,CENTRE_KIC_GUJARA_673AE9154E,KIC,Gujarat,Bharuch,SPORT_FOOTBALL,Football,Football,KIC,New,,,
1E264F01EC56,CENTRE_KIC_GUJARA_50AA844976,KIC,Gujarat,Bhavnagar,SPORT_FOOTBALL,Football,Football,KIC,New,,,
7C2379629ACC,CENTRE_KIC_GUJARA_BF62972C7B,KIC,Gujarat,Bhavnagar,SPORT_TABLE_TENNIS,Table Tennis,Table Tennis,KIC,New,,,
3384DCF9F822,CENTRE_KIC_GUJARA_58E0B99346,KIC,Gujarat,Botad,SPORT_KHO_KHO,Kho Kho,Kho Kho,KIC,New,,,
43FFD9D1FEE5,CENTRE_KIC_GUJARA_DBC1953B68,KIC,Gujarat,Chhota Udepur,SPORT_ARCHERY,Archery,Archery,KIC,New,,,
F513E2CF9A5E,CENTRE_KIC_GUJARA_EDD8B162BF,KIC,Gujarat,Dahod,SPORT_HOCKEY,Hockey,Hockey,KIC,New,,,
5126AD8FBCFD,CENTRE_KIC_GUJARA_67F65F54DD,KIC,Gujarat,Devbhumi Dwarka,SPORT_KABADDI,Kabaddi,Kabaddi,KIC,New,,,
EF3BF7C1979D,CENTRE_KIC_GUJARA_AD2A368722,KIC,Gujarat,Gandhinagar,SPORT_TENNIS,Tennis,Tennis,KIC,New,,,
93E4F06468DA,CENTRE_KIC_GUJARA_86624334A6,KIC,Gujarat,Gir Somnath,SPORT_WRESTLING,Wrestling,Wrestling,KIC,New,,,
857CBECA9456,CENTRE_KIC_GUJARA_04ADC39634,KIC,Gujarat,Jamnagar,SPORT_HOCKEY,Hockey,Hockey,KIC,New,,,
3A80C6CABD23,CENTRE_KIC_GUJARA_A040A2F77C,KIC,Gujarat,Junagadh,SPORT_ATHLETICS,Athletics,Athletics,KIC,New,,,
270BE635836B,CENTRE_KIC_GUJARA_5E0C672219,KIC,Gujarat,Kachchh,SPORT_ATHLETICS,Athletics,Athletics,KIC,New,,,
031687AD2A44,CENTRE_KIC_GUJARA_519CDE4EF4,KIC,Gujarat,Kheda,SPORT_SHOOTING,Shooting,Shooting,KIC,New,,,
F16603B0B128,CENTRE_KIC_GUJARA_41E8297411,KIC,Gujarat,Mahisagar,SPORT_KABADDI,Kabaddi,Kabaddi,KIC,New,,,
4500F955E4A3,CENTRE_KIC_GUJARA_E3BB6AD96B,KIC,Gujarat,Mehsana,SPORT_BASKETBALL,Basketball,Basketball,KIC,New,,,
8F9BEA0BF37D,CENTRE_KIC_GUJARA_1AB3E64087,KIC,Gujarat,Morbi,SPORT_HOCKEY,Hockey,Hockey,KIC,New,,,
908CE48B46CF,CENTRE_KIC_GUJARA_E120AFE097,KIC,Gujarat,Narmada,SPORT_KHO_KHO,Kho Kho,Kho Kho,KIC,New,,,
FD63734495FA,CENTRE_KIC_GUJARA_6B423EB2AD,KIC,Gujarat,Navsari,SPORT_BOXING,Boxing,Boxing,KIC,New,,,
325D87F67B7C,CENTRE_KIC_GUJARA_9EC4988B62,KIC,Gujarat,Panchmahal,SPORT_FOOTBALL,Football,Football,KIC,New,,,
332166FA1DF8,CENTRE_KIC_GUJARA_C24528EBF2,KIC,Gujarat,Patan,SPORT_TENNIS,Tennis,Tennis,KIC,New,,,
063004C9CBA3,CENTRE_KIC_GUJARA_83E664D81B,KIC,Gujarat,Porbandar,SPORT_ARCHERY,Archery,Archery,KIC,New,,,
1C3192E381DC,CENTRE_KIC_GUJARA_C7CF8B0CAE,KIC,Gujarat,Rajkot,SPORT_BASKETBALL,Basketball,Basketball,KIC,New,,,
78B994D30123,CENTRE_KIC_GUJARA_01235F094F,KIC,Gujarat,Sabar Kantha,SPORT_FENCING,Fencing,Fencing,KIC,New,,,
2F5137C1CE72,CENTRE_KIC_GUJARA_7124778C2D,KIC,Gujarat,Surat,SPORT_SHOOTING,Shooting,Shooting,KIC,New,,,
3BFCB980D325,CENTRE_KIC_GUJARA_BC8C9E424C,KIC,Gujarat,Surendranagar,SPORT_KHO_KHO,Kho Kho,Kho Kho,KIC,New,,,
F8F0C721F1F8,CENTRE_KIC_GUJARA_E4B8CC349F,KIC,Gujarat,Tapi,SPORT_KHO_KHO,Kho Kho,Kho Kho,KIC,New,,,
75835A8CCD06,CENTRE_KIC_GUJARA_A0B1E3E7A6,KIC,Gujarat,Dangs,SPORT_HOCKEY,Hockey,Hockey,KIC,New,,,
475E8DC8BAF7,CENTRE_KIC_GUJARA_5028564070,KIC,Gujarat,Vadodara,SPORT_FOOTBALL,Football,Football,KIC,New,,,
8DF0BCB56E11,CENTRE_KIC_GUJARA_355F93DD40,KIC,Gujarat,Valsad,SPORT_HOCKEY,Hockey,Hockey,KIC,New,,,
F100D098D8AF,CENTRE_KIC_HARYAN_BB42CF7792,KIC,Haryana,Ambala,SPORT_ATHLETICS,Athletics,Athletics,KIC,New,,,
7A47F3E0220E,CENTRE_KIC_HARYAN_3526F2F3D4,KIC,Haryana,Bhiwani,SPORT_FOOTBALL,Football,Football,KIC,New,,,
8834EF9E8235,CENTRE_KIC_HARYAN_6878CD107B,KIC,Haryana,Charki Dadri,SPORT_BOXING,Boxing,Boxing,KIC,New,,,
F8C0B2C421DE,CENTRE_KIC_HARYAN_F16A47B614,KIC,Haryana,Faridabad,SPORT_FOOTBALL,Football,Football,KIC,New,,,
9F2AB381F6C2,CENTRE_KIC_HARYAN_10286E4418,KIC,Haryana,Fatehabad,SPORT_ATHLETICS,Athletics,Athletics,KIC,New,,,
0091C7377016,CENTRE_KIC_HARYAN_510D79054F,KIC,Haryana,Hisar,SPORT_RUGBY,Rugby,Rugby,KIC,New,,,
253AF502DADC,CENTRE_KIC_HARYAN_405A2C416F,KIC,Haryana,Jhajjar,SPORT_WRESTLING,Wrestling,Wrestling,KIC,New,,,
B8164523D9DF,CENTRE_KIC_HARYAN_5C5B75A873,KIC,Haryana,Jind,SPORT_ATHLETICS,Athletics,Athletics,KIC,New,,,
C554C63FE7D9,CENTRE_KIC_HARYAN_537E23011B,KIC,Haryana,Kaithal,SPORT_KABADDI,Kabaddi,Kabaddi,KIC,New,,,
2A941C2299E1,CENTRE_KIC_HARYAN_E20E3FB48C,KIC,Haryana,Karnal,SPORT_KABADDI,Kabaddi,Kabaddi,KIC,Converted Centre,,,
66BC245FF5FB,CENTRE_KIC_HARYAN_61A8A50A8C,KIC,Haryana,Kurukshetra,SPORT_HOCKEY,Hockey,Hockey,KIC,Converted Centre,,,
1AE04726C9FD,CENTRE_KIC_HARYAN_1609311F39,KIC,Haryana,Kurukshetra,SPORT_WEIGHTLIFTING,Weightlifting,Weightlifting,KIC,Converted Centre,,,
5BE15F755A6D,CENTRE_KIC_HARYAN_5634C4CB0C,KIC,Haryana,Kurukshetra,SPORT_HOCKEY,Hockey,Hockey,KIC,Converted Centre,,,
A9EEF3090F88,CENTRE_KIC_HARYAN_D032FEEAA4,KIC,Haryana,Kurukshetra,SPORT_HOCKEY,Hockey,Hockey,KIC,New,,,
33B94DA2A8AA,CENTRE_KIC_HARYAN_A1D72AB505,KIC,Haryana,Palwal,SPORT_WEIGHTLIFTING,Weightlifting,Weightlifting,KIC,New,,,
D4BC35BDDC4C,CENTRE_KIC_HARYAN_CFA69FB438,KIC,Haryana,Panchkula,SPORT_TAEKWONDO,Taekwondo,Taekwondo,KIC,New,,,
B0303CEA747A,CENTRE_KIC_HARYAN_008D877F0C,KIC,Haryana,Panipat,SPORT_WUSHU,Wushu,Wushu,KIC,New,,,
8605E12349B5,CENTRE_KIC_HARYAN_E7D6EFBF86,KIC,Haryana,Rewari,SPORT_SHOOTING,Shooting,Shooting,KIC,New,,,
1527FA6F9E62,CENTRE_KIC_HARYAN_D96C05317A,KIC,Haryana,Rohtak,SPORT_BOXING,Boxing,Boxing,KIC,New,,,
E103E6C7464C,CENTRE_KIC_HARYAN_3E5E9D5739,KIC,Haryana,Sonipat,SPORT_BOXING,Boxing,Boxing,KIC,Converted Centre,,,
69A33E3A6364,CENTRE_KIC_HARYAN_3E5E9D5739,KIC,Haryana,Sonipat,SPORT_JUDO,Judo,Judo,KIC,Converted Centre,,,
15EBB4AA1804,CENTRE_KIC_HARYAN_3E5E9D5739,KIC,Haryana,Sonipat,SPORT_KABADDI,Kabaddi,Kabaddi,KIC,Converted Centre,,,
8E80AA252658,CENTRE_KIC_HARYAN_3E5E9D5739,KIC,Haryana,Sonipat,SPORT_WRESTLING,Wrestling,Wrestling,KIC,Converted Centre,,,
05FF130D98FA,CENTRE_KIC_HARYAN_3E5E9D5739,KIC,Haryana,Sonipat,SPORT_WUSHU,Wushu,Wushu,KIC,Converted Centre,,,
D3239EABC108,CENTRE_KIC_HARYAN_12AA470428,KIC,Haryana,Sonipat,SPORT_WRESTLING,Wrestling,Wrestling,KIC,New,,,
7892C5BFB2C9,CENTRE_KIC_HARYAN_0FFBCDDA90,KIC,Haryana,Yamunanagar,SPORT_SHOOTING,Shooting,Shooting,KIC,New,,,
8D3F3BF5D4E5,CENTRE_KIC_HIMACH_504F93CBC3,KIC,Himachal Pradesh,Bilaspur,SPORT_KABADDI,Kabaddi,Kabaddi,KIC,New,,,
5E205DFCF631,CENTRE_KIC_HIMACH_4CD1571EB0,KIC,Himachal Pradesh,Chamba,SPORT_KABADDI,Kabaddi,Kabaddi,KIC,New,,,
C502808BB6D2,CENTRE_KIC_HIMACH_F0AF79A5EA,KIC,Himachal Pradesh,Hamirpur,SPORT_ATHLETICS,Athletics,Athletics,KIC,New,,,
0A6830FF6227,CENTRE_KIC_HIMACH_B2282D3095,KIC,Himachal Pradesh,Hamirpur,SPORT_SHOOTING,Shooting,Shooting,KIC,New,,,
2BDDF55CDB96,CENTRE_KIC_HIMACH_C2AD273324,KIC,Himachal Pradesh,Kangra,SPORT_BADMINTON,Badminton,Badminton,KIC,Converted Centre,,,
E7957A18B2C2,CENTRE_KIC_HIMACH_439F155115,KIC,Himachal Pradesh,Kangra,SPORT_ATHLETICS,Athletics,Athletics,KIC,New,,,
D79E61A5C38B,CENTRE_KIC_HIMACH_4C59D12BB1,KIC,Himachal Pradesh,Kinnaur,SPORT_BOXING,Boxing,Boxing,KIC,New,,,
FD6FFBD8C6B5,CENTRE_KIC_HIMACH_1273E64544,KIC,Himachal Pradesh,Kullu,SPORT_VOLLEYBALL,Volleyball,Volleyball,KIC,New,,,
E3C6108D07DB,CENTRE_KIC_HIMACH_09242C895A,KIC,Himachal Pradesh,Lahul & Spiti,SPORT_ARCHERY,Archery,Archery,KIC,New,,,
E4CF3D033CF2,CENTRE_KIC_HIMACH_267440C498,KIC,Himachal Pradesh,Mandi,SPORT_FOOTBALL,Football,Football,KIC,New,,,
A9F50EBF37E9,CENTRE_KIC_HIMACH_6C9A28B34C,KIC,Himachal Pradesh,Mandi,SPORT_BOXING,Boxing,Boxing,KIC,Converted Centre,,,
237F7643A66A,CENTRE_KIC_HIMACH_A829AC178C,KIC,Himachal Pradesh,Mandi,SPORT_KABADDI,Kabaddi,Kabaddi,KIC,Converted Centre,,,
074F89EC871D,CENTRE_KIC_HIMACH_9035AE2034,KIC,Himachal Pradesh,Mandi,SPORT_VOLLEYBALL,Volleyball,Volleyball,KIC,New,,,
F58DFE4DB061,CENTRE_KIC_HIMACH_A4295D5679,KIC,Himachal Pradesh,Shimla,SPORT_BOXING,Boxing,Boxing,KIC,New,,,
A729E5A572F5,CENTRE_KIC_HIMACH_0307187F2A,KIC,Himachal Pradesh,Shimla,SPORT_BOXING,Boxing,Boxing,KIC,New,,,
6E75223FAB04,CENTRE_KIC_HIMACH_911BF4EC62,KIC,Himachal Pradesh,Sirmaur,SPORT_FOOTBALL,Football,Football,KIC,New,,,
097E91ECF954,CENTRE_KIC_HIMACH_21E497DCD8,KIC,Himachal Pradesh,Solan,SPORT_KABADDI,Kabaddi,Kabaddi,KIC,New,,,
4C1E4C63CBB7,CENTRE_KIC_HIMACH_A8DFF71D27,KIC,Himachal Pradesh,Una,SPORT_HOCKEY,Hockey,Hockey,KIC,New,,,
2425E4F6D9ED,CENTRE_KIC_JAMMU__459FFC1FC5,KIC,Jammu & Kashmir,Anantnag,SPORT_FOOTBALL,Football,Football,KIC,New,,,
DDE3A0E956E8,CENTRE_KIC_JAMMU__B1463CA83D,KIC,Jammu & Kashmir,Anantnag,SPORT_YOGASANA,Yogasana,Yogasana,KIC,New,,,
689520D40028,CENTRE_KIC_JAMMU__8DA593A187,KIC,Jammu & Kashmir,Anantnag,SPORT_VOLLEYBALL,Volleyball,Volleyball,KIC,New,,,
E740D1C8AA41,CENTRE_KIC_JAMMU__21B6E1A721,KIC,Jammu & Kashmir,Anantnag,SPORT_KHO_KHO,Kho Kho,Kho Kho,KIC,New,,,
C2FEB4C0F580,CENTRE_KIC_JAMMU__2FC1BB2759,KIC,Jammu & Kashmir,Anantnag,SPORT_WRESTLING,Wrestling,Wrestling,KIC,New,,,
63A901A3D7C4,CENTRE_KIC_JAMMU__60D772FE50,KIC,Jammu & Kashmir,Badgam,SPORT_PENCAK_SILAT,Pencak Silat,Pencak Silat,KIC,New,,,
1215125B74CA,CENTRE_KIC_JAMMU__1E83822C60,KIC,Jammu & Kashmir,Badgam,SPORT_WUSHU,Wushu,Wushu,KIC,New,,,
737F3DC32D2C,CENTRE_KIC_JAMMU__259B8DF16D,KIC,Jammu & Kashmir,Badgam,SPORT_CYCLING,Cycling,Cycling,KIC,New,,,
173C6EA1EC9C,CENTRE_KIC_JAMMU__7719C8921E,KIC,Jammu & Kashmir,Badgam,SPORT_KABADDI,Kabaddi,Kabaddi,KIC,New,,,
72BE3EFBE672,CENTRE_KIC_JAMMU__9022846F45,KIC,Jammu & Kashmir,Badgam,SPORT_FOOTBALL,Football,Football,KIC,New,,,
7ABE587A3603,CENTRE_KIC_JAMMU__05828D2AE5,KIC,Jammu & Kashmir,Bandipore,SPORT_KABADDI,Kabaddi,Kabaddi,KIC,New,,,
C713549EA8C6,CENTRE_KIC_JAMMU__6F3D57EE0A,KIC,Jammu & Kashmir,Bandipore,SPORT_BOXING,Boxing,Boxing,KIC,New,,,
C49BFDB67CA9,CENTRE_KIC_JAMMU__C2BEE4403E,KIC,Jammu & Kashmir,Bandipore,SPORT_FOOTBALL,Football,Football,KIC,New,,,
E728F8E51951,CENTRE_KIC_JAMMU__34EAA89466,KIC,Jammu & Kashmir,Bandipore,SPORT_RUGBY,Rugby,Rugby,KIC,New,,,
4A1F080E8315,CENTRE_KIC_JAMMU__6C98F0151F,KIC,Jammu & Kashmir,Bandipore,SPORT_HOCKEY,Hockey,Hockey,KIC,New,,,
B0B614E08AA9,CENTRE_KIC_JAMMU__9D26E3CB76,KIC,Jammu & Kashmir,Baramula,SPORT_TABLE_TENNIS,Table Tennis,Table Tennis,KIC,New,,,
C42EA60ACE70,CENTRE_KIC_JAMMU__CCEE4F99CB,KIC,Jammu & Kashmir,Baramula,SPORT_BADMINTON,Badminton,Badminton,KIC,New,,,
832310F3DD4A,CENTRE_KIC_JAMMU__73E06E3068,KIC,Jammu & Kashmir,Baramula,SPORT_HANDBALL,Handball,Handball,KIC,New,,,
D236D0151E4C,CENTRE_KIC_JAMMU__557DB01184,KIC,Jammu & Kashmir,Baramula,SPORT_HOCKEY,Hockey,Hockey,KIC,New,,,
1CCBE5045C56,CENTRE_KIC_JAMMU__0FE1205BCF,KIC,Jammu & Kashmir,Baramula,SPORT_VOLLEYBALL,Volleyball,Volleyball,KIC,New,,,
A786CD87F1A1,CENTRE_KIC_JAMMU__CB4B06CA86,KIC,Jammu & Kashmir,Doda,SPORT_KABADDI,Kabaddi,Kabaddi,KIC,New,,,
FFDC48063D48,CENTRE_KIC_JAMMU__1902208416,KIC,Jammu & Kashmir,Doda,SPORT_PENCAK_SILAT,Pencak Silat,Pencak Silat,KIC,New,,,
41B6489EAF36,CENTRE_KIC_JAMMU__39318FDA3C,KIC,Jammu & Kashmir,Doda,SPORT_KHO_KHO,Kho Kho,Kho Kho,KIC,New,,,
41870C20ED14,CENTRE_KIC_JAMMU__8C63D89CB7,KIC,Jammu & Kashmir,Doda,SPORT_TABLE_TENNIS,Table Tennis,Table Tennis,KIC,New,,,
5F8D29237C92,CENTRE_KIC_JAMMU__26A8082EF6,KIC,Jammu & Kashmir,Doda,SPORT_FOOTBALL,Football,Football,KIC,New,,,
BEC4AC41C632,CENTRE_KIC_JAMMU__C47D2BDB5A,KIC,Jammu & Kashmir,Ganderbal,SPORT_BADMINTON,Badminton,Badminton,KIC,New,,,
7DD0884840F3,CENTRE_KIC_JAMMU__1BD67C3687,KIC,Jammu & Kashmir,Ganderbal,SPORT_JUDO,Judo,Judo,KIC,New,,,
4D73DAC0A858,CENTRE_KIC_JAMMU__5951D342E8,KIC,Jammu & Kashmir,Ganderbal,SPORT_FOOTBALL,Football,Football,KIC,New,,,
83FCA79E411A,CENTRE_KIC_JAMMU__87D58B7E96,KIC,Jammu & Kashmir,Ganderbal,SPORT_THANG_TA,Thang-Ta,Thang-Ta,KIC,New,,,
A67A947C6661,CENTRE_KIC_JAMMU__6932FD907B,KIC,Jammu & Kashmir,Ganderbal,SPORT_VOLLEYBALL,Volleyball,Volleyball,KIC,New,,,
7CB98D112E63,CENTRE_KIC_JAMMU__BBA3AA86A2,KIC,Jammu & Kashmir,Jammu,SPORT_WUSHU,Wushu,Wushu,KIC,New,,,
AFD160AA0DAF,CENTRE_KIC_JAMMU__4C0DAD456F,KIC,Jammu & Kashmir,Jammu,SPORT_HOCKEY,Hockey,Hockey,KIC,New,,,
9BC7C57029B6,CENTRE_KIC_JAMMU__83FB0AA872,KIC,Jammu & Kashmir,Jammu,SPORT_TABLE_TENNIS,Table Tennis,Table Tennis,KIC,New,,,
A1DF27E91FEF,CENTRE_KIC_JAMMU__B6B7FF68C4,KIC,Jammu & Kashmir,Jammu,SPORT_BADMINTON,Badminton,Badminton,KIC,New,,,
6CEBE370DAEC,CENTRE_KIC_JAMMU__FD62530598,KIC,Jammu & Kashmir,Jammu,SPORT_SOFT_TENNIS,Soft Tennis,Soft Tennis,KIC,New,,,
23AE4BCB4393,CENTRE_KIC_JAMMU__A3EBDD5CF3,KIC,Jammu & Kashmir,Kathua,SPORT_JUDO,Judo,Judo,KIC,New,,,
7B6C9261D1F2,CENTRE_KIC_JAMMU__88A0DDECC7,KIC,Jammu & Kashmir,Kathua,SPORT_TAEKWONDO,Taekwondo,Taekwondo,KIC,New,,,
DA0421CAF063,CENTRE_KIC_JAMMU__5319BAC12B,KIC,Jammu & Kashmir,Kathua,SPORT_FOOTBALL,Football,Football,KIC,New,,,
6D6AE67FA943,CENTRE_KIC_JAMMU__4CD2662FE2,KIC,Jammu & Kashmir,Kathua,SPORT_HOCKEY,Hockey,Hockey,KIC,New,,,
FC6CD2AB4CE3,CENTRE_KIC_JAMMU__C68274ECB5,KIC,Jammu & Kashmir,Kathua,SPORT_ROWING,Rowing,Rowing,KIC,New,,,
49B713E74021,CENTRE_KIC_JAMMU__8712A612C1,KIC,Jammu & Kashmir,Kishtwar,SPORT_YOGASANA,Yogasana,Yoga,KIC,New,,,
9A816C89BC5A,CENTRE_KIC_JAMMU__11C8F9B3E4,KIC,Jammu & Kashmir,Kishtwar,SPORT_THANG_TA,Thang-Ta,Thang-Ta,KIC,New,,,
BF4110A1C55A,CENTRE_KIC_JAMMU__C18A048ADF,KIC,Jammu & Kashmir,Kishtwar,SPORT_VOLLEYBALL,Volleyball,Volleyball,KIC,New,,,
C09C58479445,CENTRE_KIC_JAMMU__870271F6C5,KIC,Jammu & Kashmir,Kishtwar,SPORT_ATHLETICS,Athletics,Athletics,KIC,New,,,
80F136019403,CENTRE_KIC_JAMMU__27E841B9F0,KIC,Jammu & Kashmir,Kishtwar,SPORT_KHO_KHO,Kho Kho,Kho Kho,KIC,New,,,
4971D975B257,CENTRE_KIC_JAMMU__DDA70DFFE0,KIC,Jammu & Kashmir,Kulgam,SPORT_WRESTLING,Wrestling,Wrestling,KIC,New,,,
4B55A56FCF72,CENTRE_KIC_JAMMU__8F940EDD98,KIC,Jammu & Kashmir,Kulgam,SPORT_KARATE,Karate,Karate,KIC,New,,,
B85A3DF3940C,CENTRE_KIC_JAMMU__97153DAB20,KIC,Jammu & Kashmir,Kulgam,SPORT_KHO_KHO,Kho Kho,Kho Kho,KIC,New,,,
3DCF586CCAB8,CENTRE_KIC_JAMMU__5E2EDBA4B1,KIC,Jammu & Kashmir,Kulgam,SPORT_VOLLEYBALL,Volleyball,Volleyball,KIC,New,,,
4243242C59F6,CENTRE_KIC_JAMMU__2FBF961B33,KIC,Jammu & Kashmir,Kulgam,SPORT_KABADDI,Kabaddi,Kabaddi,KIC,New,,,
B3A09340466E,CENTRE_KIC_JAMMU__87D96EE534,KIC,Jammu & Kashmir,Kupwara,SPORT_WUSHU,Wushu,Wushu,KIC,New,,,
7645C7FE398B,CENTRE_KIC_JAMMU__42AD3E54C7,KIC,Jammu & Kashmir,Kupwara,SPORT_KABADDI,Kabaddi,Kabaddi,KIC,New,,,
9D3D9B064B78,CENTRE_KIC_JAMMU__B61D223E0B,KIC,Jammu & Kashmir,Kupwara,SPORT_FOOTBALL,Football,Football,KIC,New,,,
A0E9A7C9E092,CENTRE_KIC_JAMMU__BFC438B069,KIC,Jammu & Kashmir,Kupwara,SPORT_KHO_KHO,Kho Kho,Kho Kho,KIC,New,,,
160357D7336A,CENTRE_KIC_JAMMU__928C80942C,KIC,Jammu & Kashmir,Kupwara,SPORT_HOCKEY,Hockey,Hockey,KIC,New,,,
389FA2FC5E3D,CENTRE_KIC_JAMMU__D2E6AC2D7F,KIC,Jammu & Kashmir,Pulwama,SPORT_TABLE_TENNIS,Table Tennis,Table Tennis,KIC,New,,,
13104890FBB5,CENTRE_KIC_JAMMU__C1C981BB06,KIC,Jammu & Kashmir,Pulwama,SPORT_THANG_TA,Thang-Ta,Thang-Ta,KIC,New,,,
74383F5C7C67,CENTRE_KIC_JAMMU__540401E93B,KIC,Jammu & Kashmir,Pulwama,SPORT_HOCKEY,Hockey,Hockey,KIC,New,,,
F3D932DFE69D,CENTRE_KIC_JAMMU__C519F450A8,KIC,Jammu & Kashmir,Pulwama,SPORT_SKATING,Skating,Skating,KIC,New,,,
0F78FC516977,CENTRE_KIC_JAMMU__D9E02072D6,KIC,Jammu & Kashmir,Pulwama,SPORT_KORFBALL,Korfball,Korfball,KIC,New,,,
4EBB4B2CE4E0,CENTRE_KIC_JAMMU__099ED001D0,KIC,Jammu & Kashmir,Poonch,SPORT_BADMINTON,Badminton,Badminton,KIC,New,,,
9FE8A3F8B9B3,CENTRE_KIC_JAMMU__68B4E4C4EF,KIC,Jammu & Kashmir,Poonch,SPORT_BOXING,Boxing,Boxing,KIC,New,,,
DE6127846435,CENTRE_KIC_JAMMU__645D16ABA3,KIC,Jammu & Kashmir,Poonch,SPORT_FOOTBALL,Football,Football,KIC,New,,,
8079980B35C2,CENTRE_KIC_JAMMU__3C82E89148,KIC,Jammu & Kashmir,Poonch,SPORT_HOCKEY,Hockey,Hockey,KIC,New,,,
6EBB5F7E3136,CENTRE_KIC_JAMMU__5E80F7B145,KIC,Jammu & Kashmir,Poonch,SPORT_VOLLEYBALL,Volleyball,Volleyball,KIC,New,,,
9D74B79540C4,CENTRE_KIC_JAMMU__6FBA7F66D6,KIC,Jammu & Kashmir,Rajouri,SPORT_BOXING,Boxing,Boxing,KIC,New,,,
6748AACB2332,CENTRE_KIC_JAMMU__E0D7FD0DCE,KIC,Jammu & Kashmir,Rajouri,SPORT_TABLE_TENNIS,Table Tennis,Table Tennis,KIC,New,,,
4126F8D2CA4B,CENTRE_KIC_JAMMU__7B63CB0875,KIC,Jammu & Kashmir,Rajouri,SPORT_WRESTLING,Wrestling,Wrestling,KIC,New,,,
3A3D4E6D29E8,CENTRE_KIC_JAMMU__519AFCB076,KIC,Jammu & Kashmir,Rajouri,SPORT_VOLLEYBALL,Volleyball,Volleyball,KIC,New,,,
3A5B3A44A3EB,CENTRE_KIC_JAMMU__96B0F3B5B6,KIC,Jammu & Kashmir,Rajouri,SPORT_ATHLETICS,Athletics,Athletics,KIC,New,,,
AEE4F44ABC9B,CENTRE_KIC_JAMMU__43486D333F,KIC,Jammu & Kashmir,Ramban,SPORT_TAEKWONDO,Taekwondo,Taekwondo,KIC,New,,,
DB02EAF89E37,CENTRE_KIC_JAMMU__ABB9B1E66E,KIC,Jammu & Kashmir,Ramban,SPORT_KABADDI,Kabaddi,Kabaddi,KIC,New,,,
F586FFDD9E48,CENTRE_KIC_JAMMU__200DD8CBEB,KIC,Jammu & Kashmir,Ramban,SPORT_FOOTBALL,Football,Football,KIC,New,,,
84F1F93D1EBC,CENTRE_KIC_JAMMU__712374EE91,KIC,Jammu & Kashmir,Ramban,SPORT_HANDBALL,Handball,Handball,KIC,New,,,
E6977D279593,CENTRE_KIC_JAMMU__0E2C74620B,KIC,Jammu & Kashmir,Ramban,SPORT_VOLLEYBALL,Volleyball,Volleyball,KIC,New,,,
996CC2A0FEC3,CENTRE_KIC_JAMMU__EE10AAE10E,KIC,Jammu & Kashmir,Reasi,SPORT_WRESTLING,Wrestling,Wrestling,KIC,New,,,
2A3E33D1F7FC,CENTRE_KIC_JAMMU__22520C8E5A,KIC,Jammu & Kashmir,Reasi,SPORT_GYMNASTICS,Gymnastics,Gymnastics,KIC,New,,,
F2F44CF0E9CE,CENTRE_KIC_JAMMU__99DA542EB4,KIC,Jammu & Kashmir,Reasi,SPORT_YOGASANA,Yogasana,Yoga,KIC,New,,,
0B7228D3F15F,CENTRE_KIC_JAMMU__118D25EA57,KIC,Jammu & Kashmir,Reasi,SPORT_FOOTBALL,Football,Football,KIC,New,,,
843613F3B856,CENTRE_KIC_JAMMU__5628EC45F2,KIC,Jammu & Kashmir,Reasi,SPORT_ARCHERY,Archery,Archery,KIC,New,,,
9AA3A56592AC,CENTRE_KIC_JAMMU__6825202AF3,KIC,Jammu & Kashmir,Samba,SPORT_TABLE_TENNIS,Table Tennis,Table Tennis,KIC,New,,,
C1EDDA57D11A,CENTRE_KIC_JAMMU__4B75C0C234,KIC,Jammu & Kashmir,Samba,SPORT_BOXING,Boxing,Boxing,KIC,New,,,
60E480A1BB43,CENTRE_KIC_JAMMU__C2405AC7D0,KIC,Jammu & Kashmir,Samba,SPORT_VOLLEYBALL,Volleyball,Volleyball,KIC,New,,,
DD8E718C7EA6,CENTRE_KIC_JAMMU__B3830870CB,KIC,Jammu & Kashmir,Samba,SPORT_WRESTLING,Wrestling,Wrestling,KIC,New,,,
BF341AA7C2E8,CENTRE_KIC_JAMMU__0403567420,KIC,Jammu & Kashmir,Samba,SPORT_KORFBALL,Korfball,Korfball,KIC,New,,,
0BE3B51DEEE2,CENTRE_KIC_JAMMU__5F68B19DA2,KIC,Jammu & Kashmir,Shupiyan,SPORT_WUSHU,Wushu,Wushu,KIC,New,,,
6093C19C332E,CENTRE_KIC_JAMMU__0275BC9AD6,KIC,Jammu & Kashmir,Shupiyan,SPORT_BADMINTON,Badminton,Badminton,KIC,New,,,
FD56C8976052,CENTRE_KIC_JAMMU__CEB3C65431,KIC,Jammu & Kashmir,Shupiyan,SPORT_TAEKWONDO,Taekwondo,Taekwondo,KIC,New,,,
4C979BCB7924,CENTRE_KIC_JAMMU__B9307511B0,KIC,Jammu & Kashmir,Shupiyan,SPORT_VOLLEYBALL,Volleyball,Volleyball,KIC,New,,,
4103664AD0C1,CENTRE_KIC_JAMMU__8ED046DB6C,KIC,Jammu & Kashmir,Shupiyan,SPORT_VOLLEYBALL,Volleyball,Volleyball,KIC,New,,,
3019650A7716,CENTRE_KIC_JAMMU__F4558C6A5C,KIC,Jammu & Kashmir,Srinagar,SPORT_FOOTBALL,Football,Football,KIC,New,,,
4A1AF1B55AD0,CENTRE_KIC_JAMMU__A0D9354F38,KIC,Jammu & Kashmir,Srinagar,SPORT_HOCKEY,Hockey,Hockey,KIC,New,,,
05A7A43939C8,CENTRE_KIC_JAMMU__762D6D8814,KIC,Jammu & Kashmir,Srinagar,SPORT_TAEKWONDO,Taekwondo,Taekwondo,KIC,New,,,
CFF02CF824F8,CENTRE_KIC_JAMMU__7976887B02,KIC,Jammu & Kashmir,Srinagar,SPORT_GYMNASTICS,Gymnastics,Gymnastics,KIC,New,,,
DD9E3659A042,CENTRE_KIC_JAMMU__4780967F92,KIC,Jammu & Kashmir,Srinagar,SPORT_BASKETBALL,Basketball,Basketball,KIC,New,,,
EDF05DD85E18,CENTRE_KIC_JAMMU__FFF8F4E624,KIC,Jammu & Kashmir,Udhampur,SPORT_TABLE_TENNIS,Table Tennis,Table Tennis,KIC,New,,,
102D94C538ED,CENTRE_KIC_JAMMU__7E4F44A167,KIC,Jammu & Kashmir,Udhampur,SPORT_TABLE_TENNIS,Table Tennis,Table Tennis,KIC,New,,,
541F8851F70F,CENTRE_KIC_JAMMU__D976BC5604,KIC,Jammu & Kashmir,Udhampur,SPORT_BASKETBALL,Basketball,Basketball,KIC,New,,,
0DD350A41C98,CENTRE_KIC_JAMMU__7AB1ECF764,KIC,Jammu & Kashmir,Udhampur,SPORT_HANDBALL,Handball,Handball,KIC,New,,,
D594CB2D495C,CENTRE_KIC_JAMMU__599448F79E,KIC,Jammu & Kashmir,Udhampur,SPORT_FOOTBALL,Football,Football,KIC,New,,,
7D0B91D71260,CENTRE_KIC_JHARKH_63A1C21699,KIC,Jharkhand,Bokaro,SPORT_ARCHERY,Archery,Archery,KIC,New,,,
45E85D3AEFEC,CENTRE_KIC_JHARKH_6D7D32E623,KIC,Jharkhand,Chatra,SPORT_FOOTBALL,Football,Football,KIC,New,,,
BD5555425050,CENTRE_KIC_JHARKH_9D067C3227,KIC,Jharkhand,Deoghar,SPORT_ATHLETICS,Athletics,Athletics,KIC,New,,,
0ED997CBD24B,CENTRE_KIC_JHARKH_225B88CD56,KIC,Jharkhand,Dhanbad,SPORT_FOOTBALL,Football,Football,KIC,New,,,
BAE7C1E6D612,CENTRE_KIC_JHARKH_0BF193C832,KIC,Jharkhand,Dumka,SPORT_FOOTBALL,Football,Football,KIC,New,,,
C9B53CFF928C,CENTRE_KIC_JHARKH_D2AA8D571F,KIC,Jharkhand,Garhwa,SPORT_ATHLETICS,Athletics,Athletics,KIC,New,,,
78F561957C21,CENTRE_KIC_JHARKH_665BD7B6A5,KIC,Jharkhand,Giridih,SPORT_FOOTBALL,Football,Football,KIC,New,,,
98DFBD511809,CENTRE_KIC_JHARKH_BF69DA9EFC,KIC,Jharkhand,Godda,SPORT_ARCHERY,Archery,Archery,KIC,New,,,
44FE4A708040,CENTRE_KIC_JHARKH_54BCA1EF2B,KIC,Jharkhand,Gumla,SPORT_ATHLETICS,Athletics,Athletics,KIC,New,,,
1F25BCD6035E,CENTRE_KIC_JHARKH_7EB7BECA24,KIC,Jharkhand,Hazaribagh,SPORT_ARCHERY,Archery,Archery,KIC,New,,,
EF2F39BAB0C6,CENTRE_KIC_JHARKH_F5E89053A1,KIC,Jharkhand,Jamtara,SPORT_BADMINTON,Badminton,Badminton,KIC,New,,,
AC8C12A26DF2,CENTRE_KIC_JHARKH_D8AF3F0A90,KIC,Jharkhand,Khunti,SPORT_HOCKEY,Hockey,Hockey,KIC,New,,,
9B45E2781225,CENTRE_KIC_JHARKH_C37D69F035,KIC,Jharkhand,Kodarma,SPORT_ARCHERY,Archery,Archery,KIC,New,,,
4F17B64E19CC,CENTRE_KIC_JHARKH_1AB142CB40,KIC,Jharkhand,Latehar,SPORT_ATHLETICS,Athletics,Athletics,KIC,New,,,
A9BC80AFAE17,CENTRE_KIC_JHARKH_3603C1DA3F,KIC,Jharkhand,Lohardaga,SPORT_FOOTBALL,Football,Football,KIC,New,,,
DE49C57E1F01,CENTRE_KIC_JHARKH_04FE9D380F,KIC,Jharkhand,Pakur,SPORT_ATHLETICS,Athletics,Athletics,KIC,New,,,
58BD5F3FB239,CENTRE_KIC_JHARKH_3E644988BA,KIC,Jharkhand,Palamu,SPORT_ATHLETICS,Athletics,Athletics,KIC,New,,,
DACFECB191D1,CENTRE_KIC_JHARKH_BBA26B44BB,KIC,Jharkhand,Pashchimi Singhbhum,SPORT_ARCHERY,Archery,Archery,KIC,New,,,
B8FC4CF38A81,CENTRE_KIC_JHARKH_694FBB624C,KIC,Jharkhand,Purbi Singhbhum,SPORT_FOOTBALL,Football,Football,KIC,New,,,
3DE55B1CD29F,CENTRE_KIC_JHARKH_52B9CECFB5,KIC,Jharkhand,Ramgarh,SPORT_FOOTBALL,Football,Football,KIC,New,,,
F7CBA48CD837,CENTRE_KIC_JHARKH_977D3F5A71,KIC,Jharkhand,Ranchi,SPORT_FOOTBALL,Football,Football,KIC,New,,,
A74C562F51CC,CENTRE_KIC_JHARKH_C48267A2A6,KIC,Jharkhand,Sahibganj,SPORT_WRESTLING,Wrestling,Wrestling,KIC,New,,,
C4CD908A0C6D,CENTRE_KIC_JHARKH_6DA83D8794,KIC,Jharkhand,Saraikela-kharsawan,SPORT_ARCHERY,Archery,Archery,KIC,New,,,
CED479F41CB4,CENTRE_KIC_JHARKH_071A478D55,KIC,Jharkhand,Simdega,SPORT_ATHLETICS,Athletics,Athletics,KIC,New,,,
D637D97B5267,CENTRE_KIC_KARNAT_1340E8C66E,KIC,Karnataka,Bagalkot,SPORT_CYCLING,Cycling,Cycling,KIC,New,,,
54814FEBF01B,CENTRE_KIC_KARNAT_85B1A4FECA,KIC,Karnataka,Ballari,SPORT_FOOTBALL,Football,Football,KIC,New,,,
43E5E3ADEA5A,CENTRE_KIC_KARNAT_CF64B2515F,KIC,Karnataka,Bangalore,SPORT_BASKETBALL,Basketball,Basketball,KIC,New,,,
CF579993AAEE,CENTRE_KIC_KARNAT_85B33D64F5,KIC,Karnataka,Belagavi,SPORT_WRESTLING,Wrestling,Wrestling,KIC,New,,,
20F9581B4DF3,CENTRE_KIC_KARNAT_9CB86ADB78,KIC,Karnataka,Bengaluru Rural,SPORT_BOXING,Boxing,Boxing,KIC,New,,,
6B3149E8C583,CENTRE_KIC_KARNAT_AF4EBF5C94,KIC,Karnataka,Bidar,SPORT_VOLLEYBALL,Volleyball,Volleyball,KIC,New,,,
4B8DF9E49AA8,CENTRE_KIC_KARNAT_F6C1A09426,KIC,Karnataka,Chamarajanagara,SPORT_FENCING,Fencing,Fencing,KIC,New,,,
A5C31B50E64C,CENTRE_KIC_KARNAT_B4BBB1D98F,KIC,Karnataka,Chikkaballapura,SPORT_AQUATICS,Aquatics,Swimming,KIC,New,,,
5CC2D9E08290,CENTRE_KIC_KARNAT_75F4F8F8BF,KIC,Karnataka,Chikkamagaluru,SPORT_ATHLETICS,Athletics,Athletics,KIC,New,,,
0175263D8118,CENTRE_KIC_KARNAT_0F12C450EF,KIC,Karnataka,Chitradurga,SPORT_BADMINTON,Badminton,Badminton,KIC,New,,,
37872FD55A50,CENTRE_KIC_KARNAT_231646053E,KIC,Karnataka,Dakshina Kannada,SPORT_ATHLETICS,Athletics,Athletics,KIC,New,,,
EF04C2E81EEA,CENTRE_KIC_KARNAT_97B94E9DDA,KIC,Karnataka,Davanagere,SPORT_WRESTLING,Wrestling,Wrestling,KIC,New,,,
99A7A9F27380,CENTRE_KIC_KARNAT_4B1556E351,KIC,Karnataka,Dharwad,SPORT_ATHLETICS,Athletics,Athletics,KIC,New,,,
F179053727AB,CENTRE_KIC_KARNAT_6FE5AB16AF,KIC,Karnataka,Gadag,SPORT_CYCLING,Cycling,Cycling,KIC,New,,,
D3CD85E8D454,CENTRE_KIC_KARNAT_8A4D6669EF,KIC,Karnataka,Hassan,SPORT_VOLLEYBALL,Volleyball,Volleyball,KIC,New,,,
5956E035DCF7,CENTRE_KIC_KARNAT_F8D4222310,KIC,Karnataka,Haveri,SPORT_AQUATICS,Aquatics,Swimming,KIC,New,,,
9DC3C2C3D443,CENTRE_KIC_KARNAT_117B943009,KIC,Karnataka,Kalaburagi,SPORT_ATHLETICS,Athletics,Athletics,KIC,New,,,
9B128B66B320,CENTRE_KIC_KARNAT_E2971B978B,KIC,Karnataka,Kodagu,SPORT_HOCKEY,Hockey,Hockey,KIC,New,,,
419503BA6E85,CENTRE_KIC_KARNAT_C8BAC39A86,KIC,Karnataka,Kolar,SPORT_BASKETBALL,Basketball,Basketball,KIC,New,,,
FFE2AC88C1C2,CENTRE_KIC_KARNAT_B50469ADAC,KIC,Karnataka,Koppal,SPORT_VOLLEYBALL,Volleyball,Volleyball,KIC,New,,,
D0702F67FEE6,CENTRE_KIC_KARNAT_00E613819C,KIC,Karnataka,Mandya,SPORT_FOOTBALL,Football,Football,KIC,New,,,
E6CE8F810DF4,CENTRE_KIC_KARNAT_84AE031E01,KIC,Karnataka,Mysuru,SPORT_HOCKEY,Hockey,Hockey,KIC,New,,,
AD5D600AC234,CENTRE_KIC_KARNAT_18D3495AF1,KIC,Karnataka,Raichur,SPORT_ATHLETICS,Athletics,Athletics,KIC,New,,,
483C872BC091,CENTRE_KIC_KARNAT_EC7BC6969A,KIC,Karnataka,Ramanagara,SPORT_AQUATICS,Aquatics,Swimming,KIC,New,,,
906C6FB95F98,CENTRE_KIC_KARNAT_227FB4BD22,KIC,Karnataka,Ramanagara,SPORT_MALLAKHAMB,Mallakhamb,Mallakhamb,KIC,New,,,
64AABFB99035,CENTRE_KIC_KARNAT_7FAE094605,KIC,Karnataka,Shivamogga,SPORT_ATHLETICS,Athletics,Athletics,KIC,New,,,
A3554DAEB270,CENTRE_KIC_KARNAT_3C5BB52D18,KIC,Karnataka,Tumakuru,SPORT_GYMNASTICS,Gymnastics,Gymnastics,KIC,New,,,
339A5D1C32DD,CENTRE_KIC_KARNAT_105C23C2A5,KIC,Karnataka,Udupi,SPORT_ATHLETICS,Athletics,Athletics,KIC,New,,,
18FE01875E18,CENTRE_KIC_KARNAT_582F2ADD39,KIC,Karnataka,Uttara Kannada,SPORT_WRESTLING,Wrestling,Wrestling,KIC,New,,,
5825313C78BC,CENTRE_KIC_KARNAT_058D222C63,KIC,Karnataka,Vijayanagar,SPORT_AQUATICS,Aquatics,Swimming,KIC,New,,,
667D748EF7EF,CENTRE_KIC_KARNAT_7615B5D619,KIC,Karnataka,Vijayapura,SPORT_CYCLING,Cycling,Cycling,KIC,New,,,
B450745987D4,CENTRE_KIC_KARNAT_A482A2786B,KIC,Karnataka,Yadgir,SPORT_AQUATICS,Aquatics,Swimming,KIC,New,,,
AB650FCFD587,CENTRE_KIC_KERALA_2372CE69EE,KIC,Kerala,Alappuzha,SPORT_ROWING,Rowing,Rowing,KIC,New,,,
0F97AD1F78E4,CENTRE_KIC_KERALA_883DEB5F7F,KIC,Kerala,Alappuzha,SPORT_ATHLETICS,Athletics,Athletics,KIC,Converted Centre,,,
A52AF14CA933,CENTRE_KIC_KERALA_C7DF88178D,KIC,Kerala,Ernakulam,SPORT_BADMINTON,Badminton,Badminton,KIC,New,,,
92E8C9BED342,CENTRE_KIC_KERALA_3730F64BF8,KIC,Kerala,Ernakulam,SPORT_ATHLETICS,Athletics,Athletics,KIC,Converted Centre,,,
5D4A7857DA28,CENTRE_KIC_KERALA_4EA215EE41,KIC,Kerala,Ernakulam,SPORT_HOCKEY,Hockey,Hockey,KIC,Converted Centre,,,
B11E41E014D3,CENTRE_KIC_KERALA_C342F7FBBF,KIC,Kerala,Idukki,SPORT_JUDO,Judo,Judo,KIC,New,,,
2B114D597B1B,CENTRE_KIC_KERALA_311F265739,KIC,Kerala,Idukki,SPORT_BADMINTON,Badminton,Badminton,KIC,Converted Centre,,,
F63B9D8B930A,CENTRE_KIC_KERALA_DBD690F4B7,KIC,Kerala,Kannur,SPORT_VOLLEYBALL,Volleyball,Volleyball,KIC,New,,,
BA2E3334AE08,CENTRE_KIC_KERALA_60991B09C5,KIC,Kerala,Kannur,SPORT_HOCKEY,Hockey,Hockey,KIC,Converted Centre,,,
DCBBC53DB863,CENTRE_KIC_KERALA_44CA09D03A,KIC,Kerala,Kasaragod,SPORT_FENCING,Fencing,Fencing,KIC,New,,,
B224AE0CB61C,CENTRE_KIC_KERALA_4F8E521E9B,KIC,Kerala,Kollam,SPORT_HOCKEY,Hockey,Hockey,KIC,New,,,
069ECF0A0FED,CENTRE_KIC_KERALA_17468972DF,KIC,Kerala,Kottayam,SPORT_ATHLETICS,Athletics,Athletics,KIC,New,,,
041A547F2E83,CENTRE_KIC_KERALA_28D52E5364,KIC,Kerala,Kozhikode,SPORT_BOXING,Boxing,Boxing,KIC,New,,,
8ECE34F65A53,CENTRE_KIC_KERALA_F7A51CBDE0,KIC,Kerala,Malappuram,SPORT_FOOTBALL,Football,Football,KIC,New,,,
6D8BC30D2216,CENTRE_KIC_KERALA_775745D1A4,KIC,Kerala,Palakkad,SPORT_WRESTLING,Wrestling,Wrestling,KIC,New,,,
50FC366C0DA3,CENTRE_KIC_KERALA_14B93273A2,KIC,Kerala,Palakkad,SPORT_ATHLETICS,Athletics,Athletics,KIC,Converted Centre,,,
C6D0C2A96B5A,CENTRE_KIC_KERALA_63C436F02C,KIC,Kerala,Palakkad,SPORT_ATHLETICS,Athletics,Athletics,KIC,Converted Centre,,,
3BFC719F8EA5,CENTRE_KIC_KERALA_E5C6E57481,KIC,Kerala,Palakkad,SPORT_ATHLETICS,Athletics,Athletics,KIC,Converted Centre,,,
034491C27073,CENTRE_KIC_KERALA_763CA7F86E,KIC,Kerala,Pathanamthitta,SPORT_FENCING,Fencing,Fencing,KIC,New,,,
AE6F18BB93D9,CENTRE_KIC_KERALA_7F41D3CAC9,KIC,Kerala,Thiruvananthapuram,SPORT_AQUATICS,Aquatics,Swimming,KIC,New,,,
77F4EED46B48,CENTRE_KIC_KERALA_4927BCD964,KIC,Kerala,Thrissur,SPORT_HOCKEY,Hockey,Hockey,KIC,Converted Centre,,,
02595DDA971C,CENTRE_KIC_KERALA_FB22BE3440,KIC,Kerala,Thrissur,SPORT_FOOTBALL,Football,Football,KIC,New,,,
FCA472FA4925,CENTRE_KIC_KERALA_3CE5793372,KIC,Kerala,Thrissur,SPORT_VOLLEYBALL,Volleyball,Volleyball,KIC,Converted Centre,,,
B344EE9AA91F,CENTRE_KIC_KERALA_7364EE1831,KIC,Kerala,Wayanad,SPORT_ARCHERY,Archery,Archery,KIC,New,,,
C14D6C24EB95,CENTRE_KIC_LADAKH_EF8C9084EB,KIC,Ladakh,Kargil,SPORT_TABLE_TENNIS,Table Tennis,Table Tennis,KIC,New,,,
12A52BA7BA28,CENTRE_KIC_LADAKH_C572380CBB,KIC,Ladakh,Leh,SPORT_ARCHERY,Archery,Archery,KIC,Converted Centre,,,
4BC79CEC3A5E,CENTRE_KIC_LADAKH_C572380CBB,KIC,Ladakh,Leh,SPORT_ATHLETICS,Athletics,Athletics,KIC,,,,
6D6C3E19A2A0,CENTRE_KIC_LADAKH_C572380CBB,KIC,Ladakh,Leh,SPORT_FOOTBALL,Football,Football,KIC,,,,
82BB803B7163,CENTRE_KIC_LADAKH_C572380CBB,KIC,Ladakh,Leh,SPORT_ICE_HOCKEY,Ice Hockey,Ice Hockey,KIC,,,,
D98C8BE3FA3D,CENTRE_KIC_LADAKH_D599BCD4EB,KIC,Ladakh,Leh,SPORT_ARCHERY,Archery,Archery,KIC,New,,,
1E9785E34519,CENTRE_KIC_LAKSHA_E9ECDBA0B4,KIC,Lakshadweep,Lakshadweep,SPORT_FOOTBALL,Football,Football,KIC,New,,,
37921DDDACA0,CENTRE_KIC_LAKSHA_44D39021E2,KIC,Lakshadweep,Lakshadweep,SPORT_ATHLETICS,Athletics,Athletics,KIC,New,,,
11616BF341F6,CENTRE_KIC_LAKSHA_97B1D51711,KIC,Lakshadweep,Lakshadweep,SPORT_VOLLEYBALL,Volleyball,Volleyball,KIC,New,,,
8D76B6AF80B6,CENTRE_KIC_MADHYA_6E5C4248E9,KIC,Madhya Pradesh,Agar Malwa,SPORT_MALLAKHAMB,Mallakhamb,Mallakhamb,KIC,New,,,
D2D8B10A2329,CENTRE_KIC_MADHYA_5E11912197,KIC,Madhya Pradesh,Alirajpur,SPORT_BOXING,Boxing,Boxing,KIC,New,,,
5247A3ED9968,CENTRE_KIC_MADHYA_809FEFC007,KIC,Madhya Pradesh,Anuppur,SPORT_TABLE_TENNIS,Table Tennis,Table Tennis,KIC,New,,,
3A5412306411,CENTRE_KIC_MADHYA_9A82FA9919,KIC,Madhya Pradesh,Ashoknagar,SPORT_ATHLETICS,Athletics,Athletics,KIC,New,,,
8957106D3989,CENTRE_KIC_MADHYA_1237DFB965,KIC,Madhya Pradesh,Balaghat,SPORT_ATHLETICS,Athletics,Athletics,KIC,New,,,
8BF581C29868,CENTRE_KIC_MADHYA_5398A31A09,KIC,Madhya Pradesh,Betul,SPORT_HOCKEY,Hockey,Hockey,KIC,New,,,
8DD5C882486C,CENTRE_KIC_MADHYA_7A8547E4A4,KIC,Madhya Pradesh,Bhind,SPORT_ROWING,Rowing,Rowing,KIC,New,,,
6686C574CD9F,CENTRE_KIC_MADHYA_C288EC786B,KIC,Madhya Pradesh,Bhopal,SPORT_BOXING,Boxing,Boxing,KIC,New,,,
11F7E902C424,CENTRE_KIC_MADHYA_01C1490F4E,KIC,Madhya Pradesh,Burhanpur,SPORT_FOOTBALL,Football,Football,KIC,New,,,
1FB382B588EC,CENTRE_KIC_MADHYA_15010B61B3,KIC,Madhya Pradesh,Chhatarpur,SPORT_JUDO,Judo,Judo,KIC,New,,,
7C8742209648,CENTRE_KIC_MADHYA_84CC99F4B5,KIC,Madhya Pradesh,Chhindwara,SPORT_FOOTBALL,Football,Football,KIC,New,,,
54F63C686885,CENTRE_KIC_MADHYA_819FA037CA,KIC,Madhya Pradesh,Damoh,SPORT_HOCKEY,Hockey,Hockey,KIC,New,,,
B6ED1E5481C4,CENTRE_KIC_MADHYA_29656D727C,KIC,Madhya Pradesh,Datia,SPORT_ROWING,Rowing,Rowing,KIC,New,,,
8032A820C328,CENTRE_KIC_MADHYA_A05B367A88,KIC,Madhya Pradesh,Dewas,SPORT_BADMINTON,Badminton,Badminton,KIC,New,,,
50500936CD8A,CENTRE_KIC_MADHYA_E31EA0A047,KIC,Madhya Pradesh,Dhar,SPORT_FOOTBALL,Football,Football,KIC,New,,,
DA2A7D4156DE,CENTRE_KIC_MADHYA_3E7AF01F31,KIC,Madhya Pradesh,Dindori,SPORT_WRESTLING,Wrestling,Wrestling,KIC,New,,,
0B35C811AC56,CENTRE_KIC_MADHYA_014D8EA6C4,KIC,Madhya Pradesh,East Nimar,SPORT_WRESTLING,Wrestling,Wrestling,KIC,New,,,
3152956B6D45,CENTRE_KIC_MADHYA_E206580AEE,KIC,Madhya Pradesh,Guna,SPORT_JUDO,Judo,Judo,KIC,New,,,
C4CFB3D55A63,CENTRE_KIC_MADHYA_4AA611D0A2,KIC,Madhya Pradesh,Gwalior,SPORT_HOCKEY,Hockey,Hockey,KIC,New,,,
CDB57D40C0F5,CENTRE_KIC_MADHYA_C5B82F3F6C,KIC,Madhya Pradesh,Harda,SPORT_BADMINTON,Badminton,Badminton,KIC,New,,,
60D22A0F37DC,CENTRE_KIC_MADHYA_55C92A63DF,KIC,Madhya Pradesh,Hoshangabad,SPORT_HOCKEY,Hockey,Hockey,KIC,New,,,
AD2FF1895CDB,CENTRE_KIC_MADHYA_B20FF1E02E,KIC,Madhya Pradesh,Indore,SPORT_FOOTBALL,Football,Football,KIC,New,,,
34994C8553E6,CENTRE_KIC_MADHYA_C6610367F2,KIC,Madhya Pradesh,Jabalpur,SPORT_BOXING,Boxing,Boxing,KIC,New,,,
3794995D8568,CENTRE_KIC_MADHYA_FA5C743F6B,KIC,Madhya Pradesh,Jhabua,SPORT_ARCHERY,Archery,Archery,KIC,New,,,
B0DFBDD38F26,CENTRE_KIC_MADHYA_3E96B568E8,KIC,Madhya Pradesh,Katni,SPORT_ATHLETICS,Athletics,Athletics,KIC,New,,,
FF66A268859B,CENTRE_KIC_MADHYA_4A8D5FD522,KIC,Madhya Pradesh,Maihar,SPORT_FOOTBALL,Football,Football,KIC,New,,,
2BF91AA4DF12,CENTRE_KIC_MADHYA_8A0FCED31B,KIC,Madhya Pradesh,Mandla,SPORT_BADMINTON,Badminton,Badminton,KIC,New,,,
228650F8A838,CENTRE_KIC_MADHYA_4EA2099217,KIC,Madhya Pradesh,Mandsaur,SPORT_HOCKEY,Hockey,Hockey,KIC,New,,,
E699144FE0C4,CENTRE_KIC_MADHYA_C10536365C,KIC,Madhya Pradesh,Mauganj,SPORT_FOOTBALL,Football,Football,KIC,New,,,
DC45D0AD7E3F,CENTRE_KIC_MADHYA_818C1333F5,KIC,Madhya Pradesh,Morena,SPORT_ATHLETICS,Athletics,Athletics,KIC,New,,,
E84DDD8807A6,CENTRE_KIC_MADHYA_D201F64777,KIC,Madhya Pradesh,Narsimhapur,SPORT_JUDO,Judo,Judo,KIC,New,,,
9F168B9658D8,CENTRE_KIC_MADHYA_5F083DA82F,KIC,Madhya Pradesh,Neemuch,SPORT_HOCKEY,Hockey,Hockey,KIC,New,,,
BB015070AFCD,CENTRE_KIC_MADHYA_FE33D51040,KIC,Madhya Pradesh,Niwari,SPORT_FOOTBALL,Football,Football,KIC,New,,,
13EA12C7C358,CENTRE_KIC_MADHYA_158267F7A5,KIC,Madhya Pradesh,Padhurna,SPORT_BASKETBALL,Basketball,Basketball,KIC,New,,,
9C5890F35EB5,CENTRE_KIC_MADHYA_53CA871111,KIC,Madhya Pradesh,Panna,SPORT_FOOTBALL,Football,Football,KIC,New,,,
A22DC2B8D41C,CENTRE_KIC_MADHYA_E3E90537C4,KIC,Madhya Pradesh,Raisen,SPORT_HOCKEY,Hockey,Hockey,KIC,New,,,
E0BBC4683E2E,CENTRE_KIC_MADHYA_9A0E93CA8A,KIC,Madhya Pradesh,Rajgarh,SPORT_JUDO,Judo,Judo,KIC,New,,,
8E419B9D63CF,CENTRE_KIC_MADHYA_055E37E904,KIC,Madhya Pradesh,Ratlam,SPORT_WRESTLING,Wrestling,Wrestling,KIC,New,,,
567EC878A25A,CENTRE_KIC_MADHYA_FDA2613863,KIC,Madhya Pradesh,Rewa,SPORT_ATHLETICS,Athletics,Athletics,KIC,New,,,
B8AA79B76C5D,CENTRE_KIC_MADHYA_88872BD7A6,KIC,Madhya Pradesh,Sagar,SPORT_HOCKEY,Hockey,Hockey,KIC,New,,,
57008CCED1A8,CENTRE_KIC_MADHYA_7C45DDB173,KIC,Madhya Pradesh,Satna,SPORT_ATHLETICS,Athletics,Athletics,KIC,New,,,
3F525CD49EC8,CENTRE_KIC_MADHYA_7726C5C3F4,KIC,Madhya Pradesh,Sehore,SPORT_FOOTBALL,Football,Football,KIC,New,,,
DBC8E8E71951,CENTRE_KIC_MADHYA_F965005DFD,KIC,Madhya Pradesh,Seoni,SPORT_HOCKEY,Hockey,Hockey,KIC,New,,,
30164A9F7C4E,CENTRE_KIC_MADHYA_C0BC0E16A6,KIC,Madhya Pradesh,Shahdol,SPORT_FOOTBALL,Football,Football,KIC,New,,,
F16FDAC6CE4B,CENTRE_KIC_MADHYA_D34894E005,KIC,Madhya Pradesh,Shajapur,SPORT_MALLAKHAMB,Mallakhamb,Mallakhamb,KIC,New,,,
9588A1704FF7,CENTRE_KIC_MADHYA_165B418B3F,KIC,Madhya Pradesh,Sheopur,SPORT_TABLE_TENNIS,Table Tennis,Table Tennis,KIC,New,,,
FDEA4EFEB39F,CENTRE_KIC_MADHYA_70C369F551,KIC,Madhya Pradesh,Shivpuri,SPORT_HOCKEY,Hockey,Hockey,KIC,New,,,
E5C80BE31D7F,CENTRE_KIC_MADHYA_16BFD0644E,KIC,Madhya Pradesh,Tikamgarh,SPORT_HOCKEY,Hockey,Hockey,KIC,New,,,
D6F355B99CF9,CENTRE_KIC_MADHYA_02FF2B4DE0,KIC,Madhya Pradesh,Ujjain,SPORT_MALLAKHAMB,Mallakhamb,Mallakhamb,KIC,New,,,
6F6C1664FAF4,CENTRE_KIC_MADHYA_D84FEB9659,KIC,Madhya Pradesh,Umaria,SPORT_HOCKEY,Hockey,Hockey,KIC,New,,,
812E0DBD316C,CENTRE_KIC_MADHYA_D2AAF6E13B,KIC,Madhya Pradesh,Vidisha,SPORT_HOCKEY,Hockey,Hockey,KIC,New,,,
BFC1C2DEE5A6,CENTRE_KIC_MADHYA_470254AA16,KIC,Madhya Pradesh,West Nimar,SPORT_HOCKEY,Hockey,Hockey,KIC,New,,,
E977D2303184,CENTRE_KIC_MANIPU_85B7A7F517,KIC,Manipur,Bishnupur,SPORT_BADMINTON,Badminton,Badminton,KIC,New,,,
275CE5888973,CENTRE_KIC_MANIPU_A0A501DB0A,KIC,Manipur,Bishnupur,SPORT_ROWING,Rowing,Rowing,KIC,New,,,
60A034AD915D,CENTRE_KIC_MANIPU_87CC9FAD82,KIC,Manipur,Chandel,SPORT_FOOTBALL,Football,Football,KIC,New,,,
790F939EF4BA,CENTRE_KIC_MANIPU_641A40A0E9,KIC,Manipur,Chandel,SPORT_VOLLEYBALL,Volleyball,Volleyball,KIC,New,,,
8A90FF706BC9,CENTRE_KIC_MANIPU_FCEA70FFBF,KIC,Manipur,Churachandpur,SPORT_BOXING,Boxing,Boxing,KIC,New,,,
5FA54F4CC069,CENTRE_KIC_MANIPU_8A41343341,KIC,Manipur,Churachandpur,SPORT_FOOTBALL,Football,Football,KIC,New,,,
AA3F6464F7CC,CENTRE_KIC_MANIPU_DB59C3F85D,KIC,Manipur,Imphal East,SPORT_SEPAK_TAKRAW,Sepak Takraw,Sepak takraw,KIC,New,,,
C83EAD25DE6C,CENTRE_KIC_MANIPU_86DC201B2E,KIC,Manipur,Imphal East,SPORT_FENCING,Fencing,Fencing,KIC,New,,,
EF7260FB3A2B,CENTRE_KIC_MANIPU_87C5AD1174,KIC,Manipur,Imphal East,SPORT_FOOTBALL,Football,Football,KIC,Converted Centre,,,
71BA1126FA0F,CENTRE_KIC_MANIPU_515546D0B5,KIC,Manipur,Imphal West,SPORT_THANG_TA,Thang-Ta,Thang-Ta,KIC,New,,,
1711864FAFE3,CENTRE_KIC_MANIPU_95E8E4050C,KIC,Manipur,Imphal West,SPORT_CYCLING,Cycling,Cycling,KIC,New,,,
9F61A5C49003,CENTRE_KIC_MANIPU_27E65DC905,KIC,Manipur,Imphal West,SPORT_BOXING,Boxing,Boxing,KIC,Converted Centre,,,
BD084E7543D2,CENTRE_KIC_MANIPU_5FF2D544C0,KIC,Manipur,Imphal West,SPORT_FOOTBALL,Football,Football,KIC,Converted Centre,,,
24F78F73B8BE,CENTRE_KIC_MANIPU_188F863D89,KIC,Manipur,Jiribam,SPORT_BADMINTON,Badminton,Badminton,KIC,New,,,
B1F984028331,CENTRE_KIC_MANIPU_74AC489F84,KIC,Manipur,Jiribam,SPORT_HOCKEY,Hockey,Hockey,KIC,New,,,
C8A572E44535,CENTRE_KIC_MANIPU_89F6C75072,KIC,Manipur,Kakching,SPORT_BADMINTON,Badminton,Badminton,KIC,New,,,
B83284378438,CENTRE_KIC_MANIPU_D5741D4C74,KIC,Manipur,Kakching,SPORT_WUSHU,Wushu,Wushu,KIC,New,,,
54EA7F0E6E53,CENTRE_KIC_MANIPU_05EB9442F1,KIC,Manipur,Kamjong,SPORT_FOOTBALL,Football,Football,KIC,New,,,
D7BEEA5DC762,CENTRE_KIC_MANIPU_4FDBF7E5CE,KIC,Manipur,Kamjong,SPORT_BOXING,Boxing,Boxing,KIC,New,,,
1834D1B4756B,CENTRE_KIC_MANIPU_229F1CB024,KIC,Manipur,Kangpokpi,SPORT_FOOTBALL,Football,Football,KIC,New,,,
045DE203EA7F,CENTRE_KIC_MANIPU_98AD1FD43A,KIC,Manipur,Kangpokpi,SPORT_FOOTBALL,Football,Football,KIC,New,,,
B64D5F51FD24,CENTRE_KIC_MANIPU_DBD2410310,KIC,Manipur,Noney,SPORT_FOOTBALL,Football,Football,KIC,New,,,
1229FF54A157,CENTRE_KIC_MANIPU_0C300398E3,KIC,Manipur,Noney,SPORT_FENCING,Fencing,Fencing,KIC,New,,,
D2A0D19C7E65,CENTRE_KIC_MANIPU_8ED2DE35BE,KIC,Manipur,Pherzawl,SPORT_FOOTBALL,Football,Football,KIC,New,,,
33603C0AF76A,CENTRE_KIC_MANIPU_9866606708,KIC,Manipur,Pherzawl,SPORT_BOXING,Boxing,Boxing,KIC,New,,,
96E9F577F8DC,CENTRE_KIC_MANIPU_7ED1828335,KIC,Manipur,Senapati,SPORT_BADMINTON,Badminton,Badminton,KIC,New,,,
16D7A2BA9376,CENTRE_KIC_MANIPU_6377EDF76D,KIC,Manipur,Senapati,SPORT_INDIGENOUS_WRESTLING,Indigenous Wrestling,Indigenous Wrestling,KIC,New,,,
5171F8BE3B38,CENTRE_KIC_MANIPU_816370C068,KIC,Manipur,Tamenglong,SPORT_BADMINTON,Badminton,Badminton,KIC,New,,,
501610F33576,CENTRE_KIC_MANIPU_DEADC9EA82,KIC,Manipur,Tamenglong,SPORT_FOOTBALL,Football,Football,KIC,New,,,
9BD998581CB5,CENTRE_KIC_MANIPU_F0794227D6,KIC,Manipur,Tengnoupal,SPORT_FOOTBALL,Football,Football,KIC,New,,,
3A8A661F1110,CENTRE_KIC_MANIPU_E68EEEBD67,KIC,Manipur,Tengnoupal,SPORT_BADMINTON,Badminton,Badminton,KIC,New,,,
1DE765BE6374,CENTRE_KIC_MANIPU_698C38F5C6,KIC,Manipur,Thoubal,SPORT_JUDO,Judo,Judo,KIC,New,,,
DCA2CE0CACDC,CENTRE_KIC_MANIPU_30BFD898E6,KIC,Manipur,Thoubal,SPORT_TABLE_TENNIS,Table Tennis,Table Tennis,KIC,New,,,
835FD6083BA8,CENTRE_KIC_MANIPU_44D9215A1A,KIC,Manipur,Ukhrul,SPORT_FOOTBALL,Football,Football,KIC,New,,,
61F1CE6D3FB2,CENTRE_KIC_MANIPU_3CC6DCD6BB,KIC,Manipur,Ukhrul,SPORT_BADMINTON,Badminton,Badminton,KIC,New,,,
0D838431E7DA,CENTRE_KIC_MEGHAL_F8CF4F78A2,KIC,Meghalaya,East Garo Hills,SPORT_FOOTBALL,Football,Football,KIC,New,,,
11FD244706A0,CENTRE_KIC_MEGHAL_D03384C437,KIC,Meghalaya,East Garo Hills,SPORT_BOXING,Boxing,Boxing,KIC,New,,,
31F55A2E330D,CENTRE_KIC_MEGHAL_C26757C722,KIC,Meghalaya,East Jaintia Hills,SPORT_ARCHERY,Archery,Archery,KIC,New,,,
772169E1EE29,CENTRE_KIC_MEGHAL_E10A4CB633,KIC,Meghalaya,East Jaintia Hills,SPORT_ATHLETICS,Athletics,Athletics,KIC,New,,,
A50BB8FBC630,CENTRE_KIC_MEGHAL_B8224CDCAE,KIC,Meghalaya,East Khasi Hills,SPORT_ATHLETICS,Athletics,Athletics,KIC,New,,,
839163034230,CENTRE_KIC_MEGHAL_40D0E45D84,KIC,Meghalaya,East Khasi Hills,SPORT_BASKETBALL,Basketball,Basketball,KIC,New,,,
7178EC28A07A,CENTRE_KIC_MEGHAL_5D4A490935,KIC,Meghalaya,Eastern West Khasi Hills,SPORT_ATHLETICS,Athletics,Athletics,KIC,New,,,
A93A5A400012,CENTRE_KIC_MEGHAL_2A8CAED94A,KIC,Meghalaya,Eastern West Khasi Hills,SPORT_FOOTBALL,Football,Football,KIC,New,,,
B0704961BB56,CENTRE_KIC_MEGHAL_A5E4F4AB3E,KIC,Meghalaya,North Garo Hills,SPORT_ATHLETICS,Athletics,Athletics,KIC,New,,,
7B231F978BF4,CENTRE_KIC_MEGHAL_6EE104B5E4,KIC,Meghalaya,North Garo Hills,SPORT_ATHLETICS,Athletics,Athletics,KIC,New,,,
FE699BE4969B,CENTRE_KIC_MEGHAL_371701BFEB,KIC,Meghalaya,Ribhoi,SPORT_BOXING,Boxing,Boxing,KIC,New,,,
190FC669EA58,CENTRE_KIC_MEGHAL_A3198EB156,KIC,Meghalaya,Ribhoi,SPORT_ATHLETICS,Athletics,Athletics,KIC,New,,,
342220225073,CENTRE_KIC_MEGHAL_0159DE8C77,KIC,Meghalaya,South Garo Hills,SPORT_ARCHERY,Archery,Archery,KIC,New,,,
4FC6F62B690D,CENTRE_KIC_MEGHAL_688EFE544C,KIC,Meghalaya,South Garo Hills,SPORT_TABLE_TENNIS,Table Tennis,Table Tennis,KIC,New,,,
E45B54CE1853,CENTRE_KIC_MEGHAL_6F0BABB6EA,KIC,Meghalaya,South West Garo Hills,SPORT_ATHLETICS,Athletics,Athletics,KIC,New,,,
F1E983FC300F,CENTRE_KIC_MEGHAL_CF2112C2D6,KIC,Meghalaya,South West Garo Hills,SPORT_FOOTBALL,Football,Football,KIC,New,,,
C519F3353C90,CENTRE_KIC_MEGHAL_69B792DC46,KIC,Meghalaya,South West Khasi Hills,SPORT_ARCHERY,Archery,Archery,KIC,New,,,
D3CD7E127C5C,CENTRE_KIC_MEGHAL_77FE04FA63,KIC,Meghalaya,South West Khasi Hills,SPORT_ATHLETICS,Athletics,Athletics,KIC,New,,,
7885B51E5457,CENTRE_KIC_MEGHAL_0A20F04D5E,KIC,Meghalaya,West Garo Hills,SPORT_ATHLETICS,Athletics,Athletics,KIC,New,,,
A60D1F4F56DA,CENTRE_KIC_MEGHAL_D6505833A8,KIC,Meghalaya,West Garo Hills,SPORT_TABLE_TENNIS,Table Tennis,Table Tennis,KIC,New,,,
F7CB6CECCD0F,CENTRE_KIC_MEGHAL_B35A865C42,KIC,Meghalaya,West Jaintia Hills,SPORT_ATHLETICS,Athletics,Athletics,KIC,New,,,
027BAF163ACC,CENTRE_KIC_MEGHAL_F4A4730B5F,KIC,Meghalaya,West Jaintia Hills,SPORT_BADMINTON,Badminton,Badminton,KIC,New,,,
7E4E48C806C3,CENTRE_KIC_MEGHAL_93E1046A9E,KIC,Meghalaya,West Khasi Hills,SPORT_TABLE_TENNIS,Table Tennis,Table Tennis,KIC,New,,,
6A95457C9616,CENTRE_KIC_MEGHAL_7CEF302F99,KIC,Meghalaya,West Khasi Hills,SPORT_ARCHERY,Archery,Archery,KIC,New,,,
685CC197E42B,CENTRE_KIC_MIZORA_E3AC1358E4,KIC,Mizoram,Aizawl,SPORT_ARCHERY,Archery,Archery,KIC,New,,,
BF25D98FAF02,CENTRE_KIC_MIZORA_9E38974D18,KIC,Mizoram,Aizawl,SPORT_WEIGHTLIFTING,Weightlifting,Weightlifting,KIC,New,,,
9C8F0A2F71AA,CENTRE_KIC_MIZORA_8CAA2AE47F,KIC,Mizoram,Champhai,SPORT_JUDO,Judo,Judo,KIC,New,,,
9155E6230214,CENTRE_KIC_MIZORA_C236B585E1,KIC,Mizoram,Champhai,SPORT_WEIGHTLIFTING,Weightlifting,Weightlifting,KIC,New,,,
AABE09FC82A3,CENTRE_KIC_MIZORA_600544E5EE,KIC,Mizoram,Hnahthial,SPORT_FOOTBALL,Football,Football,KIC,New,,,
B5E2A654EE8D,CENTRE_KIC_MIZORA_D5CC9FEE5B,KIC,Mizoram,Hnahthial,SPORT_JUDO,Judo,Judo,KIC,New,,,
A637E4128692,CENTRE_KIC_MIZORA_280F491C62,KIC,Mizoram,Khawzawl,SPORT_FOOTBALL,Football,Football,KIC,New,,,
3A95609DCCB1,CENTRE_KIC_MIZORA_9C5A142EC8,KIC,Mizoram,Khawzawl,SPORT_TAEKWONDO,Taekwondo,Taekwondo,KIC,New,,,
442F46914AC6,CENTRE_KIC_MIZORA_B88D9158BB,KIC,Mizoram,Kolasib,SPORT_HOCKEY,Hockey,Hockey,KIC,New,,,
8E3C8EB5F1DE,CENTRE_KIC_MIZORA_04EA405E93,KIC,Mizoram,Kolasib,SPORT_FOOTBALL,Football,Football,KIC,New,,,
16BF8214FB80,CENTRE_KIC_MIZORA_CADE73DD34,KIC,Mizoram,Kolasib,SPORT_WRESTLING,Wrestling,Wrestling,KIC,New,,,
854E97E23F4E,CENTRE_KIC_MIZORA_53812B584E,KIC,Mizoram,Lawngtlai,SPORT_BOXING,Boxing,Boxing,KIC,New,,,
6BC9916238D3,CENTRE_KIC_MIZORA_B8B84DD099,KIC,Mizoram,Lawngtlai,SPORT_BADMINTON,Badminton,Badminton,KIC,New,,,
9C9373251102,CENTRE_KIC_MIZORA_7D77EE57F6,KIC,Mizoram,Lunglei,SPORT_FOOTBALL,Football,Football,KIC,New,,,
95BDD6BB3861,CENTRE_KIC_MIZORA_5A5524AF30,KIC,Mizoram,Lunglei,SPORT_TABLE_TENNIS,Table Tennis,Table Tennis,KIC,New,,,
A7546D2927D4,CENTRE_KIC_MIZORA_C4B6CD7DB2,KIC,Mizoram,Mamit,SPORT_FOOTBALL,Football,Football,KIC,New,,,
6483FB667E53,CENTRE_KIC_MIZORA_4D7FF106AA,KIC,Mizoram,Mamit,SPORT_TAEKWONDO,Taekwondo,Taekwondo,KIC,New,,,
BEEF2EB3CB3E,CENTRE_KIC_MIZORA_D0BF518810,KIC,Mizoram,Saitual,SPORT_FOOTBALL,Football,Football,KIC,New,,,
46DAE29F053D,CENTRE_KIC_MIZORA_ABE815BCA7,KIC,Mizoram,Saitual,SPORT_WRESTLING,Wrestling,Wrestling,KIC,New,,,
FCBD3F573FE7,CENTRE_KIC_MIZORA_A580DBB0DB,KIC,Mizoram,Serchhip,SPORT_BOXING,Boxing,Boxing,KIC,New,,,
DAD6849F94EB,CENTRE_KIC_MIZORA_916C191AB6,KIC,Mizoram,Serchhip,SPORT_BADMINTON,Badminton,Badminton,KIC,New,,,
BE8EDEF1DBA7,CENTRE_KIC_MIZORA_B8B0862B30,KIC,Mizoram,Siaha,SPORT_BOXING,Boxing,Boxing,KIC,New,,,
A5C1F11A130B,CENTRE_KIC_MIZORA_0D573F883A,KIC,Mizoram,Siaha,SPORT_BADMINTON,Badminton,Badminton,KIC,New,,,
A1CBBD083DFC,CENTRE_KIC_NAGALA_CE42BDB311,KIC,Nagaland,Mon,SPORT_BADMINTON,Badminton,Badminton,KIC,New,,,
C27C301E2FB2,CENTRE_KIC_NAGALA_E573B92828,KIC,Nagaland,Mon,SPORT_FOOTBALL,Football,Football,KIC,New,,,
576416FD0B9C,CENTRE_KIC_NAGALA_D41E0B574A,KIC,Nagaland,Meluri,SPORT_SEPAK_TAKRAW,Sepak Takraw,Sepak takraw,KIC,New,,,
2D0277E88943,CENTRE_KIC_NAGALA_D41312201C,KIC,Nagaland,Meluri,SPORT_BADMINTON,Badminton,Badminton,KIC,New,,,
CD8BF6679654,CENTRE_KIC_NAGALA_5882310B14,KIC,Nagaland,Chumoukedima,SPORT_FOOTBALL,Football,Football,KIC,New,,,
94EF7A2B84B8,CENTRE_KIC_NAGALA_D359F7C991,KIC,Nagaland,Chumoukedima,SPORT_TABLE_TENNIS,Table Tennis,Table Tennis,KIC,New,,,
589946B2D2C9,CENTRE_KIC_NAGALA_48B00C1921,KIC,Nagaland,Dimapur,SPORT_SHOOTING,Shooting,Shooting,KIC,New,,,
B6E003B61C13,CENTRE_KIC_NAGALA_778E51D59F,KIC,Nagaland,Dimapur,SPORT_FOOTBALL,Football,Football,KIC,New,,,
39D26856E656,CENTRE_KIC_NAGALA_C5D0CDEC03,KIC,Nagaland,Kiphire,SPORT_BADMINTON,Badminton,Badminton,KIC,New,,,
DF1A92741BF6,CENTRE_KIC_NAGALA_F6F4EECDB8,KIC,Nagaland,Kiphire,SPORT_FOOTBALL,Football,Football,KIC,New,,,
A04AA0D87C99,CENTRE_KIC_NAGALA_C3BA201C20,KIC,Nagaland,Kohima,SPORT_FOOTBALL,Football,Football,KIC,New,,,
380C738FAFC1,CENTRE_KIC_NAGALA_D59139F12A,KIC,Nagaland,Kohima,SPORT_HOCKEY,Hockey,Hockey,KIC,New,,,
2D4275ECAE67,CENTRE_KIC_NAGALA_54403224B0,KIC,Nagaland,Longleng,SPORT_BADMINTON,Badminton,Badminton,KIC,New,,,
B7FAECC24A0F,CENTRE_KIC_NAGALA_88C4CED4A9,KIC,Nagaland,Longleng,SPORT_FOOTBALL,Football,Football,KIC,New,,,
936799E06181,CENTRE_KIC_NAGALA_5D520F8FC6,KIC,Nagaland,Mokokchung,SPORT_BADMINTON,Badminton,Badminton,KIC,New,,,
780E123B5B84,CENTRE_KIC_NAGALA_EDEB9B6F20,KIC,Nagaland,Mokokchung,SPORT_SHOOTING,Shooting,Shooting,KIC,New,,,
4E7E94112569,CENTRE_KIC_NAGALA_E4CF7910A4,KIC,Nagaland,Niuland,SPORT_BADMINTON,Badminton,Badminton,KIC,New,,,
528B3CF34E5D,CENTRE_KIC_NAGALA_8739D40858,KIC,Nagaland,Niuland,SPORT_FOOTBALL,Football,Football,KIC,New,,,
4726636AC32D,CENTRE_KIC_NAGALA_AF95180885,KIC,Nagaland,Noklak,SPORT_ARCHERY,Archery,Archery,KIC,New,,,
6B79A859391B,CENTRE_KIC_NAGALA_8934ADEFF6,KIC,Nagaland,Noklak,SPORT_FOOTBALL,Football,Football,KIC,New,,,
C00969BB6FDA,CENTRE_KIC_NAGALA_287AB7642A,KIC,Nagaland,Peren,SPORT_BADMINTON,Badminton,Badminton,KIC,New,,,
9835F5F805D5,CENTRE_KIC_NAGALA_75FB1F21AC,KIC,Nagaland,Peren,SPORT_ARCHERY,Archery,Archery,KIC,New,,,
40F4337155DF,CENTRE_KIC_NAGALA_2AB886B924,KIC,Nagaland,Phek,SPORT_BADMINTON,Badminton,Badminton,KIC,New,,,
EFAF93D9C7AD,CENTRE_KIC_NAGALA_B2EE3878C3,KIC,Nagaland,Phek,SPORT_WRESTLING,Wrestling,Wrestling,KIC,New,,,
37387F4027BD,CENTRE_KIC_NAGALA_C5315D8A22,KIC,Nagaland,Shamator,SPORT_SEPAK_TAKRAW,Sepak Takraw,Sepak takraw,KIC,New,,,
5150B8D1686E,CENTRE_KIC_NAGALA_A509833858,KIC,Nagaland,Shamator,SPORT_FOOTBALL,Football,Football,KIC,New,,,
D2B18E398CC5,CENTRE_KIC_NAGALA_25E79925EC,KIC,Nagaland,Tseminyu,SPORT_TABLE_TENNIS,Table Tennis,Table Tennis,KIC,New,,,
1B207A963980,CENTRE_KIC_NAGALA_5B0ECA6AFA,KIC,Nagaland,Tseminyu,SPORT_FOOTBALL,Football,Football,KIC,New,,,
D5EEE8122DBD,CENTRE_KIC_NAGALA_B3405E992C,KIC,Nagaland,Tuensang,SPORT_TABLE_TENNIS,Table Tennis,Table Tennis,KIC,New,,,
AA9438B3D918,CENTRE_KIC_NAGALA_64FF915BA5,KIC,Nagaland,Tuensang,SPORT_FOOTBALL,Football,Football,KIC,New,,,
A0D1C6B3C7A7,CENTRE_KIC_NAGALA_D305495450,KIC,Nagaland,Wokha,SPORT_BADMINTON,Badminton,Badminton,KIC,New,,,
13AD3ED5A01C,CENTRE_KIC_NAGALA_9DCC890E87,KIC,Nagaland,Wokha,SPORT_BOXING,Boxing,Boxing,KIC,New,,,
331881FABE79,CENTRE_KIC_NAGALA_122B6AA873,KIC,Nagaland,Zunheboto,SPORT_BADMINTON,Badminton,Badminton,KIC,New,,,
0C0440B0A8D9,CENTRE_KIC_NAGALA_83FFE93E07,KIC,Nagaland,Zunheboto,SPORT_TABLE_TENNIS,Table Tennis,Table Tennis,KIC,New,,,
20B5343C1569,CENTRE_KIC_ODISHA_D70005682F,KIC,Odisha,Angul,SPORT_KHO_KHO,Kho Kho,Kho Kho,KIC,New,,,
6AA825627AE4,CENTRE_KIC_ODISHA_84E73A107A,KIC,Odisha,Balasore,SPORT_KHO_KHO,Kho Kho,Kho Kho,KIC,New,,,
A482949FD236,CENTRE_KIC_ODISHA_01EE7B4CA5,KIC,Odisha,Bargarh,SPORT_FOOTBALL,Football,Football,KIC,New,,,
F79161A4A7AF,CENTRE_KIC_ODISHA_AE20710D0B,KIC,Odisha,Belangir,SPORT_KHO_KHO,Kho Kho,Kho Kho,KIC,New,,,
25E4CBF0F4E7,CENTRE_KIC_ODISHA_9706F7E6AD,KIC,Odisha,Bhadrak,SPORT_TENNIKOIT,Tennikoit,Tennikoit,KIC,New,,,
69C8D6F3F98F,CENTRE_KIC_ODISHA_1A59F5DC00,KIC,Odisha,Boudh,SPORT_FOOTBALL,Football,Football,KIC,New,,,
5FB3BEBCE038,CENTRE_KIC_ODISHA_5F2E10A507,KIC,Odisha,Cuttack,SPORT_BASKETBALL,Basketball,Basketball,KIC,New,,,
056871A575D8,CENTRE_KIC_ODISHA_798BC5D3B1,KIC,Odisha,Deoghar,SPORT_FOOTBALL,Football,Football,KIC,New,,,
CBBE78DC7401,CENTRE_KIC_ODISHA_EE5A4D4ABA,KIC,Odisha,Dhenkanal,SPORT_KHO_KHO,Kho Kho,Kho Kho,KIC,New,,,
E7062D552FDF,CENTRE_KIC_ODISHA_DC1FDE73F3,KIC,Odisha,Gajapati,SPORT_KHO_KHO,Kho Kho,Kho Kho,KIC,New,,,
BC37B4F96008,CENTRE_KIC_ODISHA_CB9C9DF0E2,KIC,Odisha,Gajnam,SPORT_BASKETBALL,Basketball,Basketball,KIC,New,,,
B5F3D04F545D,CENTRE_KIC_ODISHA_4E40E8F0C5,KIC,Odisha,Jagatsinghpur,SPORT_KHO_KHO,Kho Kho,Kho Kho,KIC,New,,,
DA4F75829160,CENTRE_KIC_ODISHA_E6A106321D,KIC,Odisha,Jajpur,SPORT_FOOTBALL,Football,Football,KIC,New,,,
8C13FB522467,CENTRE_KIC_ODISHA_0E340C7D57,KIC,Odisha,Jharsuguda,SPORT_KHO_KHO,Kho Kho,Kho Kho,KIC,New,,,
9F3958CB92CA,CENTRE_KIC_ODISHA_715069C3F5,KIC,Odisha,Kalahandi,SPORT_YOGASANA,Yogasana,Yogasana,KIC,New,,,
6E21C07164EB,CENTRE_KIC_ODISHA_FBDBA8B550,KIC,Odisha,Kandhamal,SPORT_FOOTBALL,Football,Football,KIC,New,,,
4E7F64683B1C,CENTRE_KIC_ODISHA_98E532FDA8,KIC,Odisha,Kendrapada,SPORT_YOGASANA,Yogasana,Yogasana,KIC,New,,,
4DD5C19383B0,CENTRE_KIC_ODISHA_82E44F97BA,KIC,Odisha,Kendujhar,SPORT_KHO_KHO,Kho Kho,Kho Kho,KIC,New,,,
FBCB77C224C7,CENTRE_KIC_ODISHA_C77323E90E,KIC,Odisha,Khordha,SPORT_YOGASANA,Yogasana,Yogasana,KIC,New,,,
65713510576F,CENTRE_KIC_ODISHA_71E48435BE,KIC,Odisha,Khordha,SPORT_ARCHERY,Archery,Archery,KIC,Converted Centre,,,
1ED82512D450,CENTRE_KIC_ODISHA_3757DFEA3E,KIC,Odisha,Koraput,SPORT_FOOTBALL,Football,Football,KIC,New,,,
2F8838A3315F,CENTRE_KIC_ODISHA_5CEE26D21F,KIC,Odisha,Malkangiri,SPORT_VOLLEYBALL,Volleyball,Volleyball,KIC,New,,,
47015CD322B5,CENTRE_KIC_ODISHA_BF057B7D3D,KIC,Odisha,Mayurbhanj,SPORT_ATHLETICS,Athletics,Athletics,KIC,New,,,
5D0D7ADF2CF3,CENTRE_KIC_ODISHA_3095BDCF2A,KIC,Odisha,Nabarangpur,SPORT_ATHLETICS,Athletics,Athletics,KIC,New,,,
0456972BDED9,CENTRE_KIC_ODISHA_9B2BDF4E90,KIC,Odisha,Nayagarh,SPORT_FOOTBALL,Football,Football,KIC,New,,,
EA12430F236E,CENTRE_KIC_ODISHA_F75948DBED,KIC,Odisha,Nuapada,SPORT_KABADDI,Kabaddi,Kabaddi,KIC,New,,,
DCFBEC4088FD,CENTRE_KIC_ODISHA_50C7FC4BE1,KIC,Odisha,Puri,SPORT_KHO_KHO,Kho Kho,Kho Kho,KIC,New,,,
6EA91FFA6E04,CENTRE_KIC_ODISHA_0C5E8C37FA,KIC,Odisha,Rayagada,SPORT_HOCKEY,Hockey,Hockey,KIC,New,,,
6C5E54E72A62,CENTRE_KIC_ODISHA_F18F41E472,KIC,Odisha,Sambalpur,SPORT_FOOTBALL,Football,Football,KIC,New,,,
90C17B9E352B,CENTRE_KIC_ODISHA_D0B65F4A83,KIC,Odisha,Subarnapur,SPORT_ATHLETICS,Athletics,Athletics,KIC,New,,,
2C4B17EFD246,CENTRE_KIC_ODISHA_0ABAD35957,KIC,Odisha,Sundergarh,SPORT_FOOTBALL,Football,Football,KIC,New,,,
834E4B6542DE,CENTRE_KIC_PUDUCH_B97389E2E8,KIC,Puducherry,Karaikal,SPORT_BADMINTON,Badminton,Badminton,KIC,New,,,
046D8AFCAAC5,CENTRE_KIC_PUDUCH_F5CA1BC7CB,KIC,Puducherry,Mahe,SPORT_VOLLEYBALL,Volleyball,Volleyball,KIC,New,,,
DB17FEECEDC3,CENTRE_KIC_PUDUCH_BCF0CF9654,KIC,Puducherry,Puducherry,SPORT_FOOTBALL,Football,Football,KIC,New,,,
C1F3CF1B451E,CENTRE_KIC_PUDUCH_F4FCD4AD76,KIC,Puducherry,Yanam,SPORT_ATHLETICS,Athletics,Athletics,KIC,New,,,
581FFD04064E,CENTRE_KIC_PUNJAB_BE39DB98D1,KIC,Punjab,Amritsar,SPORT_JUDO,Judo,Judo,KIC,New,,,
9070DC4C9F46,CENTRE_KIC_PUNJAB_3EBCEB1559,KIC,Punjab,Amritsar,SPORT_HANDBALL,Handball,Handball,KIC,Converted Centre,,,
96A1DB6AB644,CENTRE_KIC_PUNJAB_3EBCEB1559,KIC,Punjab,Amritsar,SPORT_HOCKEY,Hockey,Hockey,KIC,Converted Centre,,,
62672ABFAFAC,CENTRE_KIC_PUNJAB_6A7416FAF6,KIC,Punjab,Barnala,SPORT_BADMINTON,Badminton,Badminton,KIC,New,,,
580208BC191B,CENTRE_KIC_PUNJAB_9BBFAEA802,KIC,Punjab,Bathinda,SPORT_WRESTLING,Wrestling,Wrestling,KIC,New,,,
670F326A2563,CENTRE_KIC_PUNJAB_6021C51F56,KIC,Punjab,Faridkot,SPORT_WRESTLING,Wrestling,Wrestling,KIC,New,,,
2C43023077AC,CENTRE_KIC_PUNJAB_43382C8476,KIC,Punjab,Fatehgarh Sahib,SPORT_ATHLETICS,Athletics,Athletics,KIC,New,,,
789B253F8B22,CENTRE_KIC_PUNJAB_9E450E25A6,KIC,Punjab,Fazilka,SPORT_WRESTLING,Wrestling,Wrestling,KIC,New,,,
713080E4FB68,CENTRE_KIC_PUNJAB_B1E55DCA70,KIC,Punjab,Firozpur,SPORT_WRESTLING,Wrestling,Wrestling,KIC,New,,,
D7A19AD6A325,CENTRE_KIC_PUNJAB_26FDB37325,KIC,Punjab,Gurdaspur,SPORT_ATHLETICS,Athletics,Athletics,KIC,New,,,
53D39BD45258,CENTRE_KIC_PUNJAB_A1CFC0DA0E,KIC,Punjab,Gurdaspur,SPORT_HOCKEY,Hockey,Hockey,KIC,New,,,
13B48688D218,CENTRE_KIC_PUNJAB_559644ADCA,KIC,Punjab,Hoshiarpur,SPORT_ATHLETICS,Athletics,Athletics,KIC,New,,,
220959C4A31E,CENTRE_KIC_PUNJAB_C7B4F77F81,KIC,Punjab,Jalandhar,SPORT_ATHLETICS,Athletics,Athletics,KIC,New,,,
86078BAA0B24,CENTRE_KIC_PUNJAB_3E0B5F6B8F,KIC,Punjab,Kapurthala,SPORT_FOOTBALL,Football,Football,KIC,New,,,
193E037F9076,CENTRE_KIC_PUNJAB_B7F05C4BD9,KIC,Punjab,Ludhiana,SPORT_CYCLING,Cycling,Cycling,KIC,New,,,
61EB8C9641CE,CENTRE_KIC_PUNJAB_73E73DE87F,KIC,Punjab,Malerkotla,SPORT_BOXING,Boxing,Boxing,KIC,New,,,
0387CF3C4175,CENTRE_KIC_PUNJAB_7620D04057,KIC,Punjab,Mansa,SPORT_WRESTLING,Wrestling,Wrestling,KIC,New,,,
39C623824783,CENTRE_KIC_PUNJAB_10699C9732,KIC,Punjab,Moga,SPORT_FOOTBALL,Football,Football,KIC,New,,,
80E3A69E79EE,CENTRE_KIC_PUNJAB_9CA6E1D2D2,KIC,Punjab,Pathankot,SPORT_FOOTBALL,Football,Football,KIC,New,,,
818747AF629D,CENTRE_KIC_PUNJAB_C7887A9FEE,KIC,Punjab,Patiala,SPORT_ATHLETICS,Athletics,Athletics,KIC,New,,,
D463F696AEA4,CENTRE_KIC_PUNJAB_584E8274AB,KIC,Punjab,Rupnagar,SPORT_ATHLETICS,Athletics,Athletics,KIC,New,,,
145D375B7D05,CENTRE_KIC_PUNJAB_572753AF34,KIC,Punjab,Rupnagar,SPORT_HANDBALL,Handball,Handball,KIC,Converted Centre,,,
4E66532C507F,CENTRE_KIC_PUNJAB_28D17B00C5,KIC,Punjab,Sahibzada Ajit Singh Nagar,SPORT_WEIGHTLIFTING,Weightlifting,Weightlifting,KIC,Converted Centre,,,
86660314E173,CENTRE_KIC_PUNJAB_425DF5F955,KIC,Punjab,Sahibzada Ajit Singh Nagar,SPORT_JUDO,Judo,Judo,KIC,Converted Centre,,,
31E6A9900528,CENTRE_KIC_PUNJAB_94A4CFA219,KIC,Punjab,Sahibzada Ajit Singh Nagar,SPORT_FOOTBALL,Football,Football,KIC,New,,,
D00969D98DDB,CENTRE_KIC_PUNJAB_967397AC9A,KIC,Punjab,Sangrur,SPORT_ATHLETICS,Athletics,Athletics,KIC,New,,,
262B245A4D6A,CENTRE_KIC_PUNJAB_2BA129E1A7,KIC,Punjab,Shahid Bhagat Singh Nagar,SPORT_ATHLETICS,Athletics,Athletics,KIC,New,,,
10886E84CD88,CENTRE_KIC_PUNJAB_BC01E6B252,KIC,Punjab,Sri Mukatsar Sahib,SPORT_HOCKEY,Hockey,Hockey,KIC,New,,,
0B6998ACA20D,CENTRE_KIC_PUNJAB_31410C5DD2,KIC,Punjab,Tarn Taran,SPORT_FENCING,Fencing,Fencing,KIC,New,,,
251E120D29C8,CENTRE_KIC_PUNJAB_5741B33EA9,KIC,Punjab,Tarn Taran,SPORT_ATHLETICS,Athletics,Athletics,KIC,Converted Centre,,,
3BA3AE40EBFC,CENTRE_KIC_RAJAST_934D7CD112,KIC,Rajasthan,Ajmer,SPORT_BASKETBALL,Basketball,Basketball,KIC,New,,,
1CF2C0A235D5,CENTRE_KIC_RAJAST_8709D4AEDA,KIC,Rajasthan,Ajmer,SPORT_BASKETBALL,Basketball,Basketball,KIC,Converted Centre,,,
65F49419C75E,CENTRE_KIC_RAJAST_17B91628B7,KIC,Rajasthan,Alwar,SPORT_ATHLETICS,Athletics,Athletics,KIC,New,,,
C4AAB692AE0D,CENTRE_KIC_RAJAST_5DFB1524CC,KIC,Rajasthan,Anupgarh,SPORT_ATHLETICS,Athletics,Athletics,KIC,New,,,
B09654EB001F,CENTRE_KIC_RAJAST_9D84EB1925,KIC,Rajasthan,Balotra,SPORT_VOLLEYBALL,Volleyball,Volleyball,KIC,New,,,
14FDD6F49321,CENTRE_KIC_RAJAST_497BC4FD86,KIC,Rajasthan,Banswara,SPORT_ARCHERY,Archery,Archery,KIC,New,,,
4D73BC0885FD,CENTRE_KIC_RAJAST_FEBCF3E059,KIC,Rajasthan,Baran,SPORT_HOCKEY,Hockey,Hockey,KIC,New,,,
14F1349306A9,CENTRE_KIC_RAJAST_2072BD6A7D,KIC,Rajasthan,Barmer,SPORT_BASKETBALL,Basketball,Basketball,KIC,New,,,
288A22D8B0BF,CENTRE_KIC_RAJAST_32258A6FC0,KIC,Rajasthan,Beawar,SPORT_WRESTLING,Wrestling,Wrestling,KIC,New,,,
0253C626B0EA,CENTRE_KIC_RAJAST_B773CF0F3E,KIC,Rajasthan,Bharatpur,SPORT_BASEBALL_SOFTBALL,Baseball/Softball,Softball,KIC,New,,,
DB6C1F7FD0B1,CENTRE_KIC_RAJAST_FFAF2E79EB,KIC,Rajasthan,Bhilwara,SPORT_WRESTLING,Wrestling,Wrestling,KIC,New,,,
DF3406EDD898,CENTRE_KIC_RAJAST_8F246097D8,KIC,Rajasthan,Bikaner,SPORT_CYCLING,Cycling,Cycling,KIC,New,,,
FD98F2B38A65,CENTRE_KIC_RAJAST_2223A37D6D,KIC,Rajasthan,Bundi,SPORT_VOLLEYBALL,Volleyball,Volleyball,KIC,New,,,
FB65E501B0FD,CENTRE_KIC_RAJAST_968A7102B7,KIC,Rajasthan,Chittaurgarh,SPORT_BASKETBALL,Basketball,Basketball,KIC,New,,,
1BC83A0869EC,CENTRE_KIC_RAJAST_B8F1224F02,KIC,Rajasthan,Churu,SPORT_TABLE_TENNIS,Table Tennis,Table Tennis,KIC,Converted Centre,,,
EF1E4C53EF5D,CENTRE_KIC_RAJAST_BCF91B2C6D,KIC,Rajasthan,Churu,SPORT_HANDBALL,Handball,Handball,KIC,Converted Centre,,,
6EE8A24DC6BE,CENTRE_KIC_RAJAST_940BF941FB,KIC,Rajasthan,Churu,SPORT_ATHLETICS,Athletics,Athletics,KIC,Converted Centre,,,
9DA66A45D2BF,CENTRE_KIC_RAJAST_543363CD9D,KIC,Rajasthan,Churu,SPORT_HOCKEY,Hockey,Hockey,KIC,Converted Centre,,,
8D2726A74DED,CENTRE_KIC_RAJAST_178E5886FF,KIC,Rajasthan,Churu,SPORT_VOLLEYBALL,Volleyball,Volleyball,KIC,New,,,
C4C015F1A119,CENTRE_KIC_RAJAST_2FE789115E,KIC,Rajasthan,Dausa,SPORT_ATHLETICS,Athletics,Athletics,KIC,New,,,
ECE06DC369EE,CENTRE_KIC_RAJAST_E85E61868B,KIC,Rajasthan,Deeg,SPORT_WRESTLING,Wrestling,Wrestling,KIC,New,,,
668E42917249,CENTRE_KIC_RAJAST_90D33B170F,KIC,Rajasthan,Dhaulpur,SPORT_BADMINTON,Badminton,Badminton,KIC,New,,,
42D55E6EF28E,CENTRE_KIC_RAJAST_DEA3F226BC,KIC,Rajasthan,Didwana-Kuchaman,SPORT_BASKETBALL,Basketball,Basketball,KIC,New,,,
26908A08735D,CENTRE_KIC_RAJAST_343332723D,KIC,Rajasthan,Dudu,SPORT_KHO_KHO,Kho Kho,Kho Kho,KIC,New,,,
E75838FCEA8D,CENTRE_KIC_RAJAST_21B43308D9,KIC,Rajasthan,Dungarpur,SPORT_ARCHERY,Archery,Archery,KIC,New,,,
F43C7C688326,CENTRE_KIC_RAJAST_09197E46D6,KIC,Rajasthan,Ganganagar,SPORT_ATHLETICS,Athletics,Athletics,KIC,New,,,
D77D4809E2F1,CENTRE_KIC_RAJAST_0E87A4C7E6,KIC,Rajasthan,Ganganagar,SPORT_HANDBALL,Handball,Handball,KIC,Converted Centre,,,
C4FD88EF86F0,CENTRE_KIC_RAJAST_0E87A4C7E6,KIC,Rajasthan,Ganganagar,SPORT_TABLE_TENNIS,Table Tennis,Table Tennis,KIC,Converted Centre,,,
FBBD2794EA38,CENTRE_KIC_RAJAST_6245DA1FC7,KIC,Rajasthan,Ganganagar,SPORT_KABADDI,Kabaddi,Kabaddi,KIC,Converted Centre,,,
A5B6375CB904,CENTRE_KIC_RAJAST_8D0CC850B9,KIC,Rajasthan,Ganganagar,SPORT_VOLLEYBALL,Volleyball,Volleyball,KIC,Converted Centre,,,
08182E3A7C19,CENTRE_KIC_RAJAST_8B2D32A2BD,KIC,Rajasthan,Gangapur City,SPORT_TAEKWONDO,Taekwondo,Taekwondo,KIC,New,,,
73CCF696293E,CENTRE_KIC_RAJAST_C415AF5EB6,KIC,Rajasthan,Hanumangarh,SPORT_ATHLETICS,Athletics,Athletics,KIC,New,,,
3A7F41CAA984,CENTRE_KIC_RAJAST_FB5315DFA5,KIC,Rajasthan,Hanumangarh,SPORT_BASKETBALL,Basketball,Basketball,KIC,Converted Centre,,,
E0E9E1699927,CENTRE_KIC_RAJAST_6784DECCBA,KIC,Rajasthan,Jaipur (Rural),SPORT_KABADDI,Kabaddi,Kabaddi,KIC,New,,,
7A8EA3DFCAE0,CENTRE_KIC_RAJAST_851FA41747,KIC,Rajasthan,Jaipur (Urban),SPORT_WUSHU,Wushu,Wushu,KIC,New,,,
750FEE5DAA0D,CENTRE_KIC_RAJAST_90FDFF0035,KIC,Rajasthan,Jaisalmer,SPORT_BASKETBALL,Basketball,Basketball,KIC,New,,,
3F1D29B774EA,CENTRE_KIC_RAJAST_EB7B01B7CB,KIC,Rajasthan,Jalor,SPORT_BASKETBALL,Basketball,Basketball,KIC,New,,,
6811E4F02D0E,CENTRE_KIC_RAJAST_B85346CA3C,KIC,Rajasthan,Jhalawar,SPORT_BASEBALL_SOFTBALL,Baseball/Softball,Softball,KIC,New,,,
FDD9378310D1,CENTRE_KIC_RAJAST_1F1BEAEC91,KIC,Rajasthan,Jhodpur (Rural),SPORT_WRESTLING,Wrestling,Wrestling,KIC,New,,,
421E66E3B771,CENTRE_KIC_RAJAST_F94EAB908F,KIC,Rajasthan,Jhodpur (urban),SPORT_FOOTBALL,Football,Football,KIC,New,,,
9E7D5C9C909D,CENTRE_KIC_RAJAST_C207338F71,KIC,Rajasthan,Jhunjhunu,SPORT_ATHLETICS,Athletics,Athletics,KIC,New,,,
D61946834344,CENTRE_KIC_RAJAST_F3A6F29EDE,KIC,Rajasthan,Karauli,SPORT_KABADDI,Kabaddi,Kabaddi,KIC,New,,,
1769FDA5AAF3,CENTRE_KIC_RAJAST_83BE5849FD,KIC,Rajasthan,Kekri,SPORT_KHO_KHO,Kho Kho,Kho Kho,KIC,New,,,
11F15C732E8B,CENTRE_KIC_RAJAST_B68000D5CC,KIC,Rajasthan,Khertal-Tijara,SPORT_WRESTLING,Wrestling,Wrestling,KIC,New,,,
55E3865DF868,CENTRE_KIC_RAJAST_3323602BFE,KIC,Rajasthan,Kota,SPORT_BOXING,Boxing,Boxing,KIC,New,,,
2D5A09E7C99D,CENTRE_KIC_RAJAST_382E1624EA,KIC,Rajasthan,Kotputali,SPORT_BASKETBALL,Basketball,Basketball,KIC,New,,,
4176C33AF9B3,CENTRE_KIC_RAJAST_F69968C354,KIC,Rajasthan,Nagaur,SPORT_BASEBALL_SOFTBALL,Baseball/Softball,Softball,KIC,New,,,
5445391D9FB6,CENTRE_KIC_RAJAST_770A186079,KIC,Rajasthan,Neem Ka Thana,SPORT_WRESTLING,Wrestling,Wrestling,KIC,New,,,
FAE6F5D4CD22,CENTRE_KIC_RAJAST_C5282528C9,KIC,Rajasthan,Pali,SPORT_BADMINTON,Badminton,Badminton,KIC,New,,,
6E3378EDA4A0,CENTRE_KIC_RAJAST_5D86BDD1E3,KIC,Rajasthan,Phalodi,SPORT_ATHLETICS,Athletics,Athletics,KIC,New,,,
4D6C2044A5A5,CENTRE_KIC_RAJAST_F783E376E4,KIC,Rajasthan,Pratapgarh,SPORT_ARCHERY,Archery,Archery,KIC,New,,,
B30513843106,CENTRE_KIC_RAJAST_24A4E96707,KIC,Rajasthan,Rajsamand,SPORT_BADMINTON,Badminton,Badminton,KIC,New,,,
80E9DF532843,CENTRE_KIC_RAJAST_676732714D,KIC,Rajasthan,Salumber,SPORT_FOOTBALL,Football,Football,KIC,New,,,
B311627A84B0,CENTRE_KIC_RAJAST_1BE02A8FE1,KIC,Rajasthan,Sanchore,SPORT_BASEBALL_SOFTBALL,Baseball/Softball,Shoftball,KIC,New,,,
C5DADC7CC3CB,CENTRE_KIC_RAJAST_E0837B8EBD,KIC,Rajasthan,Sawai Madhopur,SPORT_FOOTBALL,Football,Football,KIC,New,,,
A938BD353276,CENTRE_KIC_RAJAST_537AF90CEE,KIC,Rajasthan,Shahpura,SPORT_AQUATICS,Aquatics,Swimming,KIC,New,,,
F0B6DD169031,CENTRE_KIC_RAJAST_D8658E3220,KIC,Rajasthan,Sikar,SPORT_HOCKEY,Hockey,Hockey,KIC,Converted Centre,,,
141373E29AD3,CENTRE_KIC_RAJAST_20E9B1789F,KIC,Rajasthan,Sikar,SPORT_BASKETBALL,Basketball,Basketball,KIC,New,,,
74CBB2EF158E,CENTRE_KIC_RAJAST_A32928EBE0,KIC,Rajasthan,Sirohi,SPORT_HOCKEY,Hockey,Hockey,KIC,New,,,
65DFCB8E73EE,CENTRE_KIC_RAJAST_9749D7FC50,KIC,Rajasthan,Tonk,SPORT_WEIGHTLIFTING,Weightlifting,Weightlifting,KIC,New,,,
C9F6159C6763,CENTRE_KIC_RAJAST_1567C30DD0,KIC,Rajasthan,Udaipur,SPORT_JUDO,Judo,Judo,KIC,New,,,
1203F9FB5069,CENTRE_KIC_SIKKIM_6AC1C039F1,KIC,Sikkim,Gangtok,SPORT_BOXING,Boxing,Boxing,KIC,New,,,
CAD5873F8F43,CENTRE_KIC_SIKKIM_4F38CE1880,KIC,Sikkim,Gyalshing,SPORT_ARCHERY,Archery,Archery,KIC,New,,,
156B903CD8C5,CENTRE_KIC_SIKKIM_BB45FEAE86,KIC,Sikkim,Gyalshing,SPORT_ATHLETICS,Athletics,Athletics,KIC,New,,,
6A2578F3A417,CENTRE_KIC_SIKKIM_EC044A6645,KIC,Sikkim,Mangan,SPORT_ARCHERY,Archery,Archery,KIC,New,,,
E9E694E421F7,CENTRE_KIC_SIKKIM_76515B27B6,KIC,Sikkim,Mangan,SPORT_BOXING,Boxing,Boxing,KIC,New,,,
BF99ED1E9FD1,CENTRE_KIC_SIKKIM_E43841E73A,KIC,Sikkim,Pakyong,SPORT_ATHLETICS,Athletics,Athletics,KIC,New,,,
110F3675FA10,CENTRE_KIC_SIKKIM_D005E7AB3F,KIC,Sikkim,Pakyong,SPORT_FOOTBALL,Football,Football,KIC,New,,,
5EBE60140883,CENTRE_KIC_SIKKIM_8ACAD910D2,KIC,Sikkim,Soreng,SPORT_BADMINTON,Badminton,Badminton,KIC,New,,,
626073449C7F,CENTRE_KIC_SIKKIM_62B1434D40,KIC,Sikkim,Soreng,SPORT_BOXING,Boxing,Boxing,KIC,New,,,
95FB937C701B,CENTRE_KIC_SIKKIM_C4999C0CA7,KIC,Sikkim,Namchi,SPORT_FOOTBALL,Football,Football,KIC,New,,,
97534DF6DE44,CENTRE_KIC_SIKKIM_4102D25FAA,KIC,Sikkim,Namchi,SPORT_ARCHERY,Archery,Archery,KIC,New,,,
E1E8AD72AB42,CENTRE_KIC_TAMIL__EC18F983E2,KIC,Tamil Nadu,Ariyalur,SPORT_HOCKEY,Hockey,Hockey,KIC,New,,,
84123348559F,CENTRE_KIC_TAMIL__5EF146EAEA,KIC,Tamil Nadu,Chengalpattu,SPORT_FENCING,Fencing,Fencing,KIC,New,,,
141D6B396EA1,CENTRE_KIC_TAMIL__A10F8F7C9A,KIC,Tamil Nadu,Chennai,SPORT_ARCHERY,Archery,Archery,KIC,New,,,
12ED265F8E8E,CENTRE_KIC_TAMIL__137B3C8298,KIC,Tamil Nadu,Coimbatore,SPORT_FOOTBALL,Football,Football,KIC,New,,,
7C6614E610F0,CENTRE_KIC_TAMIL__5CF806329A,KIC,Tamil Nadu,Cuddalore,SPORT_FOOTBALL,Football,Football,KIC,New,,,
59B5E589C156,CENTRE_KIC_TAMIL__D15BD80691,KIC,Tamil Nadu,Dharmapuri,SPORT_ATHLETICS,Athletics,Athletics,KIC,New,,,
FE9D59DBD57D,CENTRE_KIC_TAMIL__E1F85ABB27,KIC,Tamil Nadu,Dindigul,SPORT_FOOTBALL,Football,Football,KIC,New,,,
E98C0551C734,CENTRE_KIC_TAMIL__E9CB116D98,KIC,Tamil Nadu,Erode,SPORT_BASKETBALL,Basketball,Basketball,KIC,New,,,
CAC5947FD964,CENTRE_KIC_TAMIL__D0C062A1B3,KIC,Tamil Nadu,Kallakurichchi,SPORT_KABADDI,Kabaddi,Kabaddi,KIC,New,,,
B596074FCD90,CENTRE_KIC_TAMIL__2AB31F6EF3,KIC,Tamil Nadu,Kanchipuram,SPORT_JUDO,Judo,Judo,KIC,New,,,
FB9851B41118,CENTRE_KIC_TAMIL__0F4E6B4B75,KIC,Tamil Nadu,Kanniyakumari,SPORT_ATHLETICS,Athletics,Athletics,KIC,New,,,
64A423126785,CENTRE_KIC_TAMIL__6622DA3B32,KIC,Tamil Nadu,Karur,SPORT_JUDO,Judo,Judo,KIC,New,,,
7D309E5D0806,CENTRE_KIC_TAMIL__ED27E7AAA2,KIC,Tamil Nadu,Krishnagiri,SPORT_ATHLETICS,Athletics,Athletics,KIC,New,,,
AE86429EDBEB,CENTRE_KIC_TAMIL__8AD2B8B92E,KIC,Tamil Nadu,Madurai,SPORT_HOCKEY,Hockey,Hockey,KIC,New,,,
1E4621BEF5FC,CENTRE_KIC_TAMIL__F0A40EF142,KIC,Tamil Nadu,Mayiladuthurai,SPORT_WEIGHTLIFTING,Weightlifting,Weightlifting,KIC,New,,,
9369AD14F676,CENTRE_KIC_TAMIL__C22EB6701D,KIC,Tamil Nadu,Nagapattinam,SPORT_VOLLEYBALL,Volleyball,Volleyball,KIC,New,,,
FDECC16A162D,CENTRE_KIC_TAMIL__D96319FC91,KIC,Tamil Nadu,Namakkal,SPORT_VOLLEYBALL,Volleyball,Volleyball,KIC,New,,,
47AA4E8A6782,CENTRE_KIC_TAMIL__9712DBB611,KIC,Tamil Nadu,Perambalur,SPORT_ATHLETICS,Athletics,Athletics,KIC,New,,,
0892C75B2A55,CENTRE_KIC_TAMIL__4A944CB76A,KIC,Tamil Nadu,Pudukkottai,SPORT_BOXING,Boxing,Boxing,KIC,New,,,
99F43FC8668C,CENTRE_KIC_TAMIL__E2007A3363,KIC,Tamil Nadu,Ramanathapuram,SPORT_JUDO,Judo,Judo,KIC,New,,,
206B20EC2080,CENTRE_KIC_TAMIL__5219D10B86,KIC,Tamil Nadu,Ranipet,SPORT_VOLLEYBALL,Volleyball,Volleyball,KIC,New,,,
428D6575B352,CENTRE_KIC_TAMIL__B00969FC85,KIC,Tamil Nadu,Salem,SPORT_BOXING,Boxing,Boxing,KIC,New,,,
89AC670D7622,CENTRE_KIC_TAMIL__C84FD34FE2,KIC,Tamil Nadu,Sivaganga,SPORT_KHO_KHO,Kho Kho,Kho Kho,KIC,New,,,
6AD3F503FE5F,CENTRE_KIC_TAMIL__1DAD3C0E93,KIC,Tamil Nadu,Tenkasi,SPORT_WEIGHTLIFTING,Weightlifting,Weightlifting,KIC,New,,,
5C96FC8FBC81,CENTRE_KIC_TAMIL__DC302ECC8A,KIC,Tamil Nadu,Thanjavur,SPORT_WEIGHTLIFTING,Weightlifting,Weightlifting,KIC,New,,,
2CF2D13E63A5,CENTRE_KIC_TAMIL__A89B162921,KIC,Tamil Nadu,The Nilgiris,SPORT_HOCKEY,Hockey,Hockey,KIC,New,,,
4A923F8589B9,CENTRE_KIC_TAMIL__9DE2060A47,KIC,Tamil Nadu,Theni,SPORT_KABADDI,Kabaddi,Kabaddi,KIC,New,,,
3BE32D075554,CENTRE_KIC_TAMIL__0E2CE2775F,KIC,Tamil Nadu,Thiruvallur,SPORT_FOOTBALL,Football,Football,KIC,New,,,
840F5988AAC0,CENTRE_KIC_TAMIL__A11D35EA06,KIC,Tamil Nadu,Thiruvarur,SPORT_VOLLEYBALL,Volleyball,Volleyball,KIC,New,,,
9EEF2A66570A,CENTRE_KIC_TAMIL__63E82080FB,KIC,Tamil Nadu,Thiruvarur,SPORT_KABADDI,Kabaddi,Kabaddi,KIC,Converted Centre,,,
C772266559A4,CENTRE_KIC_TAMIL__334097B81E,KIC,Tamil Nadu,Thoothukkudi,SPORT_VOLLEYBALL,Volleyball,Volleyball,KIC,New,,,
C2CA55280183,CENTRE_KIC_TAMIL__2CCC591A5F,KIC,Tamil Nadu,Tiruchirappalli,SPORT_WRESTLING,Wrestling,Wrestling,KIC,New,,,
93D760CE6D30,CENTRE_KIC_TAMIL__E0482E2543,KIC,Tamil Nadu,Tirunelveli,SPORT_AQUATICS,Aquatics,Swimming,KIC,New,,,
EDFAA2DD8D68,CENTRE_KIC_TAMIL__520C5D399F,KIC,Tamil Nadu,Tiruppattur,SPORT_FOOTBALL,Football,Football,KIC,New,,,
6A79D206E8A5,CENTRE_KIC_TAMIL__C9DC8159A2,KIC,Tamil Nadu,Tiruppur,SPORT_ATHLETICS,Athletics,Athletics,KIC,New,,,
563796244448,CENTRE_KIC_TAMIL__06B90753FE,KIC,Tamil Nadu,Tiruvannamalai,SPORT_AQUATICS,Aquatics,Swimming,KIC,New,,,
5C27EB384B64,CENTRE_KIC_TAMIL__01495E2736,KIC,Tamil Nadu,Vellore,SPORT_FOOTBALL,Football,Football,KIC,New,,,
F226C0B70EB2,CENTRE_KIC_TAMIL__B127C0D3CA,KIC,Tamil Nadu,Viluppuram,SPORT_MALLAKHAMB,Mallakhamb,Mallakhamb,KIC,New,,,
283BDE8A2FDF,CENTRE_KIC_TAMIL__BBF45B3C54,KIC,Tamil Nadu,Virudhunagar,SPORT_HOCKEY,Hockey,Hockey,KIC,New,,,
E21F2BFB42DB,CENTRE_KIC_TELANG_6B258CCE76,KIC,Telangana,Adilabad,SPORT_HOCKEY,Hockey,Hockey,KIC,New,,,
24848E333DC1,CENTRE_KIC_TELANG_881196A735,KIC,Telangana,Bhadradri Kothagudem,SPORT_ARCHERY,Archery,Archery,KIC,New,,,
166A1D55766A,CENTRE_KIC_TELANG_537A499E3F,KIC,Telangana,Hanumakonda,SPORT_BOXING,Boxing,Boxing,KIC,New,,,
A352B9351886,CENTRE_KIC_TELANG_4467968A60,KIC,Telangana,Hyderabad,SPORT_KABADDI,Kabaddi,Kabaddi,KIC,New,,,
FEBB9FB71015,CENTRE_KIC_TELANG_4D3A8085B5,KIC,Telangana,Jagtial,SPORT_BOXING,Boxing,Boxing,KIC,New,,,
CC1D82EBB92D,CENTRE_KIC_TELANG_B0A356E061,KIC,Telangana,Jangaon,SPORT_KABADDI,Kabaddi,Kabaddi,KIC,New,,,
D38EC5463CE4,CENTRE_KIC_TELANG_DAED8FF345,KIC,Telangana,Jayashankar Bhupalpally,SPORT_KABADDI,Kabaddi,Kabaddi,KIC,New,,,
22C005804690,CENTRE_KIC_TELANG_98D6C94173,KIC,Telangana,Jogulamba Gadwal,SPORT_FOOTBALL,Football,Football,KIC,New,,,
4640B46DD736,CENTRE_KIC_TELANG_26863EF716,KIC,Telangana,Kamareddy,SPORT_BADMINTON,Badminton,Badminton,KIC,New,,,
0D9C4857FF05,CENTRE_KIC_TELANG_EF21DFA814,KIC,Telangana,Karimnagar,SPORT_JUDO,Judo,Judo,KIC,New,,,
2D19C4D013C5,CENTRE_KIC_TELANG_742B07808C,KIC,Telangana,Khammam,SPORT_ARCHERY,Archery,Archery,KIC,New,,,
51D1F870D847,CENTRE_KIC_TELANG_C3356EBDCB,KIC,Telangana,Kumuram Bheem Asifabad,SPORT_SHOOTING_BALL,Shooting Ball,Shooting Ball,KIC,New,,,
E5D936D957A3,CENTRE_KIC_TELANG_8A4F95842B,KIC,Telangana,Mahabubabad,SPORT_KHO_KHO,Kho Kho,Kho Kho,KIC,New,,,
EC7EB65E15E1,CENTRE_KIC_TELANG_A3B2308078,KIC,Telangana,Mahabubnagar,SPORT_FOOTBALL,Football,Football,KIC,New,,,
70B914DD235E,CENTRE_KIC_TELANG_26E02A8AE1,KIC,Telangana,Mancherial,SPORT_BOXING,Boxing,Boxing,KIC,New,,,
76D93162F446,CENTRE_KIC_TELANG_32EE69C78E,KIC,Telangana,Medak,SPORT_CYCLING,Cycling,Cycling,KIC,New,,,
AF43A91BD89F,CENTRE_KIC_TELANG_7BD1D94847,KIC,Telangana,Medchal-Malkajgiri,SPORT_CYCLING,Cycling,Cycling,KIC,New,,,
17C264308AF2,CENTRE_KIC_TELANG_757C6BD27C,KIC,Telangana,Mulugu,SPORT_CYCLING,Cycling,Cycling,KIC,New,,,
D9E025AC29C9,CENTRE_KIC_TELANG_DACBDD527E,KIC,Telangana,Nagarkurnool,SPORT_KABADDI,Kabaddi,Kabaddi,KIC,New,,,
D2BA2B954B9B,CENTRE_KIC_TELANG_39034F1667,KIC,Telangana,Nalgonda,SPORT_HOCKEY,Hockey,Hockey,KIC,New,,,
41EFB4762493,CENTRE_KIC_TELANG_BCD6DABA2E,KIC,Telangana,Narayanpet,SPORT_ATHLETICS,Athletics,Athletics,KIC,New,,,
327D0334EE76,CENTRE_KIC_TELANG_5549CCFD29,KIC,Telangana,Nirmal,SPORT_WUSHU,Wushu,Wushu,KIC,New,,,
F5D47EB94DD0,CENTRE_KIC_TELANG_951334CFD8,KIC,Telangana,Nizamabad,SPORT_ARCHERY,Archery,Archery,KIC,New,,,
D2FCA0496BD2,CENTRE_KIC_TELANG_695F3C988C,KIC,Telangana,Peddapalli,SPORT_KHO_KHO,Kho Kho,Kho Kho,KIC,New,,,
286C2BE4625E,CENTRE_KIC_TELANG_586E9304E7,KIC,Telangana,Rajanna Sircilla,SPORT_KABADDI,Kabaddi,Kabaddi,KIC,New,,,
F8CF68B8D260,CENTRE_KIC_TELANG_5568F6213C,KIC,Telangana,Ranga Reddy,SPORT_BADMINTON,Badminton,Badminton,KIC,New,,,
8D5609B3403D,CENTRE_KIC_TELANG_68E8F3D525,KIC,Telangana,Sangareddy,SPORT_KABADDI,Kabaddi,Kabaddi,KIC,New,,,
A5AC57A418E8,CENTRE_KIC_TELANG_527CADC0DC,KIC,Telangana,Siddipet,SPORT_CYCLING,Cycling,Cycling,KIC,New,,,
EF89B5F2B740,CENTRE_KIC_TELANG_7D178292F8,KIC,Telangana,Suryapet,SPORT_KABADDI,Kabaddi,Kabaddi,KIC,New,,,
95D23871F410,CENTRE_KIC_TELANG_D2ED47BBD5,KIC,Telangana,Vikarabad,SPORT_KHO_KHO,Kho Kho,Kho Kho,KIC,New,,,
7DF29F79C6E6,CENTRE_KIC_TELANG_CE0AC7DFAE,KIC,Telangana,Wanaparthy,SPORT_FOOTBALL,Football,Football,KIC,New,,,
385F8B0EDDA7,CENTRE_KIC_TELANG_73EC0671DE,KIC,Telangana,Warangal,SPORT_JUDO,Judo,Judo,KIC,New,,,
6F39A1056FCB,CENTRE_KIC_TELANG_A418BF1AAA,KIC,Telangana,Yadadri,SPORT_HOCKEY,Hockey,Hockey,KIC,New,,,
9DBCBEA17F75,CENTRE_KIC_TRIPUR_75DE7079AF,KIC,Tripura,Dhalai,SPORT_JUDO,Judo,Judo,KIC,New,,,
75FC59585301,CENTRE_KIC_TRIPUR_1D4BB31E49,KIC,Tripura,Dhalai,SPORT_AQUATICS,Aquatics,Swimming,KIC,New,,,
CECBC3E3510C,CENTRE_KIC_TRIPUR_798EF8E918,KIC,Tripura,Gomati,SPORT_JUDO,Judo,Judo,KIC,New,,,
B31775168128,CENTRE_KIC_TRIPUR_6F0CF7B625,KIC,Tripura,Gomati,SPORT_AQUATICS,Aquatics,Swimming,KIC,New,,,
7C9D38BC4E2C,CENTRE_KIC_TRIPUR_7C7AE66D13,KIC,Tripura,Khowai,SPORT_JUDO,Judo,Judo,KIC,New,,,
7136B1AF1B6D,CENTRE_KIC_TRIPUR_7F15496298,KIC,Tripura,Khowai,SPORT_JUDO,Judo,Judo,KIC,New,,,
BF6EF583D5C2,CENTRE_KIC_TRIPUR_3637393573,KIC,Tripura,North Tripura,SPORT_JUDO,Judo,Judo,KIC,New,,,
B387F74205D4,CENTRE_KIC_TRIPUR_37CC0CF551,KIC,Tripura,North Tripura,SPORT_JUDO,Judo,Judo,KIC,New,,,
E84256601DCA,CENTRE_KIC_TRIPUR_DD2A919D4C,KIC,Tripura,Sepahijala,SPORT_JUDO,Judo,Judo,KIC,New,,,
39B5760BC451,CENTRE_KIC_TRIPUR_5E3FC98B45,KIC,Tripura,Sepahijala,SPORT_JUDO,Judo,Judo,KIC,New,,,
115607385E4E,CENTRE_KIC_TRIPUR_CFF993D8C3,KIC,Tripura,South Tripura,SPORT_JUDO,Judo,Judo,KIC,New,,,
09E44EBAB710,CENTRE_KIC_TRIPUR_8C9E399A98,KIC,Tripura,South Tripura,SPORT_JUDO,Judo,Judo,KIC,New,,,
4F7447F85746,CENTRE_KIC_TRIPUR_AB7FE0A45E,KIC,Tripura,Unakoti,SPORT_JUDO,Judo,Judo,KIC,New,,,
6578FBC5231C,CENTRE_KIC_TRIPUR_AEC38293C7,KIC,Tripura,Unakoti,SPORT_ATHLETICS,Athletics,Athletics,KIC,New,,,
34F466EA27F4,CENTRE_KIC_TRIPUR_EF062D2D69,KIC,Tripura,West Tripura,SPORT_JUDO,Judo,Judo,KIC,New,,,
51087526D3EB,CENTRE_KIC_TRIPUR_DDC11375EE,KIC,Tripura,West Tripura,SPORT_JUDO,Judo,Judo,KIC,New,,,
78338D7467D9,CENTRE_KIC_TRIPUR_79DE7D11E7,KIC,Tripura,West Tripura,SPORT_FOOTBALL,Football,Football,KIC,Converted Centre,,,
123CCB90235C,CENTRE_KIC_TRIPUR_79DE7D11E7,KIC,Tripura,West Tripura,SPORT_GYMNASTICS,Gymnastics,Gymnastics,KIC,Converted Centre,,,
2C9CA3A381E5,CENTRE_KIC_TRIPUR_81AAF8DE14,KIC,Tripura,West Tripura,SPORT_FOOTBALL,Football,Football,KIC,Converted Centre,,,
773E69871AE1,CENTRE_KIC_TRIPUR_81AAF8DE14,KIC,Tripura,West Tripura,SPORT_GYMNASTICS,Gymnastics,Gymnastics,KIC,Converted Centre,,,
69DDDACD5136,CENTRE_KIC_TRIPUR_81AAF8DE14,KIC,Tripura,West Tripura,SPORT_JUDO,Judo,Judo,KIC,Converted Centre,,,
D289D27BA30E,CENTRE_KIC_UTTAR__7330222A21,KIC,Uttar Pradesh,Agra,SPORT_TABLE_TENNIS,Table Tennis,Table Tennis,KIC,New,,,
778799660B68,CENTRE_KIC_UTTAR__7F0567625E,KIC,Uttar Pradesh,Aligarh,SPORT_BADMINTON,Badminton,Badminton,KIC,New,,,
89B5FAFD6739,CENTRE_KIC_UTTAR__755724E6AD,KIC,Uttar Pradesh,Ambedkar Nagar,SPORT_ATHLETICS,Athletics,Athletics,KIC,New,,,
D1F79212CCFC,CENTRE_KIC_UTTAR__62E802E06E,KIC,Uttar Pradesh,Amethi,SPORT_ATHLETICS,Athletics,Athletics,KIC,New,,,
2D13CCECE87C,CENTRE_KIC_UTTAR__7CAB71F13B,KIC,Uttar Pradesh,Amroha,SPORT_ATHLETICS,Athletics,Athletics,KIC,New,,,
5DEAB43F23F2,CENTRE_KIC_UTTAR__F599E03CCC,KIC,Uttar Pradesh,Auraiya,SPORT_ATHLETICS,Athletics,Athletics,KIC,New,,,
B2120AB30EF6,CENTRE_KIC_UTTAR__4879E3A840,KIC,Uttar Pradesh,Ayodhya,SPORT_ATHLETICS,Athletics,Athletics,KIC,New,,,
A192FA35EB79,CENTRE_KIC_UTTAR__87C750C683,KIC,Uttar Pradesh,Azamgarh,SPORT_WRESTLING,Wrestling,Wrestling,KIC,New,,,
B3E36C80921B,CENTRE_KIC_UTTAR__13BE521268,KIC,Uttar Pradesh,Baghpat,SPORT_WRESTLING,Wrestling,Wrestling,KIC,New,,,
481DEA602476,CENTRE_KIC_UTTAR__5609946D6B,KIC,Uttar Pradesh,Baghpat,SPORT_SHOOTING,Shooting,Shooting,KIC,Converted Centre,,,
0ED72C5BC5D4,CENTRE_KIC_UTTAR__7FB3FB2EF4,KIC,Uttar Pradesh,Bahraich,SPORT_FOOTBALL,Football,Football,KIC,New,,,
1DC2011A4273,CENTRE_KIC_UTTAR__F867A065EA,KIC,Uttar Pradesh,Ballia,SPORT_ATHLETICS,Athletics,Athletics,KIC,New,,,
437763AA982F,CENTRE_KIC_UTTAR__373575BA80,KIC,Uttar Pradesh,Balrampur,SPORT_HOCKEY,Hockey,Hockey,KIC,New,,,
C94C56F7485E,CENTRE_KIC_UTTAR__04BC664B52,KIC,Uttar Pradesh,Banda,SPORT_SHOOTING,Shooting,Shooting,KIC,New,,,
72EE5066E6F3,CENTRE_KIC_UTTAR__2A0B4B31EC,KIC,Uttar Pradesh,Bara Banki,SPORT_JUDO,Judo,Judo,KIC,New,,,
1770D7A7EE33,CENTRE_KIC_UTTAR__59FEE23FF4,KIC,Uttar Pradesh,Bareilly,SPORT_HOCKEY,Hockey,Hockey,KIC,New,,,
F8AF600BCB8D,CENTRE_KIC_UTTAR__D2D3BFA0F4,KIC,Uttar Pradesh,Basti,SPORT_ATHLETICS,Athletics,Athletics,KIC,New,,,
AA87CE8234B0,CENTRE_KIC_UTTAR__0FBB9A4BA6,KIC,Uttar Pradesh,Bhadohi,SPORT_ATHLETICS,Athletics,Athletics,KIC,New,,,
57D61F1A5C5C,CENTRE_KIC_UTTAR__BCFBF4B88E,KIC,Uttar Pradesh,Bijnor,SPORT_WEIGHTLIFTING,Weightlifting,Weightlifting,KIC,New,,,
1C7342AAA07E,CENTRE_KIC_UTTAR__B51A793DBD,KIC,Uttar Pradesh,Budaun,SPORT_ARCHERY,Archery,Archery,KIC,New,,,
61F19152B41F,CENTRE_KIC_UTTAR__8695E3AD08,KIC,Uttar Pradesh,Bulandshahr,SPORT_BOXING,Boxing,Boxing,KIC,New,,,
500F265F8CD0,CENTRE_KIC_UTTAR__F24A0AE524,KIC,Uttar Pradesh,Chandauli,SPORT_WRESTLING,Wrestling,Wrestling,KIC,New,,,
53AF213BA51F,CENTRE_KIC_UTTAR__9A7F3789AE,KIC,Uttar Pradesh,Chitrakoot,SPORT_ATHLETICS,Athletics,Athletics,KIC,New,,,
170AEB101AA7,CENTRE_KIC_UTTAR__1BCD61F31B,KIC,Uttar Pradesh,Deoria,SPORT_WRESTLING,Wrestling,Wrestling,KIC,New,,,
78873D52807B,CENTRE_KIC_UTTAR__29CB22C35A,KIC,Uttar Pradesh,Etah,SPORT_ATHLETICS,Athletics,Athletics,KIC,New,,,
AF5008A36460,CENTRE_KIC_UTTAR__8BB61A0661,KIC,Uttar Pradesh,Etawah,SPORT_HOCKEY,Hockey,Hockey,KIC,New,,,
E924046E23F1,CENTRE_KIC_UTTAR__DA12F73F70,KIC,Uttar Pradesh,Farrukhabad,SPORT_HOCKEY,Hockey,Hockey,KIC,New,,,
BB7E72F14E5B,CENTRE_KIC_UTTAR__95B0A2A874,KIC,Uttar Pradesh,Fatehpur,SPORT_ATHLETICS,Athletics,Athletics,KIC,New,,,
F16F85CE4641,CENTRE_KIC_UTTAR__8A8163D574,KIC,Uttar Pradesh,Firozabad,SPORT_ATHLETICS,Athletics,Athletics,KIC,New,,,
B1F4D8B3C0CB,CENTRE_KIC_UTTAR__2E8AF40A51,KIC,Uttar Pradesh,Gautam Buddha Nagar,SPORT_BADMINTON,Badminton,Badminton,KIC,New,,,
5F2BD4C3E97C,CENTRE_KIC_UTTAR__2A36DCE6EA,KIC,Uttar Pradesh,Ghaziabad,SPORT_HOCKEY,Hockey,Hockey,KIC,New,,,
F9D921F19156,CENTRE_KIC_UTTAR__9D1682A935,KIC,Uttar Pradesh,Ghazipur,SPORT_ATHLETICS,Athletics,Athletics,KIC,New,,,
2B061E2D97B0,CENTRE_KIC_UTTAR__C91B0CD83C,KIC,Uttar Pradesh,Gonda,SPORT_WRESTLING,Wrestling,Wrestling,KIC,Converted Centre,,,
6420BDBDBD38,CENTRE_KIC_UTTAR__4328ECE472,KIC,Uttar Pradesh,Gonda,SPORT_HOCKEY,Hockey,Hockey,KIC,New,,,
1AC982F3A12D,CENTRE_KIC_UTTAR__3107737D79,KIC,Uttar Pradesh,Gorakhpur,SPORT_WRESTLING,Wrestling,Wrestling,KIC,New,,,
EDFD5F94B3FC,CENTRE_KIC_UTTAR__79588AB2C1,KIC,Uttar Pradesh,Hamirpur,SPORT_ATHLETICS,Athletics,Athletics,KIC,New,,,
687DE41C0C30,CENTRE_KIC_UTTAR__E5EA0831C8,KIC,Uttar Pradesh,Hapur,SPORT_ATHLETICS,Athletics,Athletics,KIC,New,,,
32398A64B2D4,CENTRE_KIC_UTTAR__928FBB1D9B,KIC,Uttar Pradesh,Hardoi,SPORT_HOCKEY,Hockey,Hockey,KIC,New,,,
82E47B84D722,CENTRE_KIC_UTTAR__31AC094527,KIC,Uttar Pradesh,Hathras,SPORT_FOOTBALL,Football,Football,KIC,New,,,
D7569843632C,CENTRE_KIC_UTTAR__D42E6E62B1,KIC,Uttar Pradesh,Jalaun,SPORT_ATHLETICS,Athletics,Athletics,KIC,New,,,
FA4D01C9FAB9,CENTRE_KIC_UTTAR__F1B8FFAB0F,KIC,Uttar Pradesh,Jaunpur,SPORT_ATHLETICS,Athletics,Athletics,KIC,New,,,
65C133D12CF0,CENTRE_KIC_UTTAR__7CCB7ADAEF,KIC,Uttar Pradesh,Jhansi,SPORT_HOCKEY,Hockey,Hockey,KIC,New,,,
ADD23FB8A6C6,CENTRE_KIC_UTTAR__8C64654E97,KIC,Uttar Pradesh,Kannauj,SPORT_KABADDI,Kabaddi,Kabaddi,KIC,New,,,
067C0BD54C59,CENTRE_KIC_UTTAR__DB02337C24,KIC,Uttar Pradesh,Kanpur Dehat,SPORT_ATHLETICS,Athletics,Athletics,KIC,New,,,
81E73900471E,CENTRE_KIC_UTTAR__F4677D3767,KIC,Uttar Pradesh,Kanpur Nagar,SPORT_TABLE_TENNIS,Table Tennis,Table Tennis,KIC,New,,,
54340F940572,CENTRE_KIC_UTTAR__9C9813A7FA,KIC,Uttar Pradesh,Kasganj,SPORT_ATHLETICS,Athletics,Athletics,KIC,New,,,
0C09A615F33A,CENTRE_KIC_UTTAR__305E9840B8,KIC,Uttar Pradesh,Kaushambi,SPORT_ATHLETICS,Athletics,Athletics,KIC,New,,,
9AD36F6B5724,CENTRE_KIC_UTTAR__3659D6D862,KIC,Uttar Pradesh,Kheri,SPORT_HOCKEY,Hockey,Hockey,KIC,New,,,
CB1F1472B389,CENTRE_KIC_UTTAR__11CFF85627,KIC,Uttar Pradesh,Kushinagar,SPORT_BOXING,Boxing,Boxing,KIC,New,,,
287F5B103113,CENTRE_KIC_UTTAR__25A78A3E24,KIC,Uttar Pradesh,Lalitpur,SPORT_ARCHERY,Archery,Archery,KIC,New,,,
3755FE714BC7,CENTRE_KIC_UTTAR__4AEE0D5FE7,KIC,Uttar Pradesh,Lucknow,SPORT_BADMINTON,Badminton,Badminton,KIC,Converted Centre,,,
4E4E56D3B284,CENTRE_KIC_UTTAR__CF12DE4112,KIC,Uttar Pradesh,Lucknow,SPORT_HOCKEY,Hockey,Hockey,KIC,New,,,
235931FF2D0C,CENTRE_KIC_UTTAR__885F9543D2,KIC,Uttar Pradesh,Maharajganj,SPORT_WRESTLING,Wrestling,Wrestling,KIC,New,,,
0594E64341C6,CENTRE_KIC_UTTAR__1FBDB68948,KIC,Uttar Pradesh,Mahoba,SPORT_ATHLETICS,Athletics,Athletics,KIC,New,,,
6B93FF942A86,CENTRE_KIC_UTTAR__CC528F53E2,KIC,Uttar Pradesh,Mainpuri,SPORT_ATHLETICS,Athletics,Athletics,KIC,New,,,
0C05A52B5B34,CENTRE_KIC_UTTAR__74FB889B59,KIC,Uttar Pradesh,Mathura,SPORT_WRESTLING,Wrestling,Wrestling,KIC,New,,,
F6F03FD4BFF9,CENTRE_KIC_UTTAR__80E6D0C576,KIC,Uttar Pradesh,Mau,SPORT_HOCKEY,Hockey,Hockey,KIC,New,,,
8E2FBE23B33E,CENTRE_KIC_UTTAR__B8937A838F,KIC,Uttar Pradesh,Meerut,SPORT_SHOOTING,Shooting,Shooting,KIC,Converted Centre,,,
B5B89B292D27,CENTRE_KIC_UTTAR__C4C09D88CD,KIC,Uttar Pradesh,Meerut,SPORT_ATHLETICS,Athletics,Athletics,KIC,New,,,
ACC37C6104AF,CENTRE_KIC_UTTAR__AC0C16497D,KIC,Uttar Pradesh,Mirzapur,SPORT_WEIGHTLIFTING,Weightlifting,Weightlifting,KIC,New,,,
27FCF389BCAB,CENTRE_KIC_UTTAR__89E71AC22B,KIC,Uttar Pradesh,Moradabad,SPORT_HOCKEY,Hockey,Hockey,KIC,New,,,
BBDC78547483,CENTRE_KIC_UTTAR__1819F1AAB6,KIC,Uttar Pradesh,Muzaffarnagar,SPORT_ATHLETICS,Athletics,Athletics,KIC,New,,,
C7EE716398B8,CENTRE_KIC_UTTAR__C5818F1FBB,KIC,Uttar Pradesh,Pilibhit,SPORT_AQUATICS,Aquatics,Swimming,KIC,New,,,
B256620C46B1,CENTRE_KIC_UTTAR__D92C58A2A1,KIC,Uttar Pradesh,Pratapgarh,SPORT_HOCKEY,Hockey,Hockey,KIC,New,,,
5DE669E57A77,CENTRE_KIC_UTTAR__686D6CF16F,KIC,Uttar Pradesh,Prayagraj,SPORT_TENNIS,Tennis,Lawn Tennis,KIC,New,,,
834CE3048010,CENTRE_KIC_UTTAR__03A2962E43,KIC,Uttar Pradesh,Rae Bareli,SPORT_HOCKEY,Hockey,Hockey,KIC,New,,,
20B9EA9B51DC,CENTRE_KIC_UTTAR__D9C957EEB7,KIC,Uttar Pradesh,Rampur,SPORT_ATHLETICS,Athletics,Athletics,KIC,New,,,
5EE9C2245B0F,CENTRE_KIC_UTTAR__BDDF03EB1C,KIC,Uttar Pradesh,Saharanpur,SPORT_JUDO,Judo,Judo,KIC,New,,,
2B93767B5BA8,CENTRE_KIC_UTTAR__6CD3547B84,KIC,Uttar Pradesh,Sambhal,SPORT_ATHLETICS,Athletics,Athletics,KIC,New,,,
87DCFCABB909,CENTRE_KIC_UTTAR__289840C29E,KIC,Uttar Pradesh,Sant Kabir Nagar,SPORT_ATHLETICS,Athletics,Athletics,KIC,New,,,
5F4A40E60FE5,CENTRE_KIC_UTTAR__1C143A04F5,KIC,Uttar Pradesh,Shahjahanpur,SPORT_HOCKEY,Hockey,Hockey,KIC,New,,,
7D87F8DC3DBA,CENTRE_KIC_UTTAR__498B89CE95,KIC,Uttar Pradesh,Shamli,SPORT_ATHLETICS,Athletics,Athletics,KIC,New,,,
1FB5CA4C9D49,CENTRE_KIC_UTTAR__6894576F27,KIC,Uttar Pradesh,Shrawasti,SPORT_KABADDI,Kabaddi,Kabaddi,KIC,New,,,
9410114DA25C,CENTRE_KIC_UTTAR__61956EFD79,KIC,Uttar Pradesh,Siddharthnagar,SPORT_ATHLETICS,Athletics,Athletics,KIC,New,,,
34552951BA9E,CENTRE_KIC_UTTAR__26782196DE,KIC,Uttar Pradesh,Sitapur,SPORT_ATHLETICS,Athletics,Athletics,KIC,New,,,
6AC165ACCECA,CENTRE_KIC_UTTAR__4CBDB28311,KIC,Uttar Pradesh,Sonbhadra,SPORT_ARCHERY,Archery,Archery,KIC,New,,,
6BCBF7E33446,CENTRE_KIC_UTTAR__5F23B03590,KIC,Uttar Pradesh,Sultanpur,SPORT_TABLE_TENNIS,Table Tennis,Table Tennis,KIC,New,,,
C846874CE49E,CENTRE_KIC_UTTAR__49DC837094,KIC,Uttar Pradesh,Unnao,SPORT_ATHLETICS,Athletics,Athletics,KIC,New,,,
2AF03B4ABF38,CENTRE_KIC_UTTAR__AFE573B3B4,KIC,Uttar Pradesh,Varanasi,SPORT_WRESTLING,Wrestling,Wrestling,KIC,New,,,
A6F8AAB7BDB3,CENTRE_KIC_UTTAR__DB9D54964E,KIC,Uttar Pradesh,Varanasi,SPORT_ATHLETICS,Athletics,Athletics,KIC,Converted Centre,,,
6019DEDB37D4,CENTRE_KIC_UTTARA_213E3D076D,KIC,Uttarakhand,Almora,SPORT_TAEKWONDO,Taekwondo,Taekwondo,KIC,New,,,
543E9817FEA1,CENTRE_KIC_UTTARA_DA7F5D4977,KIC,Uttarakhand,Almora,SPORT_BADMINTON,Badminton,Badminton,KIC,Converted Centre,,,
4134C62D1C29,CENTRE_KIC_UTTARA_63D2A865A1,KIC,Uttarakhand,Almora,SPORT_HOCKEY,Hockey,Hockey,KIC,New,,,
D0B9E1192765,CENTRE_KIC_UTTARA_6308B1806B,KIC,Uttarakhand,Bageshwar,SPORT_TAEKWONDO,Taekwondo,Taekwondo,KIC,New,,,
05D61F265ECE,CENTRE_KIC_UTTARA_64ED4F3483,KIC,Uttarakhand,Bageshwar,SPORT_BOXING,Boxing,Boxing,KIC,New,,,
C1ED000B2AB2,CENTRE_KIC_UTTARA_85DB96A937,KIC,Uttarakhand,Chamoli,SPORT_TABLE_TENNIS,Table Tennis,Table Tennis,KIC,New,,,
5D0BF32C3C58,CENTRE_KIC_UTTARA_19EAAA47EB,KIC,Uttarakhand,Chamoli,SPORT_FOOTBALL,Football,Football,KIC,New,,,
DDEF0CCC8B7A,CENTRE_KIC_UTTARA_E608106CD8,KIC,Uttarakhand,Champawat,SPORT_ATHLETICS,Athletics,Athletics,KIC,New,,,
45A12CFB60CC,CENTRE_KIC_UTTARA_B9E2E10767,KIC,Uttarakhand,Champawat,SPORT_FOOTBALL,Football,Football,KIC,New,,,
70381C5EE0A0,CENTRE_KIC_UTTARA_4AE467F7AD,KIC,Uttarakhand,Dehradun,SPORT_TABLE_TENNIS,Table Tennis,Table Tennis,KIC,Converted Centre,,,
6B5F27A93BCA,CENTRE_KIC_UTTARA_A7AF5C8774,KIC,Uttarakhand,Dehradun,SPORT_FOOTBALL,Football,Football,KIC,New,,,
6008A16FAA4A,CENTRE_KIC_UTTARA_5F1AC019ED,KIC,Uttarakhand,Dehradun,SPORT_JUDO,Judo,Judo,KIC,New,,,
76E8AE9016C7,CENTRE_KIC_UTTARA_1A47882161,KIC,Uttarakhand,Haridwar,SPORT_HOCKEY,Hockey,Hockey,KIC,New,,,
158772702313,CENTRE_KIC_UTTARA_0556186643,KIC,Uttarakhand,Haridwar,SPORT_WRESTLING,Wrestling,Wrestling,KIC,New,,,
14A9DA4D62CE,CENTRE_KIC_UTTARA_4B57121130,KIC,Uttarakhand,Nainital,SPORT_TAEKWONDO,Taekwondo,Taekwondo,KIC,Converted Centre,,,
32FBABF1A0B8,CENTRE_KIC_UTTARA_33C92CDFE8,KIC,Uttarakhand,Nainital,SPORT_VOLLEYBALL,Volleyball,Volleyball,KIC,New,,,
A378E81AFF8B,CENTRE_KIC_UTTARA_27D560A1A3,KIC,Uttarakhand,Nainital,SPORT_HOCKEY,Hockey,Hockey,KIC,New,,,
CDBC0D755AFF,CENTRE_KIC_UTTARA_FE75C8A662,KIC,Uttarakhand,Pauri Garhwal,SPORT_ARCHERY,Archery,Archery,KIC,New,,,
6939F6A097F5,CENTRE_KIC_UTTARA_F8CF49D7A2,KIC,Uttarakhand,Pauri Garhwal,SPORT_FOOTBALL,Football,Football,KIC,New,,,
BAB9BA8CA84A,CENTRE_KIC_UTTARA_7A488EBAFF,KIC,Uttarakhand,Pithoragarh,SPORT_BOXING,Boxing,Boxing,KIC,Converted Centre,,,
98BCD6F8EF53,CENTRE_KIC_UTTARA_1CADA0A1DE,KIC,Uttarakhand,Pithoragarh,SPORT_FOOTBALL,Football,Football,KIC,New,,,
9E88056B40A4,CENTRE_KIC_UTTARA_12E94F570E,KIC,Uttarakhand,Pithoragarh,SPORT_ATHLETICS,Athletics,Athletics,KIC,New,,,
655EDB930EB6,CENTRE_KIC_UTTARA_7DFE63570E,KIC,Uttarakhand,Rudraprayag,SPORT_FOOTBALL,Football,Football,KIC,New,,,
F70D0EAB9461,CENTRE_KIC_UTTARA_2C650C3558,KIC,Uttarakhand,Rudraprayag,SPORT_HANDBALL,Handball,Handball,KIC,New,,,
31772D1554B0,CENTRE_KIC_UTTARA_16DC806DC0,KIC,Uttarakhand,Tehri Garhwal,SPORT_KHO_KHO,Kho Kho,Kho Kho,KIC,New,,,
F40DA2C62459,CENTRE_KIC_UTTARA_0D37ECDFF8,KIC,Uttarakhand,Tehri Garhwal,SPORT_FOOTBALL,Football,Football,KIC,New,,,
47183AAAB2F3,CENTRE_KIC_UTTARA_D22016FCEC,KIC,Uttarakhand,Udham Singh Nagar,SPORT_FOOTBALL,Football,Football,KIC,New,,,
EEAFADA49ABB,CENTRE_KIC_UTTARA_F62903B02B,KIC,Uttarakhand,Udham Singh Nagar,SPORT_VOLLEYBALL,Volleyball,Volleyball,KIC,New,,,
4E7CB3B4A8DB,CENTRE_KIC_UTTARA_E85DDA9AAD,KIC,Uttarakhand,Uttarkashi,SPORT_FOOTBALL,Football,Football,KIC,New,,,
BF270A755786,CENTRE_KIC_UTTARA_7A4AAAA0DF,KIC,Uttarakhand,Uttarkashi,SPORT_ATHLETICS,Athletics,Athletics,KIC,New,,,
898007EE5FAD,CENTRE_KIC_WEST_B_4AEB42BB11,KIC,West Bengal,Alipurduar,SPORT_KABADDI,Kabaddi,Kabaddi,KIC,New,,,
CBB0F3EFCCA2,CENTRE_KIC_WEST_B_01C729B742,KIC,West Bengal,Bankura,SPORT_VOLLEYBALL,Volleyball,Volleyball,KIC,New,,,
C3F1EDBA488A,CENTRE_KIC_WEST_B_B4EBAD2560,KIC,West Bengal,Birbhum,SPORT_KHO_KHO,Kho Kho,Kho Kho,KIC,New,,,
01D8CE3D1BEB,CENTRE_KIC_WEST_B_AA35CECFC3,KIC,West Bengal,Dakshin Dinajpur,SPORT_FOOTBALL,Football,Football,KIC,New,,,
375ECB2A80A8,CENTRE_KIC_WEST_B_0E77FB6FA3,KIC,West Bengal,East Medinipur,SPORT_FOOTBALL,Football,Football,KIC,New,,,
A68FA2175024,CENTRE_KIC_WEST_B_48CCA633FB,KIC,West Bengal,Hooghly,SPORT_KHO_KHO,Kho Kho,Kho Kho,KIC,New,,,
093A0F60D7C0,CENTRE_KIC_WEST_B_117A8A9D80,KIC,West Bengal,Murshidabad,SPORT_VOLLEYBALL,Volleyball,Volleyball,KIC,New,,,
650AAFA40969,CENTRE_KIC_WEST_B_36F6251496,KIC,West Bengal,Nadia,SPORT_KHO_KHO,Kho Kho,Kho Kho,KIC,New,,,
2EB4B18D8F27,CENTRE_KIC_WEST_B_A5D1B26283,KIC,West Bengal,North 24 Parganas,SPORT_BASKETBALL,Basketball,Basketball,KIC,New,,,
60614FCBBF49,CENTRE_KIC_WEST_B_F558F0A601,KIC,West Bengal,Paschim Burdwan,SPORT_VOLLEYBALL,Volleyball,Volleyball,KIC,New,,,
DAB093BC43E6,CENTRE_KIC_WEST_B_7B07C557F9,KIC,West Bengal,Paschim Medinipur,SPORT_FOOTBALL,Football,Football,KIC,New,,,
C3C58DBBC01C,CENTRE_KIC_WEST_B_B95F18FD55,KIC,West Bengal,Purulia,SPORT_FOOTBALL,Football,Football,KIC,New,,,
641827F76664,CENTRE_KIC_WEST_B_8E9D6A3BB0,KIC,West Bengal,South 24 Parganas,SPORT_BASKETBALL,Basketball,Basketball,KIC,New,,,
001952A4BBA8,CENTRE_KISCE_ANDAMA_052AAE940F,KISCE,Andaman & Nicobar,,SPORT_AQUATICS,Aquatics,Swimming,KISCE,,Non-operational,,
D97205DEADB0,CENTRE_KISCE_ANDAMA_052AAE940F,KISCE,Andaman & Nicobar,,SPORT_BADMINTON,Badminton,Badminton,KISCE,,Non-operational,,
4ADE853FD470,CENTRE_KISCE_ANDAMA_052AAE940F,KISCE,Andaman & Nicobar,,SPORT_CYCLING,Cycling,Cycling,KISCE,,Non-operational,,
07B236499B6D,CENTRE_KISCE_ANDHRA_557F6F6159,KISCE,Andhra Pradesh,,SPORT_ARCHERY,Archery,Archery,KISCE,,Operational,,
0E9C8210B37F,CENTRE_KISCE_ANDHRA_557F6F6159,KISCE,Andhra Pradesh,,SPORT_ATHLETICS,Athletics,Athletics,KISCE,,Operational,,
FA96EFDB97D2,CENTRE_KISCE_ANDHRA_557F6F6159,KISCE,Andhra Pradesh,,SPORT_WEIGHTLIFTING,Weightlifting,Weightlifting,KISCE,,Operational,,
F23E1D511851,CENTRE_KISCE_ARUNAC_72E5DD95BB,KISCE,Arunachal Pradesh,,SPORT_ARCHERY,Archery,Archery,KISCE,,Operational,,
42B0A350511C,CENTRE_KISCE_ARUNAC_72E5DD95BB,KISCE,Arunachal Pradesh,,SPORT_JUDO,Judo,Judo,KISCE,,Operational,,
455B215A1C14,CENTRE_KISCE_ARUNAC_72E5DD95BB,KISCE,Arunachal Pradesh,,SPORT_WEIGHTLIFTING,Weightlifting,Weightlifting,KISCE,,Operational,,
51A677678601,CENTRE_KISCE_ASSAM_9380DD7A88,KISCE,Assam,,SPORT_BOXING,Boxing,Boxing,KISCE,,Operational,,
DD3519A2F7B6,CENTRE_KISCE_ASSAM_9380DD7A88,KISCE,Assam,,SPORT_SHOOTING,Shooting,Shooting,KISCE,,Operational,,
E93136771B41,CENTRE_KISCE_ASSAM_9380DD7A88,KISCE,Assam,,SPORT_WEIGHTLIFTING,Weightlifting,Weightlifting,KISCE,,Operational,,
A1A9708ECD31,CENTRE_KISCE_BIHAR_1A0D61AD4B,KISCE,Bihar,,SPORT_WRESTLING,Wrestling,Wrestling,KISCE,,Operational,,
8E5FE7051B44,CENTRE_KISCE_BIHAR_1A0D61AD4B,KISCE,Bihar,,SPORT_WEIGHTLIFTING,Weightlifting,Weightlifting,KISCE,,Operational,,
0BE03E197B4C,CENTRE_KISCE_BIHAR_1A0D61AD4B,KISCE,Bihar,,SPORT_ATHLETICS,Athletics,Athletics,KISCE,,Operational,,
8132302520CA,CENTRE_KISCE_CHANDI_7685BD0DBC,KISCE,Chandigarh,,SPORT_HOCKEY,Hockey,Hockey,KISCE,,Operational,,
467F151149D3,CENTRE_KISCE_CHANDI_7685BD0DBC,KISCE,Chandigarh,,SPORT_BOXING,Boxing,Boxing,KISCE,,Operational,,
4B6841FE73FA,CENTRE_KISCE_CHANDI_7685BD0DBC,KISCE,Chandigarh,,SPORT_ROWING,Rowing,Rowing,KISCE,,Operational,,
F44EC69470FA,CENTRE_KISCE_CHHATT_11CAD414FB,KISCE,Chhattisgarh,,SPORT_ARCHERY,Archery,Archery,KISCE,,Operational,,
BE5CD4EB73CB,CENTRE_KISCE_CHHATT_11CAD414FB,KISCE,Chhattisgarh,,SPORT_ATHLETICS,Athletics,Athletics,KISCE,,Operational,,
CC6355149164,CENTRE_KISCE_CHHATT_11CAD414FB,KISCE,Chhattisgarh,,SPORT_HOCKEY,Hockey,Hockey,KISCE,,Operational,,
34CAF763335B,CENTRE_KISCE_DNH_AN_A705E302D6,KISCE,DNH & DD,,SPORT_TABLE_TENNIS,Table Tennis,Table Tennis,KISCE,,Operational,,
86293F721D4D,CENTRE_KISCE_DNH_AN_A705E302D6,KISCE,DNH & DD,,SPORT_ARCHERY,Archery,Archery,KISCE,,Operational,,
845F21F5EF88,CENTRE_KISCE_DNH_AN_A705E302D6,KISCE,DNH & DD,,SPORT_ATHLETICS,Athletics,Athletics,KISCE,,Operational,,
588D8255756E,CENTRE_KISCE_DELHI_904DBBC7CE,KISCE,Delhi,,SPORT_WRESTLING,Wrestling,Wrestling,KISCE,,Non-operational,,
CCF2DC586516,CENTRE_KISCE_DELHI_904DBBC7CE,KISCE,Delhi,,SPORT_ATHLETICS,Athletics,Athletics,KISCE,,Non-operational,,
30F75D90FE9C,CENTRE_KISCE_GOA_0880A592DA,KISCE,Goa,,SPORT_AQUATICS,Aquatics,Swimming,KISCE,,Operational,,
FCB026CEA762,CENTRE_KISCE_GOA_0880A592DA,KISCE,Goa,,SPORT_BADMINTON,Badminton,Badminton,KISCE,,Operational,,
C6775E576F45,CENTRE_KISCE_GOA_0880A592DA,KISCE,Goa,,SPORT_TABLE_TENNIS,Table Tennis,Table Tennis,KISCE,,Operational,,
E1C9DF7072D3,CENTRE_KISCE_GUJARA_C409F9DC30,KISCE,Gujarat,,SPORT_ATHLETICS,Athletics,Athletics,KISCE,,Operational,,
CBFD5862FA80,CENTRE_KISCE_GUJARA_C409F9DC30,KISCE,Gujarat,,SPORT_TABLE_TENNIS,Table Tennis,Table Tennis,KISCE,,Operational,,
E1EEAE7CB216,CENTRE_KISCE_GUJARA_C409F9DC30,KISCE,Gujarat,,SPORT_ARCHERY,Archery,Archery,KISCE,,Operational,,
BE34FDE9D07F,CENTRE_KISCE_HARYAN_84C1AF7666,KISCE,Haryana,,SPORT_BOXING,Boxing,Boxing,KISCE,,Operational,,
40B74C1B135B,CENTRE_KISCE_HARYAN_84C1AF7666,KISCE,Haryana,,SPORT_ATHLETICS,Athletics,Athletics,KISCE,,Operational,,
C8CE4F3FB4A7,CENTRE_KISCE_HARYAN_84C1AF7666,KISCE,Haryana,,SPORT_BADMINTON,Badminton,Badminton,KISCE,,Operational,,
BC0A98C2DCDC,CENTRE_KISCE_HIMACH_BCD759C151,KISCE,Himachal Pradesh,,SPORT_BOXING,Boxing,Boxing,KISCE,,Operational,,
AC58EF76AB9D,CENTRE_KISCE_HIMACH_BCD759C151,KISCE,Himachal Pradesh,,SPORT_ATHLETICS,Athletics,Athletics,KISCE,,Operational,,
AC98A5BE907D,CENTRE_KISCE_HIMACH_BCD759C151,KISCE,Himachal Pradesh,,SPORT_JUDO,Judo,Judo,KISCE,,Operational,,
5685D70D6A5C,CENTRE_KISCE_JAMMU__138E8C79ED,KISCE,Jammu & Kashmir,,SPORT_ROWING,Rowing,Rowing,KISCE,,Operational,,
E0C92D20EA29,CENTRE_KISCE_JAMMU__138E8C79ED,KISCE,Jammu & Kashmir,,SPORT_FENCING,Fencing,Fencing,KISCE,,Operational,,
CC2BF96684A1,CENTRE_KISCE_JHARKH_F2DF58C4EE,KISCE,Jharkhand,,SPORT_ARCHERY,Archery,Archery,KISCE,,Operational,,
F971999D7BA3,CENTRE_KISCE_JHARKH_F2DF58C4EE,KISCE,Jharkhand,,SPORT_ATHLETICS,Athletics,Athletics,KISCE,,Operational,,
625DDF4AF3C0,CENTRE_KISCE_JHARKH_F2DF58C4EE,KISCE,Jharkhand,,SPORT_HOCKEY,Hockey,Hockey,KISCE,,Operational,,
D128EB10F8D4,CENTRE_KISCE_KARNAT_43036B7D78,KISCE,Karnataka,,SPORT_AQUATICS,Aquatics,Swimming,KISCE,,Operational,,
5CC8084D5AE4,CENTRE_KISCE_KARNAT_43036B7D78,KISCE,Karnataka,,SPORT_ATHLETICS,Athletics,Athletics,KISCE,,Operational,,
25517F8AFD2A,CENTRE_KISCE_KARNAT_43036B7D78,KISCE,Karnataka,,SPORT_SHOOTING,Shooting,Shooting,KISCE,,Operational,,
B231143B8E1D,CENTRE_KISCE_KERALA_2DF6CE78FB,KISCE,Kerala,,SPORT_ATHLETICS,Athletics,Athletics,KISCE,,Operational,,
DE0FED1FE98E,CENTRE_KISCE_KERALA_2DF6CE78FB,KISCE,Kerala,,SPORT_JUDO,Judo,Judo,KISCE,,Operational,,
6E2BAC903CAC,CENTRE_KISCE_KERALA_2DF6CE78FB,KISCE,Kerala,,SPORT_BOXING,Boxing,Boxing,KISCE,,Operational,,
B416760F7293,CENTRE_KISCE_LADAKH_C72450F96D,KISCE,Ladakh,,SPORT_ARCHERY,Archery,Archery,KISCE,,Operational,,
F3D36ED2EAD0,CENTRE_KISCE_LADAKH_C72450F96D,KISCE,Ladakh,,SPORT_ATHLETICS,Athletics,Athletics,KISCE,,Operational,,
A591F8542C3B,CENTRE_KISCE_LADAKH_C72450F96D,KISCE,Ladakh,,SPORT_BOXING,Boxing,Boxing,KISCE,,Operational,,
DF34D75D3880,CENTRE_KISCE_LAKSHA_AC73C9E040,KISCE,Lakshadweep,,SPORT_ATHLETICS,Athletics,Athletics,KISCE,,Non-operational,,
79B41EBFC510,CENTRE_KISCE_LAKSHA_AC73C9E040,KISCE,Lakshadweep,,SPORT_BADMINTON,Badminton,Badminton,KISCE,,Non-operational,,
D5A0A41A718A,CENTRE_KISCE_LAKSHA_AC73C9E040,KISCE,Lakshadweep,,SPORT_AQUATICS,Aquatics,Swimming,KISCE,,Non-operational,,
ACA6ACE9444D,CENTRE_KISCE_MADHYA_40F7A8E0F7,KISCE,Madhya Pradesh,,SPORT_SHOOTING,Shooting,Shooting,KISCE,,Operational,,
26B04AFF73A4,CENTRE_KISCE_MADHYA_40F7A8E0F7,KISCE,Madhya Pradesh,,SPORT_HOCKEY,Hockey,Hockey,KISCE,,Operational,,
5A9021FE5380,CENTRE_KISCE_MADHYA_40F7A8E0F7,KISCE,Madhya Pradesh,,SPORT_ROWING,Rowing,Rowing,KISCE,,Operational,,
47EDD3330D1E,CENTRE_KISCE_MAHARA_89BF853D7B,KISCE,Maharashtra,,SPORT_SHOOTING,Shooting,Shooting,KISCE,,Operational,,
31183F34D85D,CENTRE_KISCE_MAHARA_89BF853D7B,KISCE,Maharashtra,,SPORT_ATHLETICS,Athletics,Athletics,KISCE,,Operational,,
6D40AA079E4D,CENTRE_KISCE_MAHARA_89BF853D7B,KISCE,Maharashtra,,SPORT_CYCLING,Cycling,Cycling,KISCE,,Operational,,
5AF4ED0BC064,CENTRE_KISCE_MANIPU_BD6DBAF84F,KISCE,Manipur,,SPORT_WEIGHTLIFTING,Weightlifting,Weightlifting,KISCE,,Operational,,
92EE024F2EDD,CENTRE_KISCE_MANIPU_BD6DBAF84F,KISCE,Manipur,,SPORT_ARCHERY,Archery,Archery,KISCE,,Operational,,
EF4CBAF948DA,CENTRE_KISCE_MANIPU_BD6DBAF84F,KISCE,Manipur,,SPORT_HOCKEY,Hockey,Hockey,KISCE,,Operational,,
D1A264430D3B,CENTRE_KISCE_MEGHAL_5571C75BB1,KISCE,Meghalaya,,SPORT_BOXING,Boxing,Boxing,KISCE,,Operational,,
9F6DF3E21638,CENTRE_KISCE_MEGHAL_5571C75BB1,KISCE,Meghalaya,,SPORT_ARCHERY,Archery,Archery,KISCE,,Operational,,
C61196BA372A,CENTRE_KISCE_MEGHAL_5571C75BB1,KISCE,Meghalaya,,SPORT_ATHLETICS,Athletics,Athletics,KISCE,,Operational,,
53AF57376465,CENTRE_KISCE_MIZORA_83C4C64CAD,KISCE,Mizoram,,SPORT_BOXING,Boxing,Boxing,KISCE,,Operational,,
9EDB2A478E52,CENTRE_KISCE_MIZORA_83C4C64CAD,KISCE,Mizoram,,SPORT_JUDO,Judo,Judo,KISCE,,Operational,,
C960F609F2A1,CENTRE_KISCE_MIZORA_83C4C64CAD,KISCE,Mizoram,,SPORT_WEIGHTLIFTING,Weightlifting,Weightlifting,KISCE,,Operational,,
988A89510C70,CENTRE_KISCE_NAGALA_521E241677,KISCE,Nagaland,,SPORT_WRESTLING,Wrestling,Wrestling,KISCE,,Operational,,
4B3A71263356,CENTRE_KISCE_NAGALA_521E241677,KISCE,Nagaland,,SPORT_ARCHERY,Archery,Archery,KISCE,,Operational,,
A7777FE665D5,CENTRE_KISCE_NAGALA_521E241677,KISCE,Nagaland,,SPORT_BOXING,Boxing,Boxing,KISCE,,Operational,,
E42790CA6F3E,CENTRE_KISCE_ODISHA_D57DE38ACF,KISCE,Odisha,,SPORT_HOCKEY,Hockey,Hockey,KISCE,,Operational,,
1664F08B226A,CENTRE_KISCE_ODISHA_D57DE38ACF,KISCE,Odisha,,SPORT_WEIGHTLIFTING,Weightlifting,Weightlifting,KISCE,,Operational,,
AE7CC5D89827,CENTRE_KISCE_ODISHA_D57DE38ACF,KISCE,Odisha,,SPORT_ATHLETICS,Athletics,Athletics,KISCE,,Operational,,
47B49A82C2EC,CENTRE_KISCE_PUDUCH_195A437B64,KISCE,Puducherry,,SPORT_WEIGHTLIFTING,Weightlifting,Weightlifting,KISCE,,Non-operational,,
4EE9535BFE0A,CENTRE_KISCE_PUDUCH_195A437B64,KISCE,Puducherry,,SPORT_ATHLETICS,Athletics,Athletics,KISCE,,Non-operational,,
688810DF6E1D,CENTRE_KISCE_PUDUCH_195A437B64,KISCE,Puducherry,,SPORT_BADMINTON,Badminton,Badminton,KISCE,,Non-operational,,
71B0553941DC,CENTRE_KISCE_PUNJAB_2B8F5FBBA3,KISCE,Punjab,,SPORT_HOCKEY,Hockey,Hockey,KISCE,,Non-operational,,
0EF69EDE2BF5,CENTRE_KISCE_PUNJAB_2B8F5FBBA3,KISCE,Punjab,,SPORT_BOXING,Boxing,Boxing,KISCE,,Non-operational,,
2EB4824D19CC,CENTRE_KISCE_PUNJAB_2B8F5FBBA3,KISCE,Punjab,,SPORT_ATHLETICS,Athletics,Athletics,KISCE,,Non-operational,,
9736E14C10DE,CENTRE_KISCE_RAJAST_E13FFC8D56,KISCE,Rajasthan,,SPORT_ARCHERY,Archery,Archery,KISCE,,Non-operational,,
6E4E8EB9FAC8,CENTRE_KISCE_RAJAST_E13FFC8D56,KISCE,Rajasthan,,SPORT_ATHLETICS,Athletics,Athletics,KISCE,,Non-operational,,
ECC66DB92EBF,CENTRE_KISCE_RAJAST_E13FFC8D56,KISCE,Rajasthan,,SPORT_BOXING,Boxing,Boxing,KISCE,,Non-operational,,
DAB3437D5F68,CENTRE_KISCE_SIKKIM_480E35381B,KISCE,Sikkim,,SPORT_ARCHERY,Archery,Archery,KISCE,,Operational,,
10BAD673394B,CENTRE_KISCE_SIKKIM_480E35381B,KISCE,Sikkim,,SPORT_ATHLETICS,Athletics,Athletics,KISCE,,Operational,,
A902BE114651,CENTRE_KISCE_SIKKIM_480E35381B,KISCE,Sikkim,,SPORT_BOXING,Boxing,Boxing,KISCE,,Operational,,
728C651676BB,CENTRE_KISCE_TAMIL__BB965BF528,KISCE,Tamil Nadu,,SPORT_BOXING,Boxing,Boxing,KISCE,,Operational,,
C8C6C8677042,CENTRE_KISCE_TAMIL__BB965BF528,KISCE,Tamil Nadu,,SPORT_ATHLETICS,Athletics,Athletics,KISCE,,Operational,,
2A9A3AE62667,CENTRE_KISCE_TAMIL__BB965BF528,KISCE,Tamil Nadu,,SPORT_FENCING,Fencing,Fencing,KISCE,,Operational,,
938C0776FDFF,CENTRE_KISCE_TELANG_B52C21538E,KISCE,Telangana,,SPORT_ROWING,Rowing,Rowing,KISCE,,Operational,,
8C00944F5301,CENTRE_KISCE_TELANG_B52C21538E,KISCE,Telangana,,SPORT_FENCING,Fencing,Fencing,KISCE,,Operational,,
4232B453BBDE,CENTRE_KISCE_TELANG_B52C21538E,KISCE,Telangana,,SPORT_WEIGHTLIFTING,Weightlifting,Weightlifting,KISCE,,Operational,,
902C6BF5C32C,CENTRE_KISCE_TRIPUR_9AC7A38D44,KISCE,Tripura,,SPORT_JUDO,Judo,Judo,KISCE,,Operational,,
77111059958A,CENTRE_KISCE_TRIPUR_9AC7A38D44,KISCE,Tripura,,SPORT_AQUATICS,Aquatics,Swimming,KISCE,,Operational,,
E032003BFC5A,CENTRE_KISCE_TRIPUR_9AC7A38D44,KISCE,Tripura,,SPORT_ATHLETICS,Athletics,Athletics,KISCE,,Operational,,
042B032CB15F,CENTRE_KISCE_UTTAR__3BCD7CCCC6,KISCE,Uttar Pradesh,,SPORT_HOCKEY,Hockey,Hockey,KISCE,,Non-operational,,
C7BA3AF2BBC2,CENTRE_KISCE_UTTAR__3BCD7CCCC6,KISCE,Uttar Pradesh,,SPORT_ATHLETICS,Athletics,Athletics,KISCE,,Non-operational,,
4FADDE64820C,CENTRE_KISCE_UTTAR__3BCD7CCCC6,KISCE,Uttar Pradesh,,SPORT_WRESTLING,Wrestling,Wrestling,KISCE,,Non-operational,,
EBCADE24A8DF,CENTRE_KISCE_UTTARA_AC94E48306,KISCE,Uttarakhand,,SPORT_BOXING,Boxing,Boxing,KISCE,,Non-operational,,
7513C0263E87,CENTRE_KISCE_UTTARA_AC94E48306,KISCE,Uttarakhand,,SPORT_ATHLETICS,Athletics,Athletics,KISCE,,Non-operational,,
300122AE7FC4,CENTRE_KISCE_UTTARA_AC94E48306,KISCE,Uttarakhand,,SPORT_JUDO,Judo,Judo,KISCE,,Non-operational,,
6CDAE790A655,CENTRE_KISCE_WEST_B_BB7381B16A,KISCE,West Bengal,,SPORT_TABLE_TENNIS,Table Tennis,Table-Tennis,KISCE,,Non-operational,,
3F0C624DCE,CENTRE_NCOE_KER_4661D0B161,NCOE,Kerala,,SPORT_CANOEING,Canoe Sports,Kayaking & Canoeing,SAI_NCOE_STRENGTH_2025_26_28NOV2025,,,,
3F0C624DCE,CENTRE_NCOE_KER_4661D0B161,NCOE,Kerala,,SPORT_CANOEING,Canoe Sports,Kayaking & Canoeing-Para,SAI_NCOE_STRENGTH_2025_26_28NOV2025,,,,
279C34226C,CENTRE_NCOE_KER_4661D0B161,NCOE,Kerala,,SPORT_ROWING,Rowing,Rowing,SAI_NCOE_STRENGTH_2025_26_28NOV2025,,,,
0963FE741B,CENTRE_NCOE_KER_8BA090ED8C,NCOE,Kerala,,SPORT_ATHLETICS,Athletics,Athletics,SAI_NCOE_STRENGTH_2025_26_28NOV2025,,,,
0963FE741B,CENTRE_NCOE_KER_8BA090ED8C,NCOE,Kerala,,SPORT_ATHLETICS,Athletics,Athletics-Para,SAI_NCOE_STRENGTH_2025_26_28NOV2025,,,,
37F3073B6A,CENTRE_NCOE_KER_8BA090ED8C,NCOE,Kerala,,SPORT_CYCLING,Cycling,Cycling,SAI_NCOE_STRENGTH_2025_26_28NOV2025,,,,
731543378C,CENTRE_NCOE_KER_8BA090ED8C,NCOE,Kerala,,SPORT_FOOTBALL,Football,Football,SAI_NCOE_STRENGTH_2025_26_28NOV2025,,,,
5AF99AC0B7,CENTRE_NCOE_KER_8BA090ED8C,NCOE,Kerala,,SPORT_TAEKWONDO,Taekwondo,Taekwondo,SAI_NCOE_STRENGTH_2025_26_28NOV2025,,,,
5AF99AC0B7,CENTRE_NCOE_KER_8BA090ED8C,NCOE,Kerala,,SPORT_TAEKWONDO,Taekwondo,Taekwondo-Para,SAI_NCOE_STRENGTH_2025_26_28NOV2025,,,,
0A91432B90,CENTRE_NCOE_KER_8BA090ED8C,NCOE,Kerala,,SPORT_VOLLEYBALL,Volleyball,Volleyball,SAI_NCOE_STRENGTH_2025_26_28NOV2025,,,,
1656EEAC72,CENTRE_NCOE_KER_8BA090ED8C,NCOE,Kerala,,SPORT_FENCING,Fencing,Fencing,SAI_NCOE_STRENGTH_2025_26_28NOV2025,,,,
2BC252434E,CENTRE_NCOE_MAH_99B9A5F16C,NCOE,Maharashtra,,SPORT_ARCHERY,Archery,Archery,SAI_NCOE_STRENGTH_2025_26_28NOV2025,,,,
2BC252434E,CENTRE_NCOE_MAH_99B9A5F16C,NCOE,Maharashtra,,SPORT_ARCHERY,Archery,Archery-Para,SAI_NCOE_STRENGTH_2025_26_28NOV2025,,,,
8C2B1D34DA,CENTRE_NCOE_MAH_99B9A5F16C,NCOE,Maharashtra,,SPORT_BOXING,Boxing,Boxing,SAI_NCOE_STRENGTH_2025_26_28NOV2025,,,,
545C3051E2,CENTRE_NCOE_MAH_99B9A5F16C,NCOE,Maharashtra,,SPORT_FENCING,Fencing,Fencing,SAI_NCOE_STRENGTH_2025_26_28NOV2025,,,,
545C3051E2,CENTRE_NCOE_MAH_99B9A5F16C,NCOE,Maharashtra,,SPORT_FENCING,Fencing,Fencing-Para,SAI_NCOE_STRENGTH_2025_26_28NOV2025,,,,
921D4BF900,CENTRE_NCOE_MAH_99B9A5F16C,NCOE,Maharashtra,,SPORT_GYMNASTICS,Gymnastics,Gymnastics,SAI_NCOE_STRENGTH_2025_26_28NOV2025,,,,
2937CDDA0B,CENTRE_NCOE_MAH_99B9A5F16C,NCOE,Maharashtra,,SPORT_HOCKEY,Hockey,Hockey,SAI_NCOE_STRENGTH_2025_26_28NOV2025,,,,
461C45796D,CENTRE_NCOE_MAH_99B9A5F16C,NCOE,Maharashtra,,SPORT_WEIGHTLIFTING,Weightlifting,Weightlifting,SAI_NCOE_STRENGTH_2025_26_28NOV2025,,,,
69A17D8EC0,CENTRE_NCOE_MAH_B8ACC3E7FD,NCOE,Maharashtra,,SPORT_HOCKEY,Hockey,Hockey,SAI_NCOE_STRENGTH_2025_26_28NOV2025,,,,
3B610F1C6D,CENTRE_NCOE_MAH_B8ACC3E7FD,NCOE,Maharashtra,,SPORT_WRESTLING,Wrestling,Wrestling,SAI_NCOE_STRENGTH_2025_26_28NOV2025,,,,
FF6D45D59A,CENTRE_NCOE_KAR_F27E91EC8E,NCOE,Karnataka,,SPORT_ATHLETICS,Athletics,Athletics,SAI_NCOE_STRENGTH_2025_26_28NOV2025,,,,
FF6D45D59A,CENTRE_NCOE_KAR_F27E91EC8E,NCOE,Karnataka,,SPORT_ATHLETICS,Athletics,Athletics-Para,SAI_NCOE_STRENGTH_2025_26_28NOV2025,,,,
BF3D14CF07,CENTRE_NCOE_KAR_F27E91EC8E,NCOE,Karnataka,,SPORT_HOCKEY,Hockey,Hockey,SAI_NCOE_STRENGTH_2025_26_28NOV2025,,,,
4391E710EB,CENTRE_NCOE_KAR_F27E91EC8E,NCOE,Karnataka,,SPORT_VOLLEYBALL,Volleyball,Volleyball,SAI_NCOE_STRENGTH_2025_26_28NOV2025,,,,
DC48EDB4CB,CENTRE_NCOE_MAD_F4D3F8CFCA,NCOE,Madhya Pradesh,,SPORT_ATHLETICS,Athletics,Athletics,SAI_NCOE_STRENGTH_2025_26_28NOV2025,,,,
0D2C2046EA,CENTRE_NCOE_MAD_F4D3F8CFCA,NCOE,Madhya Pradesh,,SPORT_HOCKEY,Hockey,Hockey,SAI_NCOE_STRENGTH_2025_26_28NOV2025,,,,
2C24A4EBC0,CENTRE_NCOE_MAD_F4D3F8CFCA,NCOE,Madhya Pradesh,,SPORT_JUDO,Judo,Judo,SAI_NCOE_STRENGTH_2025_26_28NOV2025,,,,
2C24A4EBC0,CENTRE_NCOE_MAD_F4D3F8CFCA,NCOE,Madhya Pradesh,,SPORT_JUDO,Judo,Judo- Para,SAI_NCOE_STRENGTH_2025_26_28NOV2025,,,,
6D157CE816,CENTRE_NCOE_MAD_F4D3F8CFCA,NCOE,Madhya Pradesh,,SPORT_CANOEING,Canoe Sports,K&C,SAI_NCOE_STRENGTH_2025_26_28NOV2025,,,,
829F2123CF,CENTRE_NCOE_HIM_0DABEEDD5C,NCOE,Himachal Pradesh,,SPORT_KABADDI,Kabaddi,Kabaddi,SAI_NCOE_STRENGTH_2025_26_28NOV2025,,,,
4C4703A471,CENTRE_NCOE_HIM_0DABEEDD5C,NCOE,Himachal Pradesh,,SPORT_VOLLEYBALL,Volleyball,Volleyball,SAI_NCOE_STRENGTH_2025_26_28NOV2025,,,,
264E940D90,CENTRE_NCOE_HIM_BAD2DB3E1F,NCOE,Himachal Pradesh,,SPORT_ATHLETICS,Athletics,Athletics,SAI_NCOE_STRENGTH_2025_26_28NOV2025,,,,
EF0F246AEB,CENTRE_NCOE_HIM_BAD2DB3E1F,NCOE,Himachal Pradesh,,SPORT_BADMINTON,Badminton,Badminton,SAI_NCOE_STRENGTH_2025_26_28NOV2025,,,,
8EDEAF3F47,CENTRE_NCOE_HIM_BAD2DB3E1F,NCOE,Himachal Pradesh,,SPORT_BOXING,Boxing,Boxing,SAI_NCOE_STRENGTH_2025_26_28NOV2025,,,,
3B827D732E,CENTRE_NCOE_HIM_BAD2DB3E1F,NCOE,Himachal Pradesh,,SPORT_HOCKEY,Hockey,Hockey,SAI_NCOE_STRENGTH_2025_26_28NOV2025,,,,
1324B688C3,CENTRE_NCOE_HIM_BAD2DB3E1F,NCOE,Himachal Pradesh,,SPORT_JUDO,Judo,Judo,SAI_NCOE_STRENGTH_2025_26_28NOV2025,,,,
8B7EBEBE09,CENTRE_NCOE_HIM_BAD2DB3E1F,NCOE,Himachal Pradesh,,SPORT_WRESTLING,Wrestling,Wrestling,SAI_NCOE_STRENGTH_2025_26_28NOV2025,,,,
CB0952BB58,CENTRE_NCOE_ASS_CB6546AA89,NCOE,Assam,,SPORT_ARCHERY,Archery,Archery,SAI_NCOE_STRENGTH_2025_26_28NOV2025,,,,
A9728D9A11,CENTRE_NCOE_ASS_CB6546AA89,NCOE,Assam,,SPORT_BOXING,Boxing,Boxing,SAI_NCOE_STRENGTH_2025_26_28NOV2025,,,,
D10908D6AB,CENTRE_NCOE_ASS_CB6546AA89,NCOE,Assam,,SPORT_CYCLING,Cycling,Cycling,SAI_NCOE_STRENGTH_2025_26_28NOV2025,,,,
53F4ED9E84,CENTRE_NCOE_ASS_CB6546AA89,NCOE,Assam,,SPORT_FENCING,Fencing,Fencing,SAI_NCOE_STRENGTH_2025_26_28NOV2025,,,,
6104A47FB6,CENTRE_NCOE_ASS_CB6546AA89,NCOE,Assam,,SPORT_FOOTBALL,Football,Football,SAI_NCOE_STRENGTH_2025_26_28NOV2025,,,,
306D948B07,CENTRE_NCOE_ASS_CB6546AA89,NCOE,Assam,,SPORT_TAEKWONDO,Taekwondo,Taekwondo,SAI_NCOE_STRENGTH_2025_26_28NOV2025,,,,
E6D2AA4E9D,CENTRE_NCOE_ARU_5173B2B287,NCOE,Arunachal Pradesh,,SPORT_ARCHERY,Archery,Archery,SAI_NCOE_STRENGTH_2025_26_28NOV2025,,,,
6AB62023BB,CENTRE_NCOE_ARU_5173B2B287,NCOE,Arunachal Pradesh,,SPORT_BOXING,Boxing,Boxing,SAI_NCOE_STRENGTH_2025_26_28NOV2025,,,,
BAFB99927C,CENTRE_NCOE_ARU_5173B2B287,NCOE,Arunachal Pradesh,,SPORT_WEIGHTLIFTING,Weightlifting,Weightlifting,SAI_NCOE_STRENGTH_2025_26_28NOV2025,,,,
6D5267B5FA,CENTRE_NCOE_ARU_5173B2B287,NCOE,Arunachal Pradesh,,SPORT_WUSHU,Wushu,Wushu,SAI_NCOE_STRENGTH_2025_26_28NOV2025,,,,
6C55F50636,CENTRE_NCOE_GUJ_B785F40009,NCOE,Gujarat,,SPORT_HANDBALL,Handball,Handball,SAI_NCOE_STRENGTH_2025_26_28NOV2025,,,,
E003981869,CENTRE_NCOE_GUJ_B785F40009,NCOE,Gujarat,,SPORT_KABADDI,Kabaddi,Kabaddi,SAI_NCOE_STRENGTH_2025_26_28NOV2025,,,,
04423C711C,CENTRE_NCOE_GUJ_B785F40009,NCOE,Gujarat,,SPORT_KHO_KHO,Kho Kho,Kho-Kho,SAI_NCOE_STRENGTH_2025_26_28NOV2025,,,,
1487A08F4B,CENTRE_NCOE_GUJ_B785F40009,NCOE,Gujarat,,SPORT_ATHLETICS,Athletics,Athletics-Para,SAI_NCOE_STRENGTH_2025_26_28NOV2025,,,,
63688E6FCD,CENTRE_NCOE_GUJ_B785F40009,NCOE,Gujarat,,SPORT_BADMINTON,Badminton,Badminton-Para,SAI_NCOE_STRENGTH_2025_26_28NOV2025,,,,
B3470B97F0,CENTRE_NCOE_GUJ_B785F40009,NCOE,Gujarat,,SPORT_FENCING,Fencing,Fencing-Para,SAI_NCOE_STRENGTH_2025_26_28NOV2025,,,,
2CB2E04C92,CENTRE_NCOE_GUJ_B785F40009,NCOE,Gujarat,,SPORT_POWERLIFTING,Powerlifting,Powerlifting-Para,SAI_NCOE_STRENGTH_2025_26_28NOV2025,,,,
1C6B0B2519,CENTRE_NCOE_GUJ_B785F40009,NCOE,Gujarat,,SPORT_AQUATICS,Aquatics,Swimming-Para,SAI_NCOE_STRENGTH_2025_26_28NOV2025,,,,
3902A9085C,CENTRE_NCOE_GUJ_B785F40009,NCOE,Gujarat,,SPORT_TABLE_TENNIS,Table Tennis,Table Tennis-Para,SAI_NCOE_STRENGTH_2025_26_28NOV2025,,,,
DBA668F159,CENTRE_NCOE_GUJ_84CB1F5B89,NCOE,Gujarat,,SPORT_BASKETBALL,Basketball,Basketball,SAI_NCOE_STRENGTH_2025_26_28NOV2025,,,,
C6E59C8683,CENTRE_NCOE_GUJ_84CB1F5B89,NCOE,Gujarat,,SPORT_WUSHU,Wushu,Wushu,SAI_NCOE_STRENGTH_2025_26_28NOV2025,,,,
7BFC05D01F,CENTRE_NCOE_GUJ_84CB1F5B89,NCOE,Gujarat,,SPORT_TAEKWONDO,Taekwondo,Taekwondo,SAI_NCOE_STRENGTH_2025_26_28NOV2025,,,,
183DAF8295,CENTRE_NCOE_GUJ_84CB1F5B89,NCOE,Gujarat,,SPORT_VOLLEYBALL,Volleyball,Volleyball,SAI_NCOE_STRENGTH_2025_26_28NOV2025,,,,
5FD963981A,CENTRE_NCOE_MAN_15F87D44CB,NCOE,Manipur,,SPORT_ARCHERY,Archery,Archery,SAI_NCOE_STRENGTH_2025_26_28NOV2025,,,,
7F9E156A49,CENTRE_NCOE_MAN_15F87D44CB,NCOE,Manipur,,SPORT_CYCLING,Cycling,Cycling,SAI_NCOE_STRENGTH_2025_26_28NOV2025,,,,
AC04B81C0A,CENTRE_NCOE_MAN_15F87D44CB,NCOE,Manipur,,SPORT_FENCING,Fencing,Fencing,SAI_NCOE_STRENGTH_2025_26_28NOV2025,,,,
222E17ADAC,CENTRE_NCOE_MAN_15F87D44CB,NCOE,Manipur,,SPORT_FOOTBALL,Football,Football,SAI_NCOE_STRENGTH_2025_26_28NOV2025,,,,
207BEF9180,CENTRE_NCOE_MAN_15F87D44CB,NCOE,Manipur,,SPORT_HOCKEY,Hockey,Hockey,SAI_NCOE_STRENGTH_2025_26_28NOV2025,,,,
5A1BC253BC,CENTRE_NCOE_MAN_15F87D44CB,NCOE,Manipur,,SPORT_JUDO,Judo,Judo,SAI_NCOE_STRENGTH_2025_26_28NOV2025,,,,
FA0CEEC8E4,CENTRE_NCOE_MAN_15F87D44CB,NCOE,Manipur,,SPORT_WEIGHTLIFTING,Weightlifting,Weightlifting,SAI_NCOE_STRENGTH_2025_26_28NOV2025,,,,
2CD6B34B5C,CENTRE_NCOE_MAN_15F87D44CB,NCOE,Manipur,,SPORT_WUSHU,Wushu,Wushu,SAI_NCOE_STRENGTH_2025_26_28NOV2025,,,,
5CC3C770E6,CENTRE_NCOE_WES_2FFEF63EEA,NCOE,West Bengal,,SPORT_ARCHERY,Archery,Archery,SAI_NCOE_STRENGTH_2025_26_28NOV2025,,,,
5CC3C770E6,CENTRE_NCOE_WES_2FFEF63EEA,NCOE,West Bengal,,SPORT_ARCHERY,Archery,Archery-Para,SAI_NCOE_STRENGTH_2025_26_28NOV2025,,,,
E48199544D,CENTRE_NCOE_WES_2FFEF63EEA,NCOE,West Bengal,,SPORT_ATHLETICS,Athletics,Athletics,SAI_NCOE_STRENGTH_2025_26_28NOV2025,,,,
E48199544D,CENTRE_NCOE_WES_2FFEF63EEA,NCOE,West Bengal,,SPORT_ATHLETICS,Athletics,Athletics-Para,SAI_NCOE_STRENGTH_2025_26_28NOV2025,,,,
83ED1FF43D,CENTRE_NCOE_WES_2FFEF63EEA,NCOE,West Bengal,,SPORT_GYMNASTICS,Gymnastics,Gymnastics,SAI_NCOE_STRENGTH_2025_26_28NOV2025,,,,
64C3733492,CENTRE_NCOE_WES_2FFEF63EEA,NCOE,West Bengal,,SPORT_HOCKEY,Hockey,Hockey,SAI_NCOE_STRENGTH_2025_26_28NOV2025,,,,
EA02AEF31E,CENTRE_NCOE_WES_2FFEF63EEA,NCOE,West Bengal,,SPORT_TABLE_TENNIS,Table Tennis,Table Tennis,SAI_NCOE_STRENGTH_2025_26_28NOV2025,,,,
3F807EEC9C,CENTRE_NCOE_ODI_E6282C9C97,NCOE,Odisha,,SPORT_CANOEING,Canoe Sports,Kayaking & Canoeing,SAI_NCOE_STRENGTH_2025_26_28NOV2025,,,,
34329ADB8D,CENTRE_NCOE_ODI_E6282C9C97,NCOE,Odisha,,SPORT_ROWING,Rowing,Rowing,SAI_NCOE_STRENGTH_2025_26_28NOV2025,,,,
E655363BAF,CENTRE_NCOE_UTT_6F2E287259,NCOE,Uttar Pradesh,,SPORT_ATHLETICS,Athletics,Athletics,SAI_NCOE_STRENGTH_2025_26_28NOV2025,,,,
EFD3981CB3,CENTRE_NCOE_UTT_6F2E287259,NCOE,Uttar Pradesh,,SPORT_HOCKEY,Hockey,Hockey,SAI_NCOE_STRENGTH_2025_26_28NOV2025,,,,
F4D813EDEB,CENTRE_NCOE_UTT_6F2E287259,NCOE,Uttar Pradesh,,SPORT_POWERLIFTING,Powerlifting,Powerlifting-para,SAI_NCOE_STRENGTH_2025_26_28NOV2025,,,,
B798A2CF3A,CENTRE_NCOE_UTT_6F2E287259,NCOE,Uttar Pradesh,,SPORT_TAEKWONDO,Taekwondo,Taekwondo,SAI_NCOE_STRENGTH_2025_26_28NOV2025,,,,
B798A2CF3A,CENTRE_NCOE_UTT_6F2E287259,NCOE,Uttar Pradesh,,SPORT_TAEKWONDO,Taekwondo,Taekwondo-Para,SAI_NCOE_STRENGTH_2025_26_28NOV2025,,,,
01E80DDEA1,CENTRE_NCOE_UTT_6F2E287259,NCOE,Uttar Pradesh,,SPORT_WEIGHTLIFTING,Weightlifting,Weightlifting,SAI_NCOE_STRENGTH_2025_26_28NOV2025,,,,
2C6162C6EB,CENTRE_NCOE_UTT_6F2E287259,NCOE,Uttar Pradesh,,SPORT_WRESTLING,Wrestling,Wrestling,SAI_NCOE_STRENGTH_2025_26_28NOV2025,,,,
A0AB4B61B3,CENTRE_NCOE_UTT_36A452D3DD,NCOE,Uttar Pradesh,,SPORT_FENCING,Fencing,Fencing,SAI_NCOE_STRENGTH_2025_26_28NOV2025,,,,
0D7DC3DE50,CENTRE_NCOE_UTT_36A452D3DD,NCOE,Uttar Pradesh,,SPORT_WRESTLING,Wrestling,Wrestling,SAI_NCOE_STRENGTH_2025_26_28NOV2025,,,,
E05143D99E,CENTRE_NCOE_UTT_36A452D3DD,NCOE,Uttar Pradesh,,SPORT_BOXING,Boxing,Boxing,SAI_NCOE_STRENGTH_2025_26_28NOV2025,,,,
9167760386,CENTRE_NCOE_UTT_36A452D3DD,NCOE,Uttar Pradesh,,SPORT_SHOOTING,Shooting,Shooting,SAI_NCOE_STRENGTH_2025_26_28NOV2025,,,,
DCB9DF4EA2,CENTRE_NCOE_PUN_6C57591EDB,NCOE,Punjab,,SPORT_ATHLETICS,Athletics,Athletics,SAI_NCOE_STRENGTH_2025_26_28NOV2025,,,,
070D3D3F92,CENTRE_NCOE_PUN_6C57591EDB,NCOE,Punjab,,SPORT_CYCLING,Cycling,Cycling,SAI_NCOE_STRENGTH_2025_26_28NOV2025,,,,
070D3D3F92,CENTRE_NCOE_PUN_6C57591EDB,NCOE,Punjab,,SPORT_CYCLING,Cycling,Cycling-Para,SAI_NCOE_STRENGTH_2025_26_28NOV2025,,,,
EF5FE05EBE,CENTRE_NCOE_PUN_6C57591EDB,NCOE,Punjab,,SPORT_FENCING,Fencing,Fencing,SAI_NCOE_STRENGTH_2025_26_28NOV2025,,,,
438E55997C,CENTRE_NCOE_PUN_6C57591EDB,NCOE,Punjab,,SPORT_WEIGHTLIFTING,Weightlifting,Weightlifting,SAI_NCOE_STRENGTH_2025_26_28NOV2025,,,,
8265EB83E1,CENTRE_NCOE_HAR_16FB0F58A2,NCOE,Haryana,,SPORT_BOXING,Boxing,Boxing,SAI_NCOE_STRENGTH_2025_26_28NOV2025,,,,
4A071006BC,CENTRE_NCOE_HAR_8E99586BD4,NCOE,Haryana,,SPORT_ARCHERY,Archery,Archery,SAI_NCOE_STRENGTH_2025_26_28NOV2025,,,,
4A071006BC,CENTRE_NCOE_HAR_8E99586BD4,NCOE,Haryana,,SPORT_ARCHERY,Archery,Archery-Para,SAI_NCOE_STRENGTH_2025_26_28NOV2025,,,,
50A57E5274,CENTRE_NCOE_HAR_8E99586BD4,NCOE,Haryana,,SPORT_ATHLETICS,Athletics,Athletics,SAI_NCOE_STRENGTH_2025_26_28NOV2025,,,,
FA2386C9B3,CENTRE_NCOE_HAR_8E99586BD4,NCOE,Haryana,,SPORT_HOCKEY,Hockey,Hockey,SAI_NCOE_STRENGTH_2025_26_28NOV2025,,,,
B12A095E10,CENTRE_NCOE_HAR_8E99586BD4,NCOE,Haryana,,SPORT_KABADDI,Kabaddi,Kabaddi,SAI_NCOE_STRENGTH_2025_26_28NOV2025,,,,
AA493B293E,CENTRE_NCOE_HAR_8E99586BD4,NCOE,Haryana,,SPORT_WRESTLING,Wrestling,Wrestling,SAI_NCOE_STRENGTH_2025_26_28NOV2025,,,,
81C33C6127,CENTRE_NCOE_DEL_7E07358D63,NCOE,Delhi,,SPORT_CYCLING,Cycling,Cycling,SAI_NCOE_STRENGTH_2025_26_28NOV2025,,,,
81C33C6127,CENTRE_NCOE_DEL_7E07358D63,NCOE,Delhi,,SPORT_CYCLING,Cycling,Cycling-Para,SAI_NCOE_STRENGTH_2025_26_28NOV2025,,,,
69781D07FC,CENTRE_NCOE_DEL_7E07358D63,NCOE,Delhi,,SPORT_GYMNASTICS,Gymnastics,Gymnastics,SAI_NCOE_STRENGTH_2025_26_28NOV2025,,,,
9AA09AFACD,CENTRE_NCOE_DEL_E77640C099,NCOE,Delhi,,SPORT_HOCKEY,Hockey,Hockey,SAI_NCOE_STRENGTH_2025_26_28NOV2025,,,,
BFF273990F,CENTRE_NCOE_DEL_830BEE3159,NCOE,Delhi,,SPORT_AQUATICS,Aquatics,Swimming,SAI_NCOE_STRENGTH_2025_26_28NOV2025,,,,
61C0293420,CENTRE_NCOE_DEL_CF1083744F,NCOE,Delhi,,SPORT_SHOOTING,Shooting,Shooting,SAI_NCOE_STRENGTH_2025_26_28NOV2025,,,,
61C0293420,CENTRE_NCOE_DEL_CF1083744F,NCOE,Delhi,,SPORT_SHOOTING,Shooting,Shooting-Para,SAI_NCOE_STRENGTH_2025_26_28NOV2025,,,,
1E40FE7C4C,CENTRE_STC_AND_BA4F3837D7,STC,Andhra Pradesh,,SPORT_HANDBALL,Handball,Handball,SAI_STC_STRENGTH_2025_26_28NOV2025,,,,
29763745C3,CENTRE_STC_AND_BA4F3837D7,STC,Andhra Pradesh,,SPORT_TAEKWONDO,Taekwondo,Taekwondo,SAI_STC_STRENGTH_2025_26_28NOV2025,,,,
DCB18B83AA,CENTRE_STC_AND_0008122FC2,STC,Andhra Pradesh,,SPORT_ATHLETICS,Athletics,Athletics,SAI_STC_STRENGTH_2025_26_28NOV2025,,,,
41440353A5,CENTRE_STC_AND_0008122FC2,STC,Andhra Pradesh,,SPORT_WEIGHTLIFTING,Weightlifting,Weightlifting,SAI_STC_STRENGTH_2025_26_28NOV2025,,,,
243A296D7E,CENTRE_STC_AND_62932F2C50,STC,Andhra Pradesh,,SPORT_BOXING,Boxing,Boxing,SAI_STC_STRENGTH_2025_26_28NOV2025,,,,
D67D8DF454,CENTRE_STC_AND_62932F2C50,STC,Andhra Pradesh,,SPORT_VOLLEYBALL,Volleyball,Volleyball,SAI_STC_STRENGTH_2025_26_28NOV2025,,,,
CFFC122175,CENTRE_STC_KAR_C588158B6A,STC,Karnataka,,SPORT_HOCKEY,Hockey,Hockey,SAI_STC_STRENGTH_2025_26_28NOV2025,,,,
4185EFECAB,CENTRE_STC_KAR_C588158B6A,STC,Karnataka,,SPORT_JUDO,Judo,Judo,SAI_STC_STRENGTH_2025_26_28NOV2025,,,,
7F98386DC9,CENTRE_STC_KAR_8811B67907,STC,Karnataka,,SPORT_BASKETBALL,Basketball,Basketball,SAI_STC_STRENGTH_2025_26_28NOV2025,,,,
722C21240B,CENTRE_STC_KAR_8811B67907,STC,Karnataka,,SPORT_KABADDI,Kabaddi,Kabaddi,SAI_STC_STRENGTH_2025_26_28NOV2025,,,,
D9D34D7793,CENTRE_STC_KAR_8811B67907,STC,Karnataka,,SPORT_WRESTLING,Wrestling,Wrestling,SAI_STC_STRENGTH_2025_26_28NOV2025,,,,
C96B3114EC,CENTRE_STC_KAR_C3D74C49C4,STC,Karnataka,,SPORT_HOCKEY,Hockey,Hockey,SAI_STC_STRENGTH_2025_26_28NOV2025,,,,
52926EFA44,CENTRE_STC_TEL_267D3A4A80,STC,Telangana,,SPORT_ARCHERY,Archery,Archery,SAI_STC_STRENGTH_2025_26_28NOV2025,,,,
C819D45EB2,CENTRE_STC_TEL_267D3A4A80,STC,Telangana,,SPORT_ATHLETICS,Athletics,Athletics,SAI_STC_STRENGTH_2025_26_28NOV2025,,,,
193D4F3B63,CENTRE_STC_TEL_267D3A4A80,STC,Telangana,,SPORT_GYMNASTICS,Gymnastics,Gymnastics,SAI_STC_STRENGTH_2025_26_28NOV2025,,,,
39C079948B,CENTRE_STC_TEL_267D3A4A80,STC,Telangana,,SPORT_HOCKEY,Hockey,Hockey,SAI_STC_STRENGTH_2025_26_28NOV2025,,,,
9CCEF620AB,CENTRE_STC_TEL_267D3A4A80,STC,Telangana,,SPORT_KABADDI,Kabaddi,Kabaddi,SAI_STC_STRENGTH_2025_26_28NOV2025,,,,
5ED39D4E46,CENTRE_STC_MP_4573E1C35A,STC,MP,,SPORT_BASKETBALL,Basketball,Basketball,SAI_STC_STRENGTH_2025_26_28NOV2025,,,,
B6A8CB2870,CENTRE_STC_MP_4573E1C35A,STC,MP,,SPORT_KARATE,Karate,Karate,SAI_STC_STRENGTH_2025_26_28NOV2025,,,,
8257A35EB2,CENTRE_STC_MP_AB5E7D46DE,STC,MP,,SPORT_BASEBALL_SOFTBALL,Baseball/Softball,Softball,SAI_STC_STRENGTH_2025_26_28NOV2025,,,,
BE262DC732,CENTRE_STC_MP_50857E6311,STC,MP,,SPORT_ARCHERY,Archery,Archery,SAI_STC_STRENGTH_2025_26_28NOV2025,,,,
79F9ABE697,CENTRE_STC_MP_50857E6311,STC,MP,,SPORT_BADMINTON,Badminton,Badminton,SAI_STC_STRENGTH_2025_26_28NOV2025,,,,
8CCD0A621F,CENTRE_STC_MP_50857E6311,STC,MP,,SPORT_TAEKWONDO,Taekwondo,Taekwondo,SAI_STC_STRENGTH_2025_26_28NOV2025,,,,
9B59796EF2,CENTRE_STC_CHH_1B36CB12B5,STC,Chhattisgarh,,SPORT_ARCHERY,Archery,Archery,SAI_STC_STRENGTH_2025_26_28NOV2025,,,,
81AC728347,CENTRE_STC_CHH_1B36CB12B5,STC,Chhattisgarh,,SPORT_VOLLEYBALL,Volleyball,Volleyball,SAI_STC_STRENGTH_2025_26_28NOV2025,,,,
A3237DE883,CENTRE_STC_CHH_6D002867D0,STC,Chhattisgarh,,SPORT_BASKETBALL,Basketball,Basketball,SAI_STC_STRENGTH_2025_26_28NOV2025,,,,
3F7A85D680,CENTRE_STC_CHH_6D002867D0,STC,Chhattisgarh,,SPORT_HOCKEY,Hockey,Hockey,SAI_STC_STRENGTH_2025_26_28NOV2025,,,,
F39F50EFB8,CENTRE_STC_HIM_1CD1297CD6,STC,Himachal Pradesh,,SPORT_KABADDI,Kabaddi,Kabaddi,SAI_STC_STRENGTH_2025_26_28NOV2025,,,,
E184CF175A,CENTRE_STC_HIM_1CD1297CD6,STC,Himachal Pradesh,,SPORT_BOXING,Boxing,Boxing,SAI_STC_STRENGTH_2025_26_28NOV2025,,,,
A1CB358EBC,CENTRE_STC_HIM_1CD1297CD6,STC,Himachal Pradesh,,SPORT_ROWING,Rowing,Rowing,SAI_STC_STRENGTH_2025_26_28NOV2025,,,,
BD87CA109E,CENTRE_STC_HIM_1CD1297CD6,STC,Himachal Pradesh,,SPORT_CANOEING,Canoe Sports,Kayak & Canoe,SAI_STC_STRENGTH_2025_26_28NOV2025,,,,
BF6CDC4B00,CENTRE_STC_LAD_F0CBCC2633,STC,Ladakh,,SPORT_BOXING,Boxing,Boxing,SAI_STC_STRENGTH_2025_26_28NOV2025,,,,
2653E4D403,CENTRE_STC_LAD_F0CBCC2633,STC,Ladakh,,SPORT_TAEKWONDO,Taekwondo,Taekwondo,SAI_STC_STRENGTH_2025_26_28NOV2025,,,,
47F77330FA,CENTRE_STC_PUN_2F4C341FB7,STC,Punjab,,SPORT_ATHLETICS,Athletics,Athletics,SAI_STC_STRENGTH_2025_26_28NOV2025,,,,
11F1F36AF5,CENTRE_STC_PUN_2F4C341FB7,STC,Punjab,,SPORT_BOXING,Boxing,Boxing,SAI_STC_STRENGTH_2025_26_28NOV2025,,,,
8D61EE84FE,CENTRE_STC_PUN_2F4C341FB7,STC,Punjab,,SPORT_HOCKEY,Hockey,Hockey,SAI_STC_STRENGTH_2025_26_28NOV2025,,,,
EF53618502,CENTRE_STC_PUN_2F4C341FB7,STC,Punjab,,SPORT_VOLLEYBALL,Volleyball,Volleyball,SAI_STC_STRENGTH_2025_26_28NOV2025,,,,
874A0C2478,CENTRE_STC_PUN_1288DFF9B2,STC,Punjab,,SPORT_HANDBALL,Handball,Handball,SAI_STC_STRENGTH_2025_26_28NOV2025,,,,
AF82E7D87D,CENTRE_STC_PUN_1288DFF9B2,STC,Punjab,,SPORT_JUDO,Judo,Judo,SAI_STC_STRENGTH_2025_26_28NOV2025,,,,
F3597BB141,CENTRE_STC_PUN_C070C96D74,STC,Punjab,,SPORT_BOXING,Boxing,Boxing,SAI_STC_STRENGTH_2025_26_28NOV2025,,,,
6CC0FEC378,CENTRE_STC_PUN_C070C96D74,STC,Punjab,,SPORT_VOLLEYBALL,Volleyball,Volleyball,SAI_STC_STRENGTH_2025_26_28NOV2025,,,,
3088F01330,CENTRE_STC_JAM_4FB0488829,STC,Jammu & Kashmir,,SPORT_BADMINTON,Badminton,Badminton,SAI_STC_STRENGTH_2025_26_28NOV2025,,,,
6AE97C5D23,CENTRE_STC_JAM_4FB0488829,STC,Jammu & Kashmir,,SPORT_BASKETBALL,Basketball,Basketball,SAI_STC_STRENGTH_2025_26_28NOV2025,,,,
DCF5C9B9D8,CENTRE_STC_JAM_4FB0488829,STC,Jammu & Kashmir,,SPORT_VOLLEYBALL,Volleyball,Volleyball,SAI_STC_STRENGTH_2025_26_28NOV2025,,,,
1040FD8E15,CENTRE_STC_JAM_4FB0488829,STC,Jammu & Kashmir,,SPORT_WUSHU,Wushu,Wushu,SAI_STC_STRENGTH_2025_26_28NOV2025,,,,
685FE6DBD5,CENTRE_STC_RAJ_72D116F5D9,STC,Rajasthan,,SPORT_HOCKEY,Hockey,Hockey,SAI_STC_STRENGTH_2025_26_28NOV2025,,,,
E2946861E2,CENTRE_STC_RAJ_72D116F5D9,STC,Rajasthan,,SPORT_SHOOTING,Shooting,Shooting,SAI_STC_STRENGTH_2025_26_28NOV2025,,,,
399BE04363,CENTRE_STC_RAJ_068F2C26F2,STC,Rajasthan,,SPORT_KABADDI,Kabaddi,Kabaddi,SAI_STC_STRENGTH_2025_26_28NOV2025,,,,
4ADBFE5811,CENTRE_STC_RAJ_068F2C26F2,STC,Rajasthan,,SPORT_WEIGHTLIFTING,Weightlifting,Weightlifting,SAI_STC_STRENGTH_2025_26_28NOV2025,,,,
3EB8C2FF23,CENTRE_STC_RAJ_DE2B25407D,STC,Rajasthan,,SPORT_BOXING,Boxing,Boxing,SAI_STC_STRENGTH_2025_26_28NOV2025,,,,
4B1A1C921C,CENTRE_STC_RAJ_DE2B25407D,STC,Rajasthan,,SPORT_GYMNASTICS,Gymnastics,Gymnastics,SAI_STC_STRENGTH_2025_26_28NOV2025,,,,
EC079465A5,CENTRE_STC_ARU_89B7D4F7EA,STC,Arunachal Pradesh,,SPORT_KARATE,Karate,Karate,SAI_STC_STRENGTH_2025_26_28NOV2025,,,,
54799D2DA0,CENTRE_STC_ARU_89B7D4F7EA,STC,Arunachal Pradesh,,SPORT_TAEKWONDO,Taekwondo,Taekwondo,SAI_STC_STRENGTH_2025_26_28NOV2025,,,,
F27FE4B547,CENTRE_STC_ARU_89B7D4F7EA,STC,Arunachal Pradesh,,SPORT_BOXING,Boxing,Boxing,SAI_STC_STRENGTH_2025_26_28NOV2025,,,,
F9279AC895,CENTRE_STC_MEG_EBA7856B10,STC,Meghalaya,,SPORT_ARCHERY,Archery,Archery,SAI_STC_STRENGTH_2025_26_28NOV2025,,,,
9DD592BDAB,CENTRE_STC_MEG_EBA7856B10,STC,Meghalaya,,SPORT_ATHLETICS,Athletics,Athletics,SAI_STC_STRENGTH_2025_26_28NOV2025,,,,
A064EABCC5,CENTRE_STC_MEG_EBA7856B10,STC,Meghalaya,,SPORT_BOXING,Boxing,Boxing,SAI_STC_STRENGTH_2025_26_28NOV2025,,,,
C7C2D7B7A3,CENTRE_STC_MEG_EBA7856B10,STC,Meghalaya,,SPORT_FOOTBALL,Football,Football,SAI_STC_STRENGTH_2025_26_28NOV2025,,,,
68C0498ECC,CENTRE_STC_MEG_EBA7856B10,STC,Meghalaya,,SPORT_JUDO,Judo,Judo,SAI_STC_STRENGTH_2025_26_28NOV2025,,,,
CFE8860CAD,CENTRE_STC_MEG_EBA7856B10,STC,Meghalaya,,SPORT_KARATE,Karate,Karate,SAI_STC_STRENGTH_2025_26_28NOV2025,,,,
9E17262EA0,CENTRE_STC_MEG_EBA7856B10,STC,Meghalaya,,SPORT_SEPAK_TAKRAW,Sepak Takraw,Sepaktakraw,SAI_STC_STRENGTH_2025_26_28NOV2025,,,,
0DEC7C4F66,CENTRE_STC_ASS_BF3AC1B9BA,STC,Assam,,SPORT_BOXING,Boxing,Boxing,SAI_STC_STRENGTH_2025_26_28NOV2025,,,,
B10BFFE696,CENTRE_STC_ASS_BF3AC1B9BA,STC,Assam,,SPORT_FOOTBALL,Football,Football,SAI_STC_STRENGTH_2025_26_28NOV2025,,,,
8AAD24D593,CENTRE_STC_ASS_6ACFC82AFD,STC,Assam,,SPORT_ARCHERY,Archery,Archery,SAI_STC_STRENGTH_2025_26_28NOV2025,,,,
7D056FDE0E,CENTRE_STC_ASS_6ACFC82AFD,STC,Assam,,SPORT_ATHLETICS,Athletics,Athletics,SAI_STC_STRENGTH_2025_26_28NOV2025,,,,
7451F3F543,CENTRE_STC_ASS_6ACFC82AFD,STC,Assam,,SPORT_BOXING,Boxing,Boxing,SAI_STC_STRENGTH_2025_26_28NOV2025,,,,
6D7105098F,CENTRE_STC_ASS_6ACFC82AFD,STC,Assam,,SPORT_FOOTBALL,Football,Football,SAI_STC_STRENGTH_2025_26_28NOV2025,,,,
48CAE18A30,CENTRE_STC_ASS_6ACFC82AFD,STC,Assam,,SPORT_HOCKEY,Hockey,Hockey,SAI_STC_STRENGTH_2025_26_28NOV2025,,,,
AD096F3588,CENTRE_STC_ASS_6ACFC82AFD,STC,Assam,,SPORT_KABADDI,Kabaddi,Kabaddi,SAI_STC_STRENGTH_2025_26_28NOV2025,,,,
DCE65C79BA,CENTRE_STC_ASS_6ACFC82AFD,STC,Assam,,SPORT_TAEKWONDO,Taekwondo,Taekwondo,SAI_STC_STRENGTH_2025_26_28NOV2025,,,,
0A35B41956,CENTRE_STC_ASS_6ACFC82AFD,STC,Assam,,SPORT_WUSHU,Wushu,Wushu,SAI_STC_STRENGTH_2025_26_28NOV2025,,,,
9D07A1D356,CENTRE_STC_ASS_AECB35943C,STC,Assam,,SPORT_BOXING,Boxing,Boxing,SAI_STC_STRENGTH_2025_26_28NOV2025,,,,
F629E01E4A,CENTRE_STC_ASS_AECB35943C,STC,Assam,,SPORT_FOOTBALL,Football,Football,SAI_STC_STRENGTH_2025_26_28NOV2025,,,,
D9CF04B8A9,CENTRE_STC_ASS_AECB35943C,STC,Assam,,SPORT_WEIGHTLIFTING,Weightlifting,Weightlifting,SAI_STC_STRENGTH_2025_26_28NOV2025,,,,
080AB328B9,CENTRE_STC_ASS_012B4BC69A,STC,Assam,,SPORT_ATHLETICS,Athletics,Athletics,SAI_STC_STRENGTH_2025_26_28NOV2025,,,,
5F67314878,CENTRE_STC_ASS_012B4BC69A,STC,Assam,,SPORT_FOOTBALL,Football,Football,SAI_STC_STRENGTH_2025_26_28NOV2025,,,,
F2A3424E10,CENTRE_STC_ASS_012B4BC69A,STC,Assam,,SPORT_JUDO,Judo,Judo,SAI_STC_STRENGTH_2025_26_28NOV2025,,,,
E75EED5AFC,CENTRE_STC_SIK_924913F71D,STC,Sikkim,,SPORT_ARCHERY,Archery,Archery,SAI_STC_STRENGTH_2025_26_28NOV2025,,,,
E67DA41FDB,CENTRE_STC_SIK_924913F71D,STC,Sikkim,,SPORT_BOXING,Boxing,Boxing,SAI_STC_STRENGTH_2025_26_28NOV2025,,,,
9C6F3C67F6,CENTRE_STC_SIK_924913F71D,STC,Sikkim,,SPORT_FOOTBALL,Football,Football,SAI_STC_STRENGTH_2025_26_28NOV2025,,,,
F4496511EB,CENTRE_STC_SIK_924913F71D,STC,Sikkim,,SPORT_TAEKWONDO,Taekwondo,Taekwondo,SAI_STC_STRENGTH_2025_26_28NOV2025,,,,
105FFE7604,CENTRE_STC_MAN_09ABF2BD6F,STC,Manipur,,SPORT_BOXING,Boxing,Boxing,SAI_STC_STRENGTH_2025_26_28NOV2025,,,,
40B2E709E6,CENTRE_STC_MAN_09ABF2BD6F,STC,Manipur,,SPORT_GYMNASTICS,Gymnastics,Gymnastics,SAI_STC_STRENGTH_2025_26_28NOV2025,,,,
29E35C93E2,CENTRE_STC_MAN_09ABF2BD6F,STC,Manipur,,SPORT_KARATE,Karate,Karate,SAI_STC_STRENGTH_2025_26_28NOV2025,,,,
12B571C174,CENTRE_STC_MAN_09ABF2BD6F,STC,Manipur,,SPORT_SEPAK_TAKRAW,Sepak Takraw,Sepaktakraw,SAI_STC_STRENGTH_2025_26_28NOV2025,,,,
10AC4BB843,CENTRE_STC_MAN_09ABF2BD6F,STC,Manipur,,SPORT_WRESTLING,Wrestling,Wrestling,SAI_STC_STRENGTH_2025_26_28NOV2025,,,,
975B846D36,CENTRE_STC_MAN_09ABF2BD6F,STC,Manipur,,SPORT_WUSHU,Wushu,Wushu,SAI_STC_STRENGTH_2025_26_28NOV2025,,,,
924FB3CD9E,CENTRE_STC_MAN_FD18CBA0F1,STC,Manipur,,SPORT_BOXING,Boxing,Boxing,SAI_STC_STRENGTH_2025_26_28NOV2025,,,,
4D09FC9649,CENTRE_STC_MAN_FD18CBA0F1,STC,Manipur,,SPORT_FOOTBALL,Football,Football,SAI_STC_STRENGTH_2025_26_28NOV2025,,,,
E17E5C8F63,CENTRE_STC_MAN_FD18CBA0F1,STC,Manipur,,SPORT_TAEKWONDO,Taekwondo,Taekwondo,SAI_STC_STRENGTH_2025_26_28NOV2025,,,,
163D7D1C47,CENTRE_STC_MAN_FD18CBA0F1,STC,Manipur,,SPORT_WEIGHTLIFTING,Weightlifting,Weightlifting,SAI_STC_STRENGTH_2025_26_28NOV2025,,,,
2CA57C2600,CENTRE_STC_NAG_D69DA1512C,STC,Nagaland,,SPORT_BOXING,Boxing,Boxing,SAI_STC_STRENGTH_2025_26_28NOV2025,,,,
EF1330C7C6,CENTRE_STC_NAG_D69DA1512C,STC,Nagaland,,SPORT_FOOTBALL,Football,Football,SAI_STC_STRENGTH_2025_26_28NOV2025,,,,
559F034836,CENTRE_STC_NAG_D69DA1512C,STC,Nagaland,,SPORT_SEPAK_TAKRAW,Sepak Takraw,Sepaktakraw,SAI_STC_STRENGTH_2025_26_28NOV2025,,,,
E7B980C3D7,CENTRE_STC_MIZ_7E2BBE389F,STC,Mizoram,,SPORT_BOXING,Boxing,Boxing,SAI_STC_STRENGTH_2025_26_28NOV2025,,,,
EA65153598,CENTRE_STC_MIZ_7E2BBE389F,STC,Mizoram,,SPORT_JUDO,Judo,Judo,SAI_STC_STRENGTH_2025_26_28NOV2025,,,,
758A12C221,CENTRE_STC_MIZ_7E2BBE389F,STC,Mizoram,,SPORT_TAEKWONDO,Taekwondo,Taekwondo,SAI_STC_STRENGTH_2025_26_28NOV2025,,,,
68CEEC6E0C,CENTRE_STC_MIZ_7E2BBE389F,STC,Mizoram,,SPORT_WEIGHTLIFTING,Weightlifting,Weightlifting,SAI_STC_STRENGTH_2025_26_28NOV2025,,,,
6F7EA01096,CENTRE_STC_MIZ_3D7472F1D3,STC,Mizoram,,SPORT_BOXING,Boxing,Boxing,SAI_STC_STRENGTH_2025_26_28NOV2025,,,,
0990224F3E,CENTRE_STC_MIZ_3D7472F1D3,STC,Mizoram,,SPORT_TAEKWONDO,Taekwondo,Taekwondo,SAI_STC_STRENGTH_2025_26_28NOV2025,,,,
3EFB1952C0,CENTRE_STC_MIZ_F5AD96D6E6,STC,Mizoram,,SPORT_HOCKEY,Hockey,Hockey,SAI_STC_STRENGTH_2025_26_28NOV2025,,,,
60CDB9E0BA,CENTRE_STC_AN_EA6F4087C1,STC,A & N,,SPORT_ATHLETICS,Athletics,Athletics,SAI_STC_STRENGTH_2025_26_28NOV2025,,,,
DCEA879C2C,CENTRE_STC_AN_EA6F4087C1,STC,A & N,,SPORT_CYCLING,Cycling,Cycling,SAI_STC_STRENGTH_2025_26_28NOV2025,,,,
F0C66675D4,CENTRE_STC_AN_EA6F4087C1,STC,A & N,,SPORT_FOOTBALL,Football,Football,SAI_STC_STRENGTH_2025_26_28NOV2025,,,,
5D7BF1609C,CENTRE_STC_AN_EA6F4087C1,STC,A & N,,SPORT_WEIGHTLIFTING,Weightlifting,Weightlifting,SAI_STC_STRENGTH_2025_26_28NOV2025,,,,
B6B20D10A3,CENTRE_STC_AN_BE8F0F2E2E,STC,A & N,,SPORT_CANOEING,Canoe Sports,Kayak & Canoe,SAI_STC_STRENGTH_2025_26_28NOV2025,,,,
B0B9C83982,CENTRE_STC_AN_BE8F0F2E2E,STC,A & N,,SPORT_ROWING,Rowing,Rowing,SAI_STC_STRENGTH_2025_26_28NOV2025,,,,
397705BFA7,CENTRE_STC_AN_BE8F0F2E2E,STC,A & N,,SPORT_FOOTBALL,Football,Football,SAI_STC_STRENGTH_2025_26_28NOV2025,,,,
6257C15DB9,CENTRE_STC_BIH_AD23CE55BB,STC,Bihar,,SPORT_TAEKWONDO,Taekwondo,Taekwondo,SAI_STC_STRENGTH_2025_26_28NOV2025,,,,
39D3C7AEA2,CENTRE_STC_BIH_AD23CE55BB,STC,Bihar,,SPORT_WUSHU,Wushu,Wushu,SAI_STC_STRENGTH_2025_26_28NOV2025,,,,
88824EB5AF,CENTRE_STC_BIH_AD23CE55BB,STC,Bihar,,SPORT_SEPAK_TAKRAW,Sepak Takraw,Sepak Takraw,SAI_STC_STRENGTH_2025_26_28NOV2025,,,,
B02E5628DF,CENTRE_STC_JHA_1FDF4069AB,STC,Jharkhand,,SPORT_ARCHERY,Archery,Archery,SAI_STC_STRENGTH_2025_26_28NOV2025,,,,
C6DA92BE6F,CENTRE_STC_JHA_1FDF4069AB,STC,Jharkhand,,SPORT_HOCKEY,Hockey,Hockey,SAI_STC_STRENGTH_2025_26_28NOV2025,,,,
2B2CAA6A2D,CENTRE_STC_JHA_0329397385,STC,Jharkhand,,SPORT_ATHLETICS,Athletics,Athletics,SAI_STC_STRENGTH_2025_26_28NOV2025,,,,
3745A15927,CENTRE_STC_JHA_0329397385,STC,Jharkhand,,SPORT_FOOTBALL,Football,Football,SAI_STC_STRENGTH_2025_26_28NOV2025,,,,
417B3C3A06,CENTRE_STC_JHA_0329397385,STC,Jharkhand,,SPORT_HOCKEY,Hockey,Hockey,SAI_STC_STRENGTH_2025_26_28NOV2025,,,,
058F5F1F0A,CENTRE_STC_JHA_0329397385,STC,Jharkhand,,SPORT_ARCHERY,Archery,Archery,SAI_STC_STRENGTH_2025_26_28NOV2025,,,,
E92A839E2B,CENTRE_STC_ODI_0360775268,STC,Odisha,,SPORT_ATHLETICS,Athletics,Athletics,SAI_STC_STRENGTH_2025_26_28NOV2025,,,,
5A8994D329,CENTRE_STC_ODI_0360775268,STC,Odisha,,SPORT_FOOTBALL,Football,Football,SAI_STC_STRENGTH_2025_26_28NOV2025,,,,
678C88C80D,CENTRE_STC_ODI_D5735CF448,STC,Odisha,,SPORT_ARCHERY,Archery,Archery,SAI_STC_STRENGTH_2025_26_28NOV2025,,,,
C4598DA49B,CENTRE_STC_ODI_D5735CF448,STC,Odisha,,SPORT_HOCKEY,Hockey,Hockey,SAI_STC_STRENGTH_2025_26_28NOV2025,,,,
7D24B37715,CENTRE_STC_TRI_AB080946CC,STC,Tripura,,SPORT_ATHLETICS,Athletics,Athletics,SAI_STC_STRENGTH_2025_26_28NOV2025,,,,
871EDDEE31,CENTRE_STC_TRI_AB080946CC,STC,Tripura,,SPORT_FOOTBALL,Football,Football,SAI_STC_STRENGTH_2025_26_28NOV2025,,,,
7E894CB1C9,CENTRE_STC_TRI_AB080946CC,STC,Tripura,,SPORT_GYMNASTICS,Gymnastics,Gymnastics,SAI_STC_STRENGTH_2025_26_28NOV2025,,,,
F71DB4C82D,CENTRE_STC_TRI_AB080946CC,STC,Tripura,,SPORT_AQUATICS,Aquatics,Swimming,SAI_STC_STRENGTH_2025_26_28NOV2025,,,,
6D3976D95E,CENTRE_STC_WES_95EB4E9FA2,STC,West Bengal,,SPORT_TABLE_TENNIS,Table Tennis,Table Tennis,SAI_STC_STRENGTH_2025_26_28NOV2025,,,,
0CB2199F56,CENTRE_STC_WES_8A37DB07D6,STC,West Bengal,,SPORT_ARCHERY,Archery,Archery,SAI_STC_STRENGTH_2025_26_28NOV2025,,,,
F7E0BF66F2,CENTRE_STC_WES_8A37DB07D6,STC,West Bengal,,SPORT_ATHLETICS,Athletics,Athletics,SAI_STC_STRENGTH_2025_26_28NOV2025,,,,
8F9B910802,CENTRE_STC_WES_8A37DB07D6,STC,West Bengal,,SPORT_FOOTBALL,Football,Football,SAI_STC_STRENGTH_2025_26_28NOV2025,,,,
4C98F54769,CENTRE_STC_WES_8A37DB07D6,STC,West Bengal,,SPORT_GYMNASTICS,Gymnastics,Gymnastics,SAI_STC_STRENGTH_2025_26_28NOV2025,,,,
7F51814E4B,CENTRE_STC_WES_8A37DB07D6,STC,West Bengal,,SPORT_TABLE_TENNIS,Table Tennis,Table Tennis,SAI_STC_STRENGTH_2025_26_28NOV2025,,,,
CA7CB93513,CENTRE_STC_WES_B355205263,STC,West Bengal,,SPORT_ARCHERY,Archery,Archery,SAI_STC_STRENGTH_2025_26_28NOV2025,,,,
394C2D2373,CENTRE_STC_WES_B355205263,STC,West Bengal,,SPORT_FOOTBALL,Football,Football,SAI_STC_STRENGTH_2025_26_28NOV2025,,,,
25D51C4A66,CENTRE_STC_UTT_82A09DE852,STC,Uttar Pradesh,,SPORT_ATHLETICS,Athletics,Athletics,SAI_STC_STRENGTH_2025_26_28NOV2025,,,,
F704E2AEA9,CENTRE_STC_UTT_82A09DE852,STC,Uttar Pradesh,,SPORT_HOCKEY,Hockey,Hockey,SAI_STC_STRENGTH_2025_26_28NOV2025,,,,
331CBD140D,CENTRE_STC_UTT_82A09DE852,STC,Uttar Pradesh,,SPORT_SEPAK_TAKRAW,Sepak Takraw,Sepaktakraw,SAI_STC_STRENGTH_2025_26_28NOV2025,,,,
D972F3512C,CENTRE_STC_UTT_20AB7786FF,STC,Uttar Pradesh,,SPORT_TAEKWONDO,Taekwondo,Taekwondo,SAI_STC_STRENGTH_2025_26_28NOV2025,,,,
78F0A81B72,CENTRE_STC_UTT_20AB7786FF,STC,Uttar Pradesh,,SPORT_VOLLEYBALL,Volleyball,Volleyball,SAI_STC_STRENGTH_2025_26_28NOV2025,,,,
3D570DA314,CENTRE_STC_UTT_6606BD73F6,STC,Uttar Pradesh,,SPORT_ATHLETICS,Athletics,Athletics,SAI_STC_STRENGTH_2025_26_28NOV2025,,,,
39E244AA14,CENTRE_STC_UTT_6606BD73F6,STC,Uttar Pradesh,,SPORT_HANDBALL,Handball,Handball,SAI_STC_STRENGTH_2025_26_28NOV2025,,,,
8D103D341A,CENTRE_STC_UTT_011B6DF060,STC,Uttar Pradesh,,SPORT_ATHLETICS,Athletics,Athletics,SAI_STC_STRENGTH_2025_26_28NOV2025,,,,
772F60BA10,CENTRE_STC_UTT_011B6DF060,STC,Uttar Pradesh,,SPORT_BASKETBALL,Basketball,Basketball,SAI_STC_STRENGTH_2025_26_28NOV2025,,,,
5FA170A547,CENTRE_STC_UTT_011B6DF060,STC,Uttar Pradesh,,SPORT_BOXING,Boxing,Boxing,SAI_STC_STRENGTH_2025_26_28NOV2025,,,,
2E9C5172DA,CENTRE_STC_UTT_011B6DF060,STC,Uttar Pradesh,,SPORT_WRESTLING,Wrestling,Wrestling,SAI_STC_STRENGTH_2025_26_28NOV2025,,,,
B7058CB2A8,CENTRE_STC_UTT_1D5BB6C656,STC,Uttrakhand,,SPORT_ATHLETICS,Athletics,Athletics,SAI_STC_STRENGTH_2025_26_28NOV2025,,,,
D855B51773,CENTRE_STC_UTT_1D5BB6C656,STC,Uttrakhand,,SPORT_BOXING,Boxing,Boxing,SAI_STC_STRENGTH_2025_26_28NOV2025,,,,
38B89ED1A4,CENTRE_STC_UTT_1D5BB6C656,STC,Uttrakhand,,SPORT_TAEKWONDO,Taekwondo,Taekwondo,SAI_STC_STRENGTH_2025_26_28NOV2025,,,,
9287F3761B,CENTRE_STC_UTT_1D5BB6C656,STC,Uttrakhand,,SPORT_WEIGHTLIFTING,Weightlifting,Weightlifting,SAI_STC_STRENGTH_2025_26_28NOV2025,,,,
DAD87CC4F5,CENTRE_STC_GOA_C91EE8B245,STC,Goa,,SPORT_JUDO,Judo,Judo,SAI_STC_STRENGTH_2025_26_28NOV2025,,,,
AAEB333E5B,CENTRE_STC_GOA_C91EE8B245,STC,Goa,,SPORT_BOXING,Boxing,Boxing,SAI_STC_STRENGTH_2025_26_28NOV2025,,,,
5B9E0880B1,CENTRE_STC_GOA_CC890A7B85,STC,Goa,,SPORT_JUDO,Judo,Judo,SAI_STC_STRENGTH_2025_26_28NOV2025,,,,
8B4F06E3B5,CENTRE_STC_DEL_4520E702FC,STC,Delhi,,SPORT_JUDO,Judo,Judo,SAI_STC_STRENGTH_2025_26_28NOV2025,,,,
6B4BE6147F,CENTRE_STC_DEL_4520E702FC,STC,Delhi,,SPORT_SEPAK_TAKRAW,Sepak Takraw,Sepaktakraw,SAI_STC_STRENGTH_2025_26_28NOV2025,,,,
4D65F1191F,CENTRE_STC_HAR_8E705505FE,STC,Haryana,,SPORT_ATHLETICS,Athletics,Athletics,SAI_STC_STRENGTH_2025_26_28NOV2025,,,,
5295C3CC79,CENTRE_STC_HAR_8E705505FE,STC,Haryana,,SPORT_BOXING,Boxing,Boxing,SAI_STC_STRENGTH_2025_26_28NOV2025,,,,
A51C26ADEE,CENTRE_STC_HAR_8E705505FE,STC,Haryana,,SPORT_WRESTLING,Wrestling,Wrestling,SAI_STC_STRENGTH_2025_26_28NOV2025,,,,
2A7B086DD2,CENTRE_STC_HAR_14943ADF3A,STC,Haryana,,SPORT_ATHLETICS,Athletics,Athletics,SAI_STC_STRENGTH_2025_26_28NOV2025,,,,
4A4BF813D4,CENTRE_STC_HAR_14943ADF3A,STC,Haryana,,SPORT_BOXING,Boxing,Boxing,SAI_STC_STRENGTH_2025_26_28NOV2025,,,,
53535B264A,CENTRE_STC_HAR_14943ADF3A,STC,Haryana,,SPORT_HOCKEY,Hockey,Hockey,SAI_STC_STRENGTH_2025_26_28NOV2025,,,,
1D93CC139A,CENTRE_STC_HAR_14943ADF3A,STC,Haryana,,SPORT_WRESTLING,Wrestling,Wrestling,SAI_STC_STRENGTH_2025_26_28NOV2025,,,,
1BE4A19AA0,CENTRE_STC_HAR_9EEA667DF5,STC,Haryana,,SPORT_CYCLING,Cycling,Cycling,SAI_STC_STRENGTH_2025_26_28NOV2025,,,,
6872D227E0,CENTRE_STC_HAR_9EEA667DF5,STC,Haryana,,SPORT_HOCKEY,Hockey,Hockey,SAI_STC_STRENGTH_2025_26_28NOV2025,,,,
6C6A7101B0,CENTRE_STC_HAR_9EEA667DF5,STC,Haryana,,SPORT_VOLLEYBALL,Volleyball,Volleyball,SAI_STC_STRENGTH_2025_26_28NOV2025,,,,
B4FADDF7AC,CENTRE_STC_KER_49346E82F0,STC,Kerala,,SPORT_ATHLETICS,Athletics,Athletics,SAI_STC_STRENGTH_2025_26_28NOV2025,,,,
C3591E4ECF,CENTRE_STC_KER_49346E82F0,STC,Kerala,,SPORT_VOLLEYBALL,Volleyball,Volleyball,SAI_STC_STRENGTH_2025_26_28NOV2025,,,,
DBC0521875,CENTRE_STC_KER_7CF9DD85D7,STC,Kerala,,SPORT_ATHLETICS,Athletics,Athletics,SAI_STC_STRENGTH_2025_26_28NOV2025,,,,
91FB6CF7D2,CENTRE_STC_KER_7CF9DD85D7,STC,Kerala,,SPORT_FOOTBALL,Football,Football,SAI_STC_STRENGTH_2025_26_28NOV2025,,,,
82B37919F1,CENTRE_STC_KER_7CF9DD85D7,STC,Kerala,,SPORT_HOCKEY,Hockey,Hockey,SAI_STC_STRENGTH_2025_26_28NOV2025,,,,
D2B72AF4DF,CENTRE_STC_KER_7CF9DD85D7,STC,Kerala,,SPORT_KABADDI,Kabaddi,Kabaddi,SAI_STC_STRENGTH_2025_26_28NOV2025,,,,
5C89A56B21,CENTRE_STC_KER_E5D5BE53D5,STC,Kerala,,SPORT_ATHLETICS,Athletics,Athletics,SAI_STC_STRENGTH_2025_26_28NOV2025,,,,
F734CE266A,CENTRE_STC_KER_E5D5BE53D5,STC,Kerala,,SPORT_FENCING,Fencing,Fencing,SAI_STC_STRENGTH_2025_26_28NOV2025,,,,
31F3BE838F,CENTRE_STC_KER_E5D5BE53D5,STC,Kerala,,SPORT_GYMNASTICS,Gymnastics,Gymnastics,SAI_STC_STRENGTH_2025_26_28NOV2025,,,,
CA0FFB06F4,CENTRE_STC_KER_E5D5BE53D5,STC,Kerala,,SPORT_VOLLEYBALL,Volleyball,Volleyball,SAI_STC_STRENGTH_2025_26_28NOV2025,,,,
403F642EE2,CENTRE_STC_KER_E5D5BE53D5,STC,Kerala,,SPORT_WRESTLING,Wrestling,Wrestling,SAI_STC_STRENGTH_2025_26_28NOV2025,,,,
1900BEBD25,CENTRE_STC_KER_8431CCAC68,STC,Kerala,,SPORT_JUDO,Judo,Judo,SAI_STC_STRENGTH_2025_26_28NOV2025,,,,
61CCF5492F,CENTRE_STC_KER_8431CCAC68,STC,Kerala,,SPORT_AQUATICS,Aquatics,Swimming,SAI_STC_STRENGTH_2025_26_28NOV2025,,,,
DED8EB010F,CENTRE_STC_LAK_5147C2130D,STC,Lakshadweep,,SPORT_ATHLETICS,Athletics,Athletics,SAI_STC_STRENGTH_2025_26_28NOV2025,,,,
C2DB2973BC,CENTRE_STC_LAK_5147C2130D,STC,Lakshadweep,,SPORT_FOOTBALL,Football,Football,SAI_STC_STRENGTH_2025_26_28NOV2025,,,,
B2D10899A1,CENTRE_STC_LAK_5147C2130D,STC,Lakshadweep,,SPORT_VOLLEYBALL,Volleyball,Volleyball,SAI_STC_STRENGTH_2025_26_28NOV2025,,,,
F97F610C8F,CENTRE_STC_PUD_5842C370BE,STC,Puducherry,,SPORT_KABADDI,Kabaddi,Kabaddi,SAI_STC_STRENGTH_2025_26_28NOV2025,,,,
36C3225F96,CENTRE_STC_PUD_5842C370BE,STC,Puducherry,,SPORT_KHO_KHO,Kho Kho,Kho-Kho,SAI_STC_STRENGTH_2025_26_28NOV2025,,,,
51B52CD576,CENTRE_STC_PUD_5842C370BE,STC,Puducherry,,SPORT_VOLLEYBALL,Volleyball,Volleyball,SAI_STC_STRENGTH_2025_26_28NOV2025,,,,
9488ED6ABE,CENTRE_STC_PUD_5842C370BE,STC,Puducherry,,SPORT_WEIGHTLIFTING,Weightlifting,Weightlifting,SAI_STC_STRENGTH_2025_26_28NOV2025,,,,
9741ECF722,CENTRE_STC_PUD_5842C370BE,STC,Puducherry,,SPORT_SEPAK_TAKRAW,Sepak Takraw,Sepaktakraw,SAI_STC_STRENGTH_2025_26_28NOV2025,,,,
0F88C89264,CENTRE_STC_PUD_9037F231B0,STC,Puducherry,,SPORT_BADMINTON,Badminton,Badminton,SAI_STC_STRENGTH_2025_26_28NOV2025,,,,
452B750B4F,CENTRE_STC_PUD_9037F231B0,STC,Puducherry,,SPORT_AQUATICS,Aquatics,Swimming,SAI_STC_STRENGTH_2025_26_28NOV2025,,,,
E53E8B3AFD,CENTRE_STC_TAM_0DFD80C99D,STC,Tamil Nadu,,SPORT_ATHLETICS,Athletics,Athletics,SAI_STC_STRENGTH_2025_26_28NOV2025,,,,
404B03600E,CENTRE_STC_TAM_0DFD80C99D,STC,Tamil Nadu,,SPORT_FOOTBALL,Football,Football,SAI_STC_STRENGTH_2025_26_28NOV2025,,,,
7946060121,CENTRE_STC_TAM_0DFD80C99D,STC,Tamil Nadu,,SPORT_KABADDI,Kabaddi,Kabaddi,SAI_STC_STRENGTH_2025_26_28NOV2025,,,,
EF0E1B4CF7,CENTRE_STC_TAM_0DFD80C99D,STC,Tamil Nadu,,SPORT_TABLE_TENNIS,Table Tennis,Table Tennis,SAI_STC_STRENGTH_2025_26_28NOV2025,,,,
66C1554C37,CENTRE_STC_TAM_4B5F9662B2,STC,Tamil Nadu,,SPORT_ATHLETICS,Athletics,Athletics,SAI_STC_STRENGTH_2025_26_28NOV2025,,,,
F0AE51A694,CENTRE_STC_TAM_4B5F9662B2,STC,Tamil Nadu,,SPORT_BASKETBALL,Basketball,Basketball,SAI_STC_STRENGTH_2025_26_28NOV2025,,,,
B42377AC73,CENTRE_STC_TAM_4B5F9662B2,STC,Tamil Nadu,,SPORT_BOXING,Boxing,Boxing,SAI_STC_STRENGTH_2025_26_28NOV2025,,,,
517056D59E,CENTRE_STC_TAM_4B5F9662B2,STC,Tamil Nadu,,SPORT_KABADDI,Kabaddi,Kabaddi,SAI_STC_STRENGTH_2025_26_28NOV2025,,,,
DE939EB949,CENTRE_STC_TAM_4B5F9662B2,STC,Tamil Nadu,,SPORT_VOLLEYBALL,Volleyball,Volleyball,SAI_STC_STRENGTH_2025_26_28NOV2025,,,,
7EE4ED46F9,CENTRE_STC_TAM_4B5F9662B2,STC,Tamil Nadu,,SPORT_WEIGHTLIFTING,Weightlifting,Weightlifting,SAI_STC_STRENGTH_2025_26_28NOV2025,,,,
8FBC86F5AE,CENTRE_STC_TAM_8D7581112D,STC,Tamil Nadu,,SPORT_BASKETBALL,Basketball,Basketball,SAI_STC_STRENGTH_2025_26_28NOV2025,,,,
3DD2C84EDC,CENTRE_STC_TAM_8D7581112D,STC,Tamil Nadu,,SPORT_TAEKWONDO,Taekwondo,Taekwondo,SAI_STC_STRENGTH_2025_26_28NOV2025,,,,
