event_id,sport_id,sport_std,discipline_id,discipline_std,event_std,gender_std,event_type_std,athletics_domain,canoe_craft,canoe_style,present_la28,present_ag2026,both,la28_male,la28_female,la28_total,la28_sex_split_fixed,ag2026_male,ag2026_female,ag2026_total,ag2026_sex_split_fixed
EVT_SPORT_AQUATICS_ARTISTIC_SWIMMING_DUET_W,SPORT_AQUATICS,Aquatics,DISC_SPORT_AQUATICS_ARTISTIC_SWIMMING,Artistic Swimming,Duet,Women,Duet,,,,1,1,1,0.0,2.0,2.0,1.0,0.0,2.0,2.0,1.0
EVT_SPORT_AQUATICS_ARTISTIC_SWIMMING_TEAM_X,SPORT_AQUATICS,Aquatics,DISC_SPORT_AQUATICS_ARTISTIC_SWIMMING,Artistic Swimming,Team,Mixed,Team,,,,1,1,1,2.0,6.0,8.0,1.0,1.0,7.0,8.0,1.0
EVT_SPORT_AQUATICS_DIVING_10M_PLATFORM_M,SPORT_AQUATICS,Aquatics,DISC_SPORT_AQUATICS_DIVING,Diving,10m Platform,Men,Individual,,,,1,1,1,1.0,0.0,1.0,1.0,2.0,0.0,2.0,1.0
EVT_SPORT_AQUATICS_DIVING_10M_PLATFORM_W,SPORT_AQUATICS,Aquatics,DISC_SPORT_AQUATICS_DIVING,Diving,10m Platform,Women,Individual,,,,1,1,1,0.0,1.0,1.0,1.0,0.0,2.0,2.0,1.0
EVT_SPORT_AQUATICS_DIVING_1M_SPRINGBOARD_M,SPORT_AQUATICS,Aquatics,DISC_SPORT_AQUATICS_DIVING,Diving,1m Springboard,Men,Individual,,,,0,1,0,,,,,2.0,0.0,2.0,1.0
EVT_SPORT_AQUATICS_DIVING_1M_SPRINGBOARD_W,SPORT_AQUATICS,Aquatics,DISC_SPORT_AQUATICS_DIVING,Diving,1m Springboard,Women,Individual,,,,0,1,0,,,,,0.0,2.0,2.0,1.0
EVT_SPORT_AQUATICS_DIVING_3M_SPRINGBOARD_M,SPORT_AQUATICS,Aquatics,DISC_SPORT_AQUATICS_DIVING,Diving,3m Springboard,Men,Individual,,,,1,1,1,1.0,0.0,1.0,1.0,2.0,0.0,2.0,1.0
EVT_SPORT_AQUATICS_DIVING_3M_SPRINGBOARD_W,SPORT_AQUATICS,Aquatics,DISC_SPORT_AQUATICS_DIVING,Diving,3m Springboard,Women,Individual,,,,1,1,1,0.0,1.0,1.0,1.0,0.0,2.0,2.0,1.0
EVT_SPORT_AQUATICS_DIVING_SYNCHRONISED_10M_PLATFORM_M,SPORT_AQUATICS,Aquatics,DISC_SPORT_AQUATICS_DIVING,Diving,Synchronised 10m Platform,Men,Duet,,,,1,0,0,2.0,0.0,2.0,1.0,,,,
EVT_SPORT_AQUATICS_DIVING_SYNCHRONISED_10M_PLATFORM_W,SPORT_AQUATICS,Aquatics,DISC_SPORT_AQUATICS_DIVING,Diving,Synchronised 10m Platform,Women,Duet,,,,1,0,0,0.0,2.0,2.0,1.0,,,,
EVT_SPORT_AQUATICS_DIVING_SYNCHRONISED_3M_SPRINGBOARD_M,SPORT_AQUATICS,Aquatics,DISC_SPORT_AQUATICS_DIVING,Diving,Synchronised 3m Springboard,Men,Duet,,,,1,0,0,2.0,0.0,2.0,1.0,,,,
EVT_SPORT_AQUATICS_DIVING_SYNCHRONISED_3M_SPRINGBOARD_W,SPORT_AQUATICS,Aquatics,DISC_SPORT_AQUATICS_DIVING,Diving,Synchronised 3m Springboard,Women,Duet,,,,1,0,0,0.0,2.0,2.0,1.0,,,,
EVT_SPORT_AQUATICS_DIVING_SYNCHRONIZED_10M_PLATFORM_M,SPORT_AQUATICS,Aquatics,DISC_SPORT_AQUATICS_DIVING,Diving,Synchronized 10m Platform,Men,Duet,,,,0,1,0,,,,,2.0,0.0,2.0,1.0
EVT_SPORT_AQUATICS_DIVING_SYNCHRONIZED_10M_PLATFORM_W,SPORT_AQUATICS,Aquatics,DISC_SPORT_AQUATICS_DIVING,Diving,Synchronized 10m Platform,Women,Duet,,,,0,1,0,,,,,0.0,2.0,2.0,1.0
EVT_SPORT_AQUATICS_DIVING_SYNCHRONIZED_3M_SPRINGBOARD_M,SPORT_AQUATICS,Aquatics,DISC_SPORT_AQUATICS_DIVING,Diving,Synchronized 3m Springboard,Men,Duet,,,,0,1,0,,,,,2.0,0.0,2.0,1.0
EVT_SPORT_AQUATICS_DIVING_SYNCHRONIZED_3M_SPRINGBOARD_W,SPORT_AQUATICS,Aquatics,DISC_SPORT_AQUATICS_DIVING,Diving,Synchronized 3m Springboard,Women,Duet,,,,0,1,0,,,,,0.0,2.0,2.0,1.0
EVT_SPORT_AQUATICS_OPEN_WATER_SWIMMING_10KM_SWIMMING_M,SPORT_AQUATICS,Aquatics,DISC_SPORT_AQUATICS_OPEN_WATER_SWIMMING,Open Water Swimming,10km Swimming,Men,Individual,,,,1,0,0,1.0,0.0,1.0,1.0,,,,
EVT_SPORT_AQUATICS_OPEN_WATER_SWIMMING_10KM_SWIMMING_W,SPORT_AQUATICS,Aquatics,DISC_SPORT_AQUATICS_OPEN_WATER_SWIMMING,Open Water Swimming,10km Swimming,Women,Individual,,,,1,0,0,0.0,1.0,1.0,1.0,,,,
EVT_SPORT_AQUATICS_SWIMMING_100M_BACKSTROKE_M,SPORT_AQUATICS,Aquatics,DISC_SPORT_AQUATICS_SWIMMING,Swimming,100m Backstroke,Men,Individual,,,,1,1,1,1.0,0.0,1.0,1.0,2.0,0.0,2.0,1.0
EVT_SPORT_AQUATICS_SWIMMING_100M_BACKSTROKE_W,SPORT_AQUATICS,Aquatics,DISC_SPORT_AQUATICS_SWIMMING,Swimming,100m Backstroke,Women,Individual,,,,0,1,0,,,,,0.0,2.0,2.0,1.0
EVT_SPORT_AQUATICS_SWIMMING_100M_BREASTSTROKE_M,SPORT_AQUATICS,Aquatics,DISC_SPORT_AQUATICS_SWIMMING,Swimming,100m Breaststroke,Men,Individual,,,,1,1,1,1.0,0.0,1.0,1.0,2.0,0.0,2.0,1.0
EVT_SPORT_AQUATICS_SWIMMING_100M_BREASTSTROKE_W,SPORT_AQUATICS,Aquatics,DISC_SPORT_AQUATICS_SWIMMING,Swimming,100m Breaststroke,Women,Individual,,,,1,1,1,0.0,1.0,1.0,1.0,0.0,2.0,2.0,1.0
EVT_SPORT_AQUATICS_SWIMMING_100M_BUTTERFLY_M,SPORT_AQUATICS,Aquatics,DISC_SPORT_AQUATICS_SWIMMING,Swimming,100m Butterfly,Men,Individual,,,,1,1,1,1.0,0.0,1.0,1.0,2.0,0.0,2.0,1.0
EVT_SPORT_AQUATICS_SWIMMING_100M_BUTTERFLY_W,SPORT_AQUATICS,Aquatics,DISC_SPORT_AQUATICS_SWIMMING,Swimming,100m Butterfly,Women,Individual,,,,1,1,1,0.0,1.0,1.0,1.0,0.0,2.0,2.0,1.0
EVT_SPORT_AQUATICS_SWIMMING_100M_FREESTYLE_M,SPORT_AQUATICS,Aquatics,DISC_SPORT_AQUATICS_SWIMMING,Swimming,100m Freestyle,Men,Individual,,,,1,1,1,1.0,0.0,1.0,1.0,2.0,0.0,2.0,1.0
EVT_SPORT_AQUATICS_SWIMMING_100M_FREESTYLE_W,SPORT_AQUATICS,Aquatics,DISC_SPORT_AQUATICS_SWIMMING,Swimming,100m Freestyle,Women,Individual,,,,1,1,1,0.0,1.0,1.0,1.0,0.0,2.0,2.0,1.0
EVT_SPORT_AQUATICS_SWIMMING_100M_SACKSTROKE_W,SPORT_AQUATICS,Aquatics,DISC_SPORT_AQUATICS_SWIMMING,Swimming,100m Sackstroke,Women,Individual,,,,1,0,0,0.0,1.0,1.0,1.0,,,,
EVT_SPORT_AQUATICS_SWIMMING_1500M_FREESTYLE_M,SPORT_AQUATICS,Aquatics,DISC_SPORT_AQUATICS_SWIMMING,Swimming,1500m Freestyle,Men,Individual,,,,1,1,1,1.0,0.0,1.0,1.0,2.0,0.0,2.0,1.0
EVT_SPORT_AQUATICS_SWIMMING_1500M_FREESTYLE_W,SPORT_AQUATICS,Aquatics,DISC_SPORT_AQUATICS_SWIMMING,Swimming,1500m Freestyle,Women,Individual,,,,1,1,1,0.0,1.0,1.0,1.0,0.0,2.0,2.0,1.0
EVT_SPORT_AQUATICS_SWIMMING_200M_BACKSTROKE_M,SPORT_AQUATICS,Aquatics,DISC_SPORT_AQUATICS_SWIMMING,Swimming,200m Backstroke,Men,Individual,,,,1,1,1,1.0,0.0,1.0,1.0,2.0,0.0,2.0,1.0
EVT_SPORT_AQUATICS_SWIMMING_200M_BACKSTROKE_W,SPORT_AQUATICS,Aquatics,DISC_SPORT_AQUATICS_SWIMMING,Swimming,200m Backstroke,Women,Individual,,,,1,1,1,0.0,1.0,1.0,1.0,0.0,2.0,2.0,1.0
EVT_SPORT_AQUATICS_SWIMMING_200M_BREASTSTROKE_M,SPORT_AQUATICS,Aquatics,DISC_SPORT_AQUATICS_SWIMMING,Swimming,200m Breaststroke,Men,Individual,,,,1,1,1,1.0,0.0,1.0,1.0,2.0,0.0,2.0,1.0
EVT_SPORT_AQUATICS_SWIMMING_200M_BREASTSTROKE_W,SPORT_AQUATICS,Aquatics,DISC_SPORT_AQUATICS_SWIMMING,Swimming,200m Breaststroke,Women,Individual,,,,1,1,1,0.0,1.0,1.0,1.0,0.0,2.0,2.0,1.0
EVT_SPORT_AQUATICS_SWIMMING_200M_BUTTERFLY_M,SPORT_AQUATICS,Aquatics,DISC_SPORT_AQUATICS_SWIMMING,Swimming,200m Butterfly,Men,Individual,,,,1,1,1,1.0,0.0,1.0,1.0,2.0,0.0,2.0,1.0
EVT_SPORT_AQUATICS_SWIMMING_200M_BUTTERFLY_W,SPORT_AQUATICS,Aquatics,DISC_SPORT_AQUATICS_SWIMMING,Swimming,200m Butterfly,Women,Individual,,,,1,1,1,0.0,1.0,1.0,1.0,0.0,2.0,2.0,1.0
EVT_SPORT_AQUATICS_SWIMMING_200M_FREESTYLE_M,SPORT_AQUATICS,Aquatics,DISC_SPORT_AQUATICS_SWIMMING,Swimming,200m Freestyle,Men,Individual,,,,1,1,1,1.0,0.0,1.0,1.0,2.0,0.0,2.0,1.0
EVT_SPORT_AQUATICS_SWIMMING_200M_FREESTYLE_W,SPORT_AQUATICS,Aquatics,DISC_SPORT_AQUATICS_SWIMMING,Swimming,200m Freestyle,Women,Individual,,,,1,1,1,0.0,1.0,1.0,1.0,0.0,2.0,2.0,1.0
EVT_SPORT_AQUATICS_SWIMMING_200M_INDIVIDUAL_MEDLEY_M,SPORT_AQUATICS,Aquatics,DISC_SPORT_AQUATICS_SWIMMING,Swimming,200m Individual Medley,Men,Individual,,,,1,1,1,1.0,0.0,1.0,1.0,2.0,0.0,2.0,1.0
EVT_SPORT_AQUATICS_SWIMMING_200M_INDIVIDUAL_MEDLEY_W,SPORT_AQUATICS,Aquatics,DISC_SPORT_AQUATICS_SWIMMING,Swimming,200m Individual Medley,Women,Individual,,,,1,1,1,0.0,1.0,1.0,1.0,0.0,2.0,2.0,1.0
EVT_SPORT_AQUATICS_SWIMMING_400M_FREESTYLE_M,SPORT_AQUATICS,Aquatics,DISC_SPORT_AQUATICS_SWIMMING,Swimming,400m Freestyle,Men,Individual,,,,1,1,1,1.0,0.0,1.0,1.0,2.0,0.0,2.0,1.0
EVT_SPORT_AQUATICS_SWIMMING_400M_FREESTYLE_W,SPORT_AQUATICS,Aquatics,DISC_SPORT_AQUATICS_SWIMMING,Swimming,400m Freestyle,Women,Individual,,,,1,1,1,0.0,1.0,1.0,1.0,0.0,2.0,2.0,1.0
EVT_SPORT_AQUATICS_SWIMMING_400M_INDIVIDUAL_MEDLEY_M,SPORT_AQUATICS,Aquatics,DISC_SPORT_AQUATICS_SWIMMING,Swimming,400m Individual Medley,Men,Individual,,,,1,1,1,1.0,0.0,1.0,1.0,2.0,0.0,2.0,1.0
EVT_SPORT_AQUATICS_SWIMMING_400M_INDIVIDUAL_MEDLEY_W,SPORT_AQUATICS,Aquatics,DISC_SPORT_AQUATICS_SWIMMING,Swimming,400m Individual Medley,Women,Individual,,,,1,1,1,0.0,1.0,1.0,1.0,0.0,2.0,2.0,1.0
EVT_SPORT_AQUATICS_SWIMMING_4X100M_FREESTYLE_RELAY_M,SPORT_AQUATICS,Aquatics,DISC_SPORT_AQUATICS_SWIMMING,Swimming,4x100m Freestyle Relay,Men,Team,,,,1,1,1,4.0,0.0,4.0,1.0,4.0,0.0,4.0,1.0
EVT_SPORT_AQUATICS_SWIMMING_4X100M_FREESTYLE_RELAY_W,SPORT_AQUATICS,Aquatics,DISC_SPORT_AQUATICS_SWIMMING,Swimming,4x100m Freestyle Relay,Women,Team,,,,1,1,1,0.0,4.0,4.0,1.0,0.0,4.0,4.0,1.0
EVT_SPORT_AQUATICS_SWIMMING_4X100M_FREESTYLE_RELAY_X,SPORT_AQUATICS,Aquatics,DISC_SPORT_AQUATICS_SWIMMING,Swimming,4x100m Freestyle Relay,Mixed,Team,,,,0,1,0,,,,,2.0,2.0,4.0,1.0
EVT_SPORT_AQUATICS_SWIMMING_4X100M_MEDLEY_RELAY_M,SPORT_AQUATICS,Aquatics,DISC_SPORT_AQUATICS_SWIMMING,Swimming,4x100m Medley Relay,Men,Team,,,,1,1,1,4.0,0.0,4.0,1.0,4.0,0.0,4.0,1.0
EVT_SPORT_AQUATICS_SWIMMING_4X100M_MEDLEY_RELAY_W,SPORT_AQUATICS,Aquatics,DISC_SPORT_AQUATICS_SWIMMING,Swimming,4x100m Medley Relay,Women,Team,,,,1,1,1,0.0,4.0,4.0,1.0,0.0,4.0,4.0,1.0
EVT_SPORT_AQUATICS_SWIMMING_4X100M_MEDLEY_RELAY_X,SPORT_AQUATICS,Aquatics,DISC_SPORT_AQUATICS_SWIMMING,Swimming,4x100m Medley Relay,Mixed,Team,,,,1,1,1,2.0,2.0,4.0,1.0,2.0,2.0,4.0,1.0
EVT_SPORT_AQUATICS_SWIMMING_4X200M_FREESTYLE_RELAY_M,SPORT_AQUATICS,Aquatics,DISC_SPORT_AQUATICS_SWIMMING,Swimming,4x200m Freestyle Relay,Men,Team,,,,1,1,1,4.0,0.0,4.0,1.0,4.0,0.0,4.0,1.0
EVT_SPORT_AQUATICS_SWIMMING_4X200M_FREESTYLE_RELAY_W,SPORT_AQUATICS,Aquatics,DISC_SPORT_AQUATICS_SWIMMING,Swimming,4x200m Freestyle Relay,Women,Team,,,,1,1,1,0.0,4.0,4.0,1.0,0.0,4.0,4.0,1.0
EVT_SPORT_AQUATICS_SWIMMING_50M_BACKSTROKE_M,SPORT_AQUATICS,Aquatics,DISC_SPORT_AQUATICS_SWIMMING,Swimming,50m Backstroke,Men,Individual,,,,1,1,1,1.0,0.0,1.0,1.0,2.0,0.0,2.0,1.0
EVT_SPORT_AQUATICS_SWIMMING_50M_BACKSTROKE_W,SPORT_AQUATICS,Aquatics,DISC_SPORT_AQUATICS_SWIMMING,Swimming,50m Backstroke,Women,Individual,,,,1,1,1,0.0,1.0,1.0,1.0,0.0,2.0,2.0,1.0
EVT_SPORT_AQUATICS_SWIMMING_50M_BREASTSTROKE_M,SPORT_AQUATICS,Aquatics,DISC_SPORT_AQUATICS_SWIMMING,Swimming,50m Breaststroke,Men,Individual,,,,1,1,1,1.0,0.0,1.0,1.0,2.0,0.0,2.0,1.0
EVT_SPORT_AQUATICS_SWIMMING_50M_BREASTSTROKE_W,SPORT_AQUATICS,Aquatics,DISC_SPORT_AQUATICS_SWIMMING,Swimming,50m Breaststroke,Women,Individual,,,,1,1,1,0.0,1.0,1.0,1.0,0.0,2.0,2.0,1.0
EVT_SPORT_AQUATICS_SWIMMING_50M_BUTTERFLY_M,SPORT_AQUATICS,Aquatics,DISC_SPORT_AQUATICS_SWIMMING,Swimming,50m Butterfly,Men,Individual,,,,1,1,1,1.0,0.0,1.0,1.0,2.0,0.0,2.0,1.0
EVT_SPORT_AQUATICS_SWIMMING_50M_BUTTERFLY_W,SPORT_AQUATICS,Aquatics,DISC_SPORT_AQUATICS_SWIMMING,Swimming,50m Butterfly,Women,Individual,,,,1,1,1,0.0,1.0,1.0,1.0,0.0,2.0,2.0,1.0
EVT_SPORT_AQUATICS_SWIMMING_50M_FREESTYLE_M,SPORT_AQUATICS,Aquatics,DISC_SPORT_AQUATICS_SWIMMING,Swimming,50m Freestyle,Men,Individual,,,,1,1,1,1.0,0.0,1.0,1.0,2.0,0.0,2.0,1.0
EVT_SPORT_AQUATICS_SWIMMING_50M_FREESTYLE_W,SPORT_AQUATICS,Aquatics,DISC_SPORT_AQUATICS_SWIMMING,Swimming,50m Freestyle,Women,Individual,,,,1,1,1,0.0,1.0,1.0,1.0,0.0,2.0,2.0,1.0
EVT_SPORT_AQUATICS_SWIMMING_800M_FREESTYLE_M,SPORT_AQUATICS,Aquatics,DISC_SPORT_AQUATICS_SWIMMING,Swimming,800m Freestyle,Men,Individual,,,,1,1,1,1.0,0.0,1.0,1.0,2.0,0.0,2.0,1.0
EVT_SPORT_AQUATICS_SWIMMING_800M_FREESTYLE_W,SPORT_AQUATICS,Aquatics,DISC_SPORT_AQUATICS_SWIMMING,Swimming,800m Freestyle,Women,Individual,,,,1,1,1,0.0,1.0,1.0,1.0,0.0,2.0,2.0,1.0
EVT_SPORT_AQUATICS_WATER_POLO_12_TEAM_TOURNAMENT_M,SPORT_AQUATICS,Aquatics,DISC_SPORT_AQUATICS_WATER_POLO,Water Polo,12-team tournament,Men,Team,,,,1,0,0,13.0,0.0,13.0,1.0,,,,
EVT_SPORT_AQUATICS_WATER_POLO_12_TEAM_TOURNAMENT_W,SPORT_AQUATICS,Aquatics,DISC_SPORT_AQUATICS_WATER_POLO,Water Polo,12-team tournament,Women,Team,,,,1,0,0,0.0,13.0,13.0,1.0,,,,
EVT_SPORT_AQUATICS_WATER_POLO_TEAM_M,SPORT_AQUATICS,Aquatics,DISC_SPORT_AQUATICS_WATER_POLO,Water Polo,Team,Men,Team,,,,0,1,0,,,,,13.0,0.0,13.0,1.0
EVT_SPORT_AQUATICS_WATER_POLO_TEAM_W,SPORT_AQUATICS,Aquatics,DISC_SPORT_AQUATICS_WATER_POLO,Water Polo,Team,Women,Team,,,,0,1,0,,,,,0.0,13.0,13.0,1.0
EVT_SPORT_ARCHERY_ARCHERY_COMPOUND_MENS_INDIVIDUAL_M,SPORT_ARCHERY,Archery,DISC_SPORT_ARCHERY_ARCHERY,Archery,Compound Men's Individual,Men,Individual,,,,0,1,0,,,,,2.0,0.0,2.0,1.0
EVT_SPORT_ARCHERY_ARCHERY_COMPOUND_MENS_TEAM_M,SPORT_ARCHERY,Archery,DISC_SPORT_ARCHERY_ARCHERY,Archery,Compound Men's Team,Men,Team,,,,0,1,0,,,,,3.0,0.0,3.0,1.0
EVT_SPORT_ARCHERY_ARCHERY_COMPOUND_TEAM_X,SPORT_ARCHERY,Archery,DISC_SPORT_ARCHERY_ARCHERY,Archery,Compound Team,Mixed,Duet,,,,1,1,1,1.0,1.0,2.0,1.0,1.0,1.0,2.0,1.0
EVT_SPORT_ARCHERY_ARCHERY_COMPOUND_WOMENS_INDIVIDUAL_W,SPORT_ARCHERY,Archery,DISC_SPORT_ARCHERY_ARCHERY,Archery,Compound Women's Individual,Women,Individual,,,,0,1,0,,,,,0.0,2.0,2.0,1.0
EVT_SPORT_ARCHERY_ARCHERY_COMPOUND_WOMENS_TEAM_W,SPORT_ARCHERY,Archery,DISC_SPORT_ARCHERY_ARCHERY,Archery,Compound Women's Team,Women,Team,,,,0,1,0,,,,,0.0,3.0,3.0,1.0
EVT_SPORT_ARCHERY_ARCHERY_INDIVIDUAL_M,SPORT_ARCHERY,Archery,DISC_SPORT_ARCHERY_ARCHERY,Archery,Individual,Men,Individual,,,,1,0,0,1.0,0.0,1.0,1.0,,,,
EVT_SPORT_ARCHERY_ARCHERY_INDIVIDUAL_W,SPORT_ARCHERY,Archery,DISC_SPORT_ARCHERY_ARCHERY,Archery,Individual,Women,Individual,,,,1,0,0,0.0,1.0,1.0,1.0,,,,
EVT_SPORT_ARCHERY_ARCHERY_RECURVE_MENS_INDIVIDUAL_M,SPORT_ARCHERY,Archery,DISC_SPORT_ARCHERY_ARCHERY,Archery,Recurve Men's Individual,Men,Individual,,,,0,1,0,,,,,2.0,0.0,2.0,1.0
EVT_SPORT_ARCHERY_ARCHERY_RECURVE_MENS_TEAM_M,SPORT_ARCHERY,Archery,DISC_SPORT_ARCHERY_ARCHERY,Archery,Recurve Men's Team,Men,Team,,,,0,1,0,,,,,3.0,0.0,3.0,1.0
EVT_SPORT_ARCHERY_ARCHERY_RECURVE_TEAM_X,SPORT_ARCHERY,Archery,DISC_SPORT_ARCHERY_ARCHERY,Archery,Recurve Team,Mixed,Duet,,,,0,1,0,,,,,1.0,1.0,2.0,1.0
EVT_SPORT_ARCHERY_ARCHERY_RECURVE_WOMENS_INDIVIDUAL_W,SPORT_ARCHERY,Archery,DISC_SPORT_ARCHERY_ARCHERY,Archery,Recurve Women's Individual,Women,Individual,,,,0,1,0,,,,,0.0,2.0,2.0,1.0
EVT_SPORT_ARCHERY_ARCHERY_RECURVE_WOMENS_TEAM_W,SPORT_ARCHERY,Archery,DISC_SPORT_ARCHERY_ARCHERY,Archery,Recurve Women's Team,Women,Team,,,,0,1,0,,,,,0.0,3.0,3.0,1.0
EVT_SPORT_ARCHERY_ARCHERY_TEAM_M,SPORT_ARCHERY,Archery,DISC_SPORT_ARCHERY_ARCHERY,Archery,Team,Men,Team,,,,1,0,0,3.0,0.0,3.0,1.0,,,,
EVT_SPORT_ARCHERY_ARCHERY_TEAM_W,SPORT_ARCHERY,Archery,DISC_SPORT_ARCHERY_ARCHERY,Archery,Team,Women,Team,,,,1,0,0,0.0,3.0,3.0,1.0,,,,
EVT_SPORT_ARCHERY_ARCHERY_TEAM_X,SPORT_ARCHERY,Archery,DISC_SPORT_ARCHERY_ARCHERY,Archery,Team,Mixed,Duet,,,,1,0,0,1.0,1.0,2.0,1.0,,,,
EVT_SPORT_ATHLETICS_ATHLETICS_10000M_M,SPORT_ATHLETICS,Athletics,DISC_SPORT_ATHLETICS_ATHLETICS,Athletics,10000m,Men,Individual,Track,,,1,1,1,1.0,0.0,1.0,1.0,2.0,0.0,2.0,1.0
EVT_SPORT_ATHLETICS_ATHLETICS_10000M_W,SPORT_ATHLETICS,Athletics,DISC_SPORT_ATHLETICS_ATHLETICS,Athletics,10000m,Women,Individual,Track,,,1,1,1,0.0,1.0,1.0,1.0,0.0,2.0,2.0,1.0
EVT_SPORT_ATHLETICS_ATHLETICS_100M_HURDLES_W,SPORT_ATHLETICS,Athletics,DISC_SPORT_ATHLETICS_ATHLETICS,Athletics,100m Hurdles,Women,Individual,Track,,,1,1,1,0.0,1.0,1.0,1.0,0.0,2.0,2.0,1.0
EVT_SPORT_ATHLETICS_ATHLETICS_100M_M,SPORT_ATHLETICS,Athletics,DISC_SPORT_ATHLETICS_ATHLETICS,Athletics,100m,Men,Individual,Track,,,1,1,1,1.0,0.0,1.0,1.0,2.0,0.0,2.0,1.0
EVT_SPORT_ATHLETICS_ATHLETICS_100M_W,SPORT_ATHLETICS,Athletics,DISC_SPORT_ATHLETICS_ATHLETICS,Athletics,100m,Women,Individual,Track,,,1,1,1,0.0,1.0,1.0,1.0,0.0,2.0,2.0,1.0
EVT_SPORT_ATHLETICS_ATHLETICS_110M_HURDLES_M,SPORT_ATHLETICS,Athletics,DISC_SPORT_ATHLETICS_ATHLETICS,Athletics,110m Hurdles,Men,Individual,Track,,,1,1,1,1.0,0.0,1.0,1.0,2.0,0.0,2.0,1.0
EVT_SPORT_ATHLETICS_ATHLETICS_1500M_M,SPORT_ATHLETICS,Athletics,DISC_SPORT_ATHLETICS_ATHLETICS,Athletics,1500m,Men,Individual,Track,,,1,1,1,1.0,0.0,1.0,1.0,2.0,0.0,2.0,1.0
EVT_SPORT_ATHLETICS_ATHLETICS_1500M_W,SPORT_ATHLETICS,Athletics,DISC_SPORT_ATHLETICS_ATHLETICS,Athletics,1500m,Women,Individual,Track,,,1,1,1,0.0,1.0,1.0,1.0,0.0,2.0,2.0,1.0
EVT_SPORT_ATHLETICS_ATHLETICS_200M_M,SPORT_ATHLETICS,Athletics,DISC_SPORT_ATHLETICS_ATHLETICS,Athletics,200m,Men,Individual,Track,,,1,1,1,1.0,0.0,1.0,1.0,2.0,0.0,2.0,1.0
EVT_SPORT_ATHLETICS_ATHLETICS_200M_W,SPORT_ATHLETICS,Athletics,DISC_SPORT_ATHLETICS_ATHLETICS,Athletics,200m,Women,Individual,Track,,,1,1,1,0.0,1.0,1.0,1.0,0.0,2.0,2.0,1.0
EVT_SPORT_ATHLETICS_ATHLETICS_3000M_STEEPLECHASE_M,SPORT_ATHLETICS,Athletics,DISC_SPORT_ATHLETICS_ATHLETICS,Athletics,3000m Steeplechase,Men,Individual,Track,,,1,1,1,1.0,0.0,1.0,1.0,2.0,0.0,2.0,1.0
EVT_SPORT_ATHLETICS_ATHLETICS_3000M_STEEPLECHASE_W,SPORT_ATHLETICS,Athletics,DISC_SPORT_ATHLETICS_ATHLETICS,Athletics,3000m Steeplechase,Women,Individual,Track,,,1,1,1,0.0,1.0,1.0,1.0,0.0,2.0,2.0,1.0
EVT_SPORT_ATHLETICS_ATHLETICS_400M_HURDLES_M,SPORT_ATHLETICS,Athletics,DISC_SPORT_ATHLETICS_ATHLETICS,Athletics,400m Hurdles,Men,Individual,Track,,,1,1,1,1.0,0.0,1.0,1.0,2.0,0.0,2.0,1.0
EVT_SPORT_ATHLETICS_ATHLETICS_400M_HURDLES_W,SPORT_ATHLETICS,Athletics,DISC_SPORT_ATHLETICS_ATHLETICS,Athletics,400m Hurdles,Women,Individual,Track,,,1,1,1,0.0,1.0,1.0,1.0,0.0,2.0,2.0,1.0
EVT_SPORT_ATHLETICS_ATHLETICS_400M_M,SPORT_ATHLETICS,Athletics,DISC_SPORT_ATHLETICS_ATHLETICS,Athletics,400m,Men,Individual,Track,,,1,1,1,1.0,0.0,1.0,1.0,2.0,0.0,2.0,1.0
EVT_SPORT_ATHLETICS_ATHLETICS_400M_W,SPORT_ATHLETICS,Athletics,DISC_SPORT_ATHLETICS_ATHLETICS,Athletics,400m,Women,Individual,Track,,,1,1,1,0.0,1.0,1.0,1.0,0.0,2.0,2.0,1.0
EVT_SPORT_ATHLETICS_ATHLETICS_4X100M_RELAY_M,SPORT_ATHLETICS,Athletics,DISC_SPORT_ATHLETICS_ATHLETICS,Athletics,4x100m Relay,Men,Team,Track,,,1,1,1,4.0,0.0,4.0,1.0,4.0,0.0,4.0,1.0
EVT_SPORT_ATHLETICS_ATHLETICS_4X100M_RELAY_W,SPORT_ATHLETICS,Athletics,DISC_SPORT_ATHLETICS_ATHLETICS,Athletics,4x100m Relay,Women,Team,Track,,,1,1,1,0.0,4.0,4.0,1.0,0.0,4.0,4.0,1.0
EVT_SPORT_ATHLETICS_ATHLETICS_4X100M_RELAY_X,SPORT_ATHLETICS,Athletics,DISC_SPORT_ATHLETICS_ATHLETICS,Athletics,4x100m Relay,Mixed,Team,Track,,,1,0,0,2.0,2.0,4.0,1.0,,,,
EVT_SPORT_ATHLETICS_ATHLETICS_4X400M_RELAY_M,SPORT_ATHLETICS,Athletics,DISC_SPORT_ATHLETICS_ATHLETICS,Athletics,4x400m Relay,Men,Team,Track,,,1,1,1,4.0,0.0,4.0,1.0,4.0,0.0,4.0,1.0
EVT_SPORT_ATHLETICS_ATHLETICS_4X400M_RELAY_W,SPORT_ATHLETICS,Athletics,DISC_SPORT_ATHLETICS_ATHLETICS,Athletics,4x400m Relay,Women,Team,Track,,,1,1,1,0.0,4.0,4.0,1.0,0.0,4.0,4.0,1.0
EVT_SPORT_ATHLETICS_ATHLETICS_4X400M_RELAY_X,SPORT_ATHLETICS,Athletics,DISC_SPORT_ATHLETICS_ATHLETICS,Athletics,4x400m Relay,Mixed,Team,Track,,,1,0,0,2.0,2.0,4.0,1.0,,,,
EVT_SPORT_ATHLETICS_ATHLETICS_5000M_M,SPORT_ATHLETICS,Athletics,DISC_SPORT_ATHLETICS_ATHLETICS,Athletics,5000m,Men,Individual,Track,,,1,1,1,1.0,0.0,1.0,1.0,2.0,0.0,2.0,1.0
EVT_SPORT_ATHLETICS_ATHLETICS_5000M_W,SPORT_ATHLETICS,Athletics,DISC_SPORT_ATHLETICS_ATHLETICS,Athletics,5000m,Women,Individual,Track,,,1,1,1,0.0,1.0,1.0,1.0,0.0,2.0,2.0,1.0
EVT_SPORT_ATHLETICS_ATHLETICS_800M_M,SPORT_ATHLETICS,Athletics,DISC_SPORT_ATHLETICS_ATHLETICS,Athletics,800m,Men,Individual,Track,,,1,1,1,1.0,0.0,1.0,1.0,2.0,0.0,2.0,1.0
EVT_SPORT_ATHLETICS_ATHLETICS_800M_W,SPORT_ATHLETICS,Athletics,DISC_SPORT_ATHLETICS_ATHLETICS,Athletics,800m,Women,Individual,Track,,,1,1,1,0.0,1.0,1.0,1.0,0.0,2.0,2.0,1.0
EVT_SPORT_ATHLETICS_ATHLETICS_DECATHLON_M,SPORT_ATHLETICS,Athletics,DISC_SPORT_ATHLETICS_ATHLETICS,Athletics,Decathlon,Men,Individual,Combined,,,1,1,1,1.0,0.0,1.0,1.0,2.0,0.0,2.0,1.0
EVT_SPORT_ATHLETICS_ATHLETICS_DISCUS_THROW_M,SPORT_ATHLETICS,Athletics,DISC_SPORT_ATHLETICS_ATHLETICS,Athletics,Discus Throw,Men,Individual,Field,,,1,1,1,1.0,0.0,1.0,1.0,2.0,0.0,2.0,1.0
EVT_SPORT_ATHLETICS_ATHLETICS_DISCUS_THROW_W,SPORT_ATHLETICS,Athletics,DISC_SPORT_ATHLETICS_ATHLETICS,Athletics,Discus Throw,Women,Individual,Field,,,1,1,1,0.0,1.0,1.0,1.0,0.0,2.0,2.0,1.0
EVT_SPORT_ATHLETICS_ATHLETICS_HALF_MARATHON_RACE_WALK_M,SPORT_ATHLETICS,Athletics,DISC_SPORT_ATHLETICS_ATHLETICS,Athletics,Half-Marathon Race Walk,Men,Individual,Road,,,1,1,1,1.0,0.0,1.0,1.0,2.0,0.0,2.0,1.0
EVT_SPORT_ATHLETICS_ATHLETICS_HALF_MARATHON_RACE_WALK_W,SPORT_ATHLETICS,Athletics,DISC_SPORT_ATHLETICS_ATHLETICS,Athletics,Half-Marathon Race Walk,Women,Individual,Road,,,1,1,1,0.0,1.0,1.0,1.0,0.0,2.0,2.0,1.0
EVT_SPORT_ATHLETICS_ATHLETICS_HAMMER_THROW_M,SPORT_ATHLETICS,Athletics,DISC_SPORT_ATHLETICS_ATHLETICS,Athletics,Hammer Throw,Men,Individual,Field,,,1,1,1,1.0,0.0,1.0,1.0,2.0,0.0,2.0,1.0
EVT_SPORT_ATHLETICS_ATHLETICS_HAMMER_THROW_W,SPORT_ATHLETICS,Athletics,DISC_SPORT_ATHLETICS_ATHLETICS,Athletics,Hammer Throw,Women,Individual,Field,,,1,1,1,0.0,1.0,1.0,1.0,0.0,2.0,2.0,1.0
EVT_SPORT_ATHLETICS_ATHLETICS_HEPTATHLON_W,SPORT_ATHLETICS,Athletics,DISC_SPORT_ATHLETICS_ATHLETICS,Athletics,Heptathlon,Women,Individual,Combined,,,1,1,1,0.0,1.0,1.0,1.0,0.0,2.0,2.0,1.0
EVT_SPORT_ATHLETICS_ATHLETICS_HIGH_JUMP_M,SPORT_ATHLETICS,Athletics,DISC_SPORT_ATHLETICS_ATHLETICS,Athletics,High Jump,Men,Individual,Field,,,1,1,1,1.0,0.0,1.0,1.0,2.0,0.0,2.0,1.0
EVT_SPORT_ATHLETICS_ATHLETICS_HIGH_JUMP_W,SPORT_ATHLETICS,Athletics,DISC_SPORT_ATHLETICS_ATHLETICS,Athletics,High Jump,Women,Individual,Field,,,1,1,1,0.0,1.0,1.0,1.0,0.0,2.0,2.0,1.0
EVT_SPORT_ATHLETICS_ATHLETICS_JAVELIN_THROW_M,SPORT_ATHLETICS,Athletics,DISC_SPORT_ATHLETICS_ATHLETICS,Athletics,Javelin Throw,Men,Individual,Field,,,1,1,1,1.0,0.0,1.0,1.0,2.0,0.0,2.0,1.0
EVT_SPORT_ATHLETICS_ATHLETICS_JAVELIN_THROW_W,SPORT_ATHLETICS,Athletics,DISC_SPORT_ATHLETICS_ATHLETICS,Athletics,Javelin Throw,Women,Individual,Field,,,1,1,1,0.0,1.0,1.0,1.0,0.0,2.0,2.0,1.0
EVT_SPORT_ATHLETICS_ATHLETICS_LONG_JUMP_M,SPORT_ATHLETICS,Athletics,DISC_SPORT_ATHLETICS_ATHLETICS,Athletics,Long Jump,Men,Individual,Field,,,1,1,1,1.0,0.0,1.0,1.0,2.0,0.0,2.0,1.0
EVT_SPORT_ATHLETICS_ATHLETICS_LONG_JUMP_W,SPORT_ATHLETICS,Athletics,DISC_SPORT_ATHLETICS_ATHLETICS,Athletics,Long Jump,Women,Individual,Field,,,1,1,1,0.0,1.0,1.0,1.0,0.0,2.0,2.0,1.0
EVT_SPORT_ATHLETICS_ATHLETICS_MARATHON_M,SPORT_ATHLETICS,Athletics,DISC_SPORT_ATHLETICS_ATHLETICS,Athletics,Marathon,Men,Individual,Road,,,1,1,1,1.0,0.0,1.0,1.0,2.0,0.0,2.0,1.0
EVT_SPORT_ATHLETICS_ATHLETICS_MARATHON_RACE_WALK_M,SPORT_ATHLETICS,Athletics,DISC_SPORT_ATHLETICS_ATHLETICS,Athletics,Marathon Race Walk,Men,Individual,Road,,,0,1,0,,,,,2.0,0.0,2.0,1.0
EVT_SPORT_ATHLETICS_ATHLETICS_MARATHON_RACE_WALK_W,SPORT_ATHLETICS,Athletics,DISC_SPORT_ATHLETICS_ATHLETICS,Athletics,Marathon Race Walk,Women,Individual,Road,,,0,1,0,,,,,0.0,2.0,2.0,1.0
EVT_SPORT_ATHLETICS_ATHLETICS_MARATHON_W,SPORT_ATHLETICS,Athletics,DISC_SPORT_ATHLETICS_ATHLETICS,Athletics,Marathon,Women,Individual,Road,,,1,1,1,0.0,1.0,1.0,1.0,0.0,2.0,2.0,1.0
EVT_SPORT_ATHLETICS_ATHLETICS_POLE_VAULT_M,SPORT_ATHLETICS,Athletics,DISC_SPORT_ATHLETICS_ATHLETICS,Athletics,Pole Vault,Men,Individual,Field,,,1,1,1,1.0,0.0,1.0,1.0,2.0,0.0,2.0,1.0
EVT_SPORT_ATHLETICS_ATHLETICS_POLE_VAULT_W,SPORT_ATHLETICS,Athletics,DISC_SPORT_ATHLETICS_ATHLETICS,Athletics,Pole Vault,Women,Individual,Field,,,1,1,1,0.0,1.0,1.0,1.0,0.0,2.0,2.0,1.0
EVT_SPORT_ATHLETICS_ATHLETICS_SHOT_PUT_M,SPORT_ATHLETICS,Athletics,DISC_SPORT_ATHLETICS_ATHLETICS,Athletics,Shot Put,Men,Individual,Field,,,1,1,1,1.0,0.0,1.0,1.0,2.0,0.0,2.0,1.0
EVT_SPORT_ATHLETICS_ATHLETICS_SHOT_PUT_W,SPORT_ATHLETICS,Athletics,DISC_SPORT_ATHLETICS_ATHLETICS,Athletics,Shot Put,Women,Individual,Field,,,1,1,1,0.0,1.0,1.0,1.0,0.0,2.0,2.0,1.0
EVT_SPORT_ATHLETICS_ATHLETICS_TRIPLE_JUMP_M,SPORT_ATHLETICS,Athletics,DISC_SPORT_ATHLETICS_ATHLETICS,Athletics,Triple Jump,Men,Individual,Field,,,1,1,1,1.0,0.0,1.0,1.0,2.0,0.0,2.0,1.0
EVT_SPORT_ATHLETICS_ATHLETICS_TRIPLE_JUMP_W,SPORT_ATHLETICS,Athletics,DISC_SPORT_ATHLETICS_ATHLETICS,Athletics,Triple Jump,Women,Individual,Field,,,1,1,1,0.0,1.0,1.0,1.0,0.0,2.0,2.0,1.0
EVT_SPORT_BADMINTON_BADMINTON_DOUBLES_M,SPORT_BADMINTON,Badminton,DISC_SPORT_BADMINTON_BADMINTON,Badminton,Doubles,Men,Duet,,,,1,1,1,2.0,0.0,2.0,1.0,2.0,0.0,2.0,1.0
EVT_SPORT_BADMINTON_BADMINTON_DOUBLES_W,SPORT_BADMINTON,Badminton,DISC_SPORT_BADMINTON_BADMINTON,Badminton,Doubles,Women,Duet,,,,1,1,1,0.0,2.0,2.0,1.0,0.0,2.0,2.0,1.0
EVT_SPORT_BADMINTON_BADMINTON_DOUBLES_X,SPORT_BADMINTON,Badminton,DISC_SPORT_BADMINTON_BADMINTON,Badminton,Doubles,Mixed,Duet,,,,1,1,1,1.0,1.0,2.0,1.0,1.0,1.0,2.0,1.0
EVT_SPORT_BADMINTON_BADMINTON_SINGLES_M,SPORT_BADMINTON,Badminton,DISC_SPORT_BADMINTON_BADMINTON,Badminton,Singles,Men,Individual,,,,1,1,1,1.0,0.0,1.0,1.0,1.0,0.0,1.0,1.0
EVT_SPORT_BADMINTON_BADMINTON_SINGLES_W,SPORT_BADMINTON,Badminton,DISC_SPORT_BADMINTON_BADMINTON,Badminton,Singles,Women,Individual,,,,1,1,1,0.0,1.0,1.0,1.0,0.0,1.0,1.0,1.0
EVT_SPORT_BADMINTON_BADMINTON_TEAM_M,SPORT_BADMINTON,Badminton,DISC_SPORT_BADMINTON_BADMINTON,Badminton,Team,Men,Team,,,,0,1,0,,,,,5.0,0.0,5.0,1.0
EVT_SPORT_BADMINTON_BADMINTON_TEAM_W,SPORT_BADMINTON,Badminton,DISC_SPORT_BADMINTON_BADMINTON,Badminton,Team,Women,Team,,,,0,1,0,,,,,0.0,5.0,5.0,1.0
EVT_SPORT_BASEBALL_SOFTBALL_BASEBALL_6_TEAM_TOURNAMENT_M,SPORT_BASEBALL_SOFTBALL,Baseball/Softball,DISC_SPORT_BASEBALL_SOFTBALL_BASEBALL,Baseball,6-team tournament,Men,Team,,,,1,0,0,24.0,0.0,24.0,1.0,,,,
EVT_SPORT_BASEBALL_SOFTBALL_BASEBALL_BASEBALL_M,SPORT_BASEBALL_SOFTBALL,Baseball/Softball,DISC_SPORT_BASEBALL_SOFTBALL_BASEBALL,Baseball,Baseball,Men,Team,,,,0,1,0,,,,,9.0,0.0,9.0,1.0
EVT_SPORT_BASEBALL_SOFTBALL_SOFTBALL_6_TEAM_TOURNAMENT_W,SPORT_BASEBALL_SOFTBALL,Baseball/Softball,DISC_SPORT_BASEBALL_SOFTBALL_SOFTBALL,Softball,6-team tournament,Women,Team,,,,1,0,0,0.0,17.0,17.0,1.0,,,,
EVT_SPORT_BASEBALL_SOFTBALL_SOFTBALL_SOFTBALL_W,SPORT_BASEBALL_SOFTBALL,Baseball/Softball,DISC_SPORT_BASEBALL_SOFTBALL_SOFTBALL,Softball,Softball,Women,Team,,,,0,1,0,,,,,0.0,9.0,9.0,1.0
EVT_SPORT_BASKETBALL_3X3_12_TEAM_TOURNAMENT_M,SPORT_BASKETBALL,Basketball,DISC_SPORT_BASKETBALL_3X3,3x3,12-team tournament,Men,Team,,,,1,0,0,8.0,0.0,8.0,1.0,,,,
EVT_SPORT_BASKETBALL_3X3_12_TEAM_TOURNAMENT_W,SPORT_BASKETBALL,Basketball,DISC_SPORT_BASKETBALL_3X3,3x3,12-team tournament,Women,Team,,,,1,0,0,0.0,8.0,8.0,1.0,,,,
EVT_SPORT_BASKETBALL_BASKETBALL_12_TEAM_TOURNAMENT_M,SPORT_BASKETBALL,Basketball,DISC_SPORT_BASKETBALL_BASKETBALL,Basketball,12-team tournament,Men,Team,,,,1,0,0,12.0,0.0,12.0,1.0,,,,
EVT_SPORT_BASKETBALL_BASKETBALL_12_TEAM_TOURNAMENT_W,SPORT_BASKETBALL,Basketball,DISC_SPORT_BASKETBALL_BASKETBALL,Basketball,12-team tournament,Women,Team,,,,1,0,0,0.0,12.0,12.0,1.0,,,,
EVT_SPORT_BASKETBALL_BASKETBALL_3X3_3X3_M,SPORT_BASKETBALL,Basketball,DISC_SPORT_BASKETBALL_BASKETBALL_3X3,Basketball 3x3,3x3,Men,Team,,,,0,1,0,,,,,4.0,0.0,4.0,1.0
EVT_SPORT_BASKETBALL_BASKETBALL_3X3_3X3_W,SPORT_BASKETBALL,Basketball,DISC_SPORT_BASKETBALL_BASKETBALL_3X3,Basketball 3x3,3x3,Women,Team,,,,0,1,0,,,,,0.0,4.0,4.0,1.0
EVT_SPORT_BASKETBALL_BASKETBALL_5V5_5V5_M,SPORT_BASKETBALL,Basketball,DISC_SPORT_BASKETBALL_BASKETBALL_5V5,Basketball 5v5,5v5,Men,Team,,,,0,1,0,,,,,12.0,0.0,12.0,1.0
EVT_SPORT_BASKETBALL_BASKETBALL_5V5_5V5_W,SPORT_BASKETBALL,Basketball,DISC_SPORT_BASKETBALL_BASKETBALL_5V5,Basketball 5v5,5v5,Women,Team,,,,0,1,0,,,,,0.0,12.0,12.0,1.0
EVT_SPORT_BOXING_BOXING_51KG_W,SPORT_BOXING,Boxing,DISC_SPORT_BOXING_BOXING,Boxing,51kg,Women,Individual,,,,1,1,1,0.0,1.0,1.0,1.0,0.0,2.0,2.0,1.0
EVT_SPORT_BOXING_BOXING_54KG_W,SPORT_BOXING,Boxing,DISC_SPORT_BOXING_BOXING,Boxing,54kg,Women,Individual,,,,1,1,1,0.0,1.0,1.0,1.0,0.0,2.0,2.0,1.0
EVT_SPORT_BOXING_BOXING_55KG_M,SPORT_BOXING,Boxing,DISC_SPORT_BOXING_BOXING,Boxing,55kg,Men,Individual,,,,1,1,1,1.0,0.0,1.0,1.0,2.0,0.0,2.0,1.0
EVT_SPORT_BOXING_BOXING_57KG_W,SPORT_BOXING,Boxing,DISC_SPORT_BOXING_BOXING,Boxing,57kg,Women,Individual,,,,1,0,0,0.0,1.0,1.0,1.0,,,,
EVT_SPORT_BOXING_BOXING_60KG_M,SPORT_BOXING,Boxing,DISC_SPORT_BOXING_BOXING,Boxing,60kg,Men,Individual,,,,1,1,1,1.0,0.0,1.0,1.0,2.0,0.0,2.0,1.0
EVT_SPORT_BOXING_BOXING_60KG_W,SPORT_BOXING,Boxing,DISC_SPORT_BOXING_BOXING,Boxing,60kg,Women,Individual,,,,1,1,1,0.0,1.0,1.0,1.0,0.0,2.0,2.0,1.0
EVT_SPORT_BOXING_BOXING_65KG_M,SPORT_BOXING,Boxing,DISC_SPORT_BOXING_BOXING,Boxing,65kg,Men,Individual,,,,1,0,0,1.0,0.0,1.0,1.0,,,,
EVT_SPORT_BOXING_BOXING_65KG_W,SPORT_BOXING,Boxing,DISC_SPORT_BOXING_BOXING,Boxing,65kg,Women,Individual,,,,1,1,1,0.0,1.0,1.0,1.0,0.0,2.0,2.0,1.0
EVT_SPORT_BOXING_BOXING_70KG_M,SPORT_BOXING,Boxing,DISC_SPORT_BOXING_BOXING,Boxing,70kg,Men,Individual,,,,1,1,1,1.0,0.0,1.0,1.0,2.0,0.0,2.0,1.0
EVT_SPORT_BOXING_BOXING_70KG_W,SPORT_BOXING,Boxing,DISC_SPORT_BOXING_BOXING,Boxing,70kg,Women,Individual,,,,1,0,0,0.0,1.0,1.0,1.0,,,,
EVT_SPORT_BOXING_BOXING_75KG_W,SPORT_BOXING,Boxing,DISC_SPORT_BOXING_BOXING,Boxing,75kg,Women,Individual,,,,1,1,1,0.0,1.0,1.0,1.0,0.0,2.0,2.0,1.0
EVT_SPORT_BOXING_BOXING_80KG_M,SPORT_BOXING,Boxing,DISC_SPORT_BOXING_BOXING,Boxing,80kg,Men,Individual,,,,1,1,1,1.0,0.0,1.0,1.0,2.0,0.0,2.0,1.0
EVT_SPORT_BOXING_BOXING_90KG_M,SPORT_BOXING,Boxing,DISC_SPORT_BOXING_BOXING,Boxing,90kg,Men,Individual,,,,1,1,1,1.0,0.0,1.0,1.0,2.0,0.0,2.0,1.0
EVT_SPORT_BOXING_BOXING_PLUS_90KG_M,SPORT_BOXING,Boxing,DISC_SPORT_BOXING_BOXING,Boxing,Plus 90kg,Men,Individual,,,,1,1,1,1.0,0.0,1.0,1.0,2.0,0.0,2.0,1.0
EVT_SPORT_BREAKING_BREAKDANCING_B_BOYS_M,SPORT_BREAKING,Breaking,DISC_SPORT_BREAKING_BREAKDANCING,Breakdancing,B-Boys,Men,Individual,,,,0,1,0,,,,,1.0,0.0,1.0,1.0
EVT_SPORT_BREAKING_BREAKDANCING_B_GIRLS_W,SPORT_BREAKING,Breaking,DISC_SPORT_BREAKING_BREAKDANCING,Breakdancing,B-Girls,Women,Individual,,,,0,1,0,,,,,0.0,1.0,1.0,1.0
EVT_SPORT_CANOEING_CANOE_CANOE_SINGLE_M,SPORT_CANOEING,Canoe Sports,DISC_SPORT_CANOEING_CANOE,Canoe,Canoe Single,Men,Individual,,Canoe,Slalom,0,1,0,,,,,1.0,0.0,1.0,1.0
EVT_SPORT_CANOEING_CANOE_CANOE_SINGLE_MC1_M,SPORT_CANOEING,Canoe Sports,DISC_SPORT_CANOEING_CANOE,Canoe,Canoe Single [MC1],Men,Individual,,Canoe,Slalom,1,0,0,1.0,0.0,1.0,1.0,,,,
EVT_SPORT_CANOEING_CANOE_CANOE_SINGLE_W,SPORT_CANOEING,Canoe Sports,DISC_SPORT_CANOEING_CANOE,Canoe,Canoe Single,Women,Individual,,Canoe,Slalom,0,1,0,,,,,0.0,1.0,1.0,1.0
EVT_SPORT_CANOEING_CANOE_CANOE_SINGLE_WC1_W,SPORT_CANOEING,Canoe Sports,DISC_SPORT_CANOEING_CANOE,Canoe,Canoe Single [WC1],Women,Individual,,Canoe,Slalom,1,0,0,0.0,1.0,1.0,1.0,,,,
EVT_SPORT_CANOEING_KAYAK_KAYAK_CROSS_M,SPORT_CANOEING,Canoe Sports,DISC_SPORT_CANOEING_KAYAK,Kayak,Kayak Cross,Men,Individual,,Kayak,Slalom,0,1,0,,,,,1.0,0.0,1.0,1.0
EVT_SPORT_CANOEING_KAYAK_KAYAK_CROSS_MX1_M,SPORT_CANOEING,Canoe Sports,DISC_SPORT_CANOEING_KAYAK,Kayak,Kayak Cross [MX1],Men,Individual,,Kayak,Slalom,1,0,0,1.0,0.0,1.0,1.0,,,,
EVT_SPORT_CANOEING_KAYAK_KAYAK_CROSS_W,SPORT_CANOEING,Canoe Sports,DISC_SPORT_CANOEING_KAYAK,Kayak,Kayak Cross,Women,Individual,,Kayak,Slalom,0,1,0,,,,,0.0,1.0,1.0,1.0
EVT_SPORT_CANOEING_KAYAK_KAYAK_CROSS_WX1_W,SPORT_CANOEING,Canoe Sports,DISC_SPORT_CANOEING_KAYAK,Kayak,Kayak Cross [WX1],Women,Individual,,Kayak,Slalom,1,0,0,0.0,1.0,1.0,1.0,,,,
EVT_SPORT_CANOEING_KAYAK_KAYAK_MK1_M,SPORT_CANOEING,Canoe Sports,DISC_SPORT_CANOEING_KAYAK,Kayak,Kayak [MK1],Men,Individual,,Kayak,Slalom,1,0,0,1.0,0.0,1.0,1.0,,,,
EVT_SPORT_CANOEING_KAYAK_KAYAK_SINGLE_M,SPORT_CANOEING,Canoe Sports,DISC_SPORT_CANOEING_KAYAK,Kayak,Kayak Single,Men,Individual,,Kayak,Slalom,0,1,0,,,,,1.0,0.0,1.0,1.0
EVT_SPORT_CANOEING_KAYAK_KAYAK_SINGLE_W,SPORT_CANOEING,Canoe Sports,DISC_SPORT_CANOEING_KAYAK,Kayak,Kayak Single,Women,Individual,,Kayak,Slalom,0,1,0,,,,,0.0,1.0,1.0,1.0
EVT_SPORT_CANOEING_KAYAK_KAYAK_WK1_W,SPORT_CANOEING,Canoe Sports,DISC_SPORT_CANOEING_KAYAK,Kayak,Kayak [WK1],Women,Individual,,Kayak,Slalom,1,0,0,0.0,1.0,1.0,1.0,,,,
EVT_SPORT_CANOEING_CANOE_CANOE_DOUBLE_500M_M,SPORT_CANOEING,Canoe Sports,DISC_SPORT_CANOEING_CANOE,Canoe,Canoe Double 500m,Men,Duet,,Canoe,Sprint,0,1,0,,,,,2.0,0.0,2.0,1.0
EVT_SPORT_CANOEING_CANOE_CANOE_DOUBLE_500M_W,SPORT_CANOEING,Canoe Sports,DISC_SPORT_CANOEING_CANOE,Canoe,Canoe Double 500m,Women,Duet,,Canoe,Sprint,0,1,0,,,,,0.0,2.0,2.0,1.0
EVT_SPORT_CANOEING_CANOE_CANOE_DOUBLE_500M_X,SPORT_CANOEING,Canoe Sports,DISC_SPORT_CANOEING_CANOE,Canoe,Canoe Double 500m,Mixed,Duet,,Canoe,Sprint,0,1,0,,,,,1.0,1.0,2.0,1.0
EVT_SPORT_CANOEING_CANOE_CANOE_DOUBLE_MC2_500M_M,SPORT_CANOEING,Canoe Sports,DISC_SPORT_CANOEING_CANOE,Canoe,Canoe Double [MC2] 500m,Men,Duet,,Canoe,Sprint,1,0,0,2.0,0.0,2.0,1.0,,,,
EVT_SPORT_CANOEING_CANOE_CANOE_DOUBLE_WC2_500M_W,SPORT_CANOEING,Canoe Sports,DISC_SPORT_CANOEING_CANOE,Canoe,Canoe Double [WC2] 500m,Women,Duet,,Canoe,Sprint,1,0,0,0.0,2.0,2.0,1.0,,,,
EVT_SPORT_CANOEING_CANOE_CANOE_SINGLE_200M_W,SPORT_CANOEING,Canoe Sports,DISC_SPORT_CANOEING_CANOE,Canoe,Canoe Single 200m,Women,Individual,,Canoe,Sprint,0,1,0,,,,,0.0,1.0,1.0,1.0
EVT_SPORT_CANOEING_CANOE_CANOE_SINGLE_500M_M,SPORT_CANOEING,Canoe Sports,DISC_SPORT_CANOEING_CANOE,Canoe,Canoe Single 500m,Men,Individual,,Canoe,Sprint,0,1,0,,,,,1.0,0.0,1.0,1.0
EVT_SPORT_CANOEING_CANOE_CANOE_SINGLE_MCI_1_000M_M,SPORT_CANOEING,Canoe Sports,DISC_SPORT_CANOEING_CANOE,Canoe,"Canoe Single [MCI] 1,000m",Men,Individual,,Canoe,Sprint,1,0,0,1.0,0.0,1.0,1.0,,,,
EVT_SPORT_CANOEING_CANOE_CANOE_SINGLE_WC1_200M_W,SPORT_CANOEING,Canoe Sports,DISC_SPORT_CANOEING_CANOE,Canoe,Canoe Single [WC1] 200m,Women,Individual,,Canoe,Sprint,1,0,0,0.0,1.0,1.0,1.0,,,,
EVT_SPORT_CANOEING_KAYAK_KAYAK_DOUBLE_500M_M,SPORT_CANOEING,Canoe Sports,DISC_SPORT_CANOEING_KAYAK,Kayak,Kayak Double 500m,Men,Duet,,Kayak,Sprint,0,1,0,,,,,2.0,0.0,2.0,1.0
EVT_SPORT_CANOEING_KAYAK_KAYAK_DOUBLE_500M_W,SPORT_CANOEING,Canoe Sports,DISC_SPORT_CANOEING_KAYAK,Kayak,Kayak Double 500m,Women,Duet,,Kayak,Sprint,0,1,0,,,,,0.0,2.0,2.0,1.0
EVT_SPORT_CANOEING_KAYAK_KAYAK_DOUBLE_500M_X,SPORT_CANOEING,Canoe Sports,DISC_SPORT_CANOEING_KAYAK,Kayak,Kayak Double 500m,Mixed,Duet,,Kayak,Sprint,0,1,0,,,,,1.0,1.0,2.0,1.0
EVT_SPORT_CANOEING_KAYAK_KAYAK_DOUBLE_MK2_500M_M,SPORT_CANOEING,Canoe Sports,DISC_SPORT_CANOEING_KAYAK,Kayak,Kayak Double [MK2] 500m,Men,Duet,,Kayak,Sprint,1,0,0,2.0,0.0,2.0,1.0,,,,
EVT_SPORT_CANOEING_KAYAK_KAYAK_DOUBLE_WK2_500M_W,SPORT_CANOEING,Canoe Sports,DISC_SPORT_CANOEING_KAYAK,Kayak,Kayak Double [WK2] 500m,Women,Duet,,Kayak,Sprint,1,0,0,0.0,2.0,2.0,1.0,,,,
EVT_SPORT_CANOEING_KAYAK_KAYAK_FOUR_500M_M,SPORT_CANOEING,Canoe Sports,DISC_SPORT_CANOEING_KAYAK,Kayak,Kayak Four 500m,Men,Team,,Kayak,Sprint,0,1,0,,,,,4.0,0.0,4.0,1.0
EVT_SPORT_CANOEING_KAYAK_KAYAK_FOUR_500M_W,SPORT_CANOEING,Canoe Sports,DISC_SPORT_CANOEING_KAYAK,Kayak,Kayak Four 500m,Women,Team,,Kayak,Sprint,0,1,0,,,,,0.0,4.0,4.0,1.0
EVT_SPORT_CANOEING_KAYAK_KAYAK_FOUR_MK4_500M_M,SPORT_CANOEING,Canoe Sports,DISC_SPORT_CANOEING_KAYAK,Kayak,Kayak Four [MK4] 500m,Men,Team,,Kayak,Sprint,1,0,0,4.0,0.0,4.0,1.0,,,,
EVT_SPORT_CANOEING_KAYAK_KAYAK_FOUR_WK4_500M_W,SPORT_CANOEING,Canoe Sports,DISC_SPORT_CANOEING_KAYAK,Kayak,Kayak Four [WK4] 500m,Women,Team,,Kayak,Sprint,1,0,0,0.0,4.0,4.0,1.0,,,,
EVT_SPORT_CANOEING_KAYAK_KAYAK_SINGLE_500M_M,SPORT_CANOEING,Canoe Sports,DISC_SPORT_CANOEING_KAYAK,Kayak,Kayak Single 500m,Men,Individual,,Kayak,Sprint,0,1,0,,,,,1.0,0.0,1.0,1.0
EVT_SPORT_CANOEING_KAYAK_KAYAK_SINGLE_500M_W,SPORT_CANOEING,Canoe Sports,DISC_SPORT_CANOEING_KAYAK,Kayak,Kayak Single 500m,Women,Individual,,Kayak,Sprint,0,1,0,,,,,0.0,1.0,1.0,1.0
EVT_SPORT_CANOEING_KAYAK_KAYAK_SINGLE_MK1_1_000M_M,SPORT_CANOEING,Canoe Sports,DISC_SPORT_CANOEING_KAYAK,Kayak,"Kayak Single [MK1] 1,000m",Men,Individual,,Kayak,Sprint,1,0,0,1.0,0.0,1.0,1.0,,,,
EVT_SPORT_CANOEING_KAYAK_KAYAK_SINGLE_WK1_500M_W,SPORT_CANOEING,Canoe Sports,DISC_SPORT_CANOEING_KAYAK,Kayak,Kayak Single [WK1] 500m,Women,Individual,,Kayak,Sprint,1,0,0,0.0,1.0,1.0,1.0,,,,
EVT_SPORT_COMBAT_SPORTS_JIU_JITSU_MINUS_48KG_W,SPORT_COMBAT_SPORTS,Combat Sports,DISC_SPORT_COMBAT_SPORTS_JIU_JITSU,Jiu-Jitsu,Minus 48kg,Women,Individual,,,,0,1,0,,,,,0.0,1.0,1.0,1.0
EVT_SPORT_COMBAT_SPORTS_JIU_JITSU_MINUS_52KG_W,SPORT_COMBAT_SPORTS,Combat Sports,DISC_SPORT_COMBAT_SPORTS_JIU_JITSU,Jiu-Jitsu,Minus 52kg,Women,Individual,,,,0,1,0,,,,,0.0,1.0,1.0,1.0
EVT_SPORT_COMBAT_SPORTS_JIU_JITSU_MINUS_62KG_M,SPORT_COMBAT_SPORTS,Combat Sports,DISC_SPORT_COMBAT_SPORTS_JIU_JITSU,Jiu-Jitsu,Minus 62kg,Men,Individual,,,,0,1,0,,,,,1.0,0.0,1.0,1.0
EVT_SPORT_COMBAT_SPORTS_JIU_JITSU_MINUS_63KG_W,SPORT_COMBAT_SPORTS,Combat Sports,DISC_SPORT_COMBAT_SPORTS_JIU_JITSU,Jiu-Jitsu,Minus 63kg,Women,Individual,,,,0,1,0,,,,,0.0,1.0,1.0,1.0
EVT_SPORT_COMBAT_SPORTS_JIU_JITSU_MINUS_69KG_M,SPORT_COMBAT_SPORTS,Combat Sports,DISC_SPORT_COMBAT_SPORTS_JIU_JITSU,Jiu-Jitsu,Minus 69kg,Men,Individual,,,,0,1,0,,,,,1.0,0.0,1.0,1.0
EVT_SPORT_COMBAT_SPORTS_JIU_JITSU_MINUS_77KG_M,SPORT_COMBAT_SPORTS,Combat Sports,DISC_SPORT_COMBAT_SPORTS_JIU_JITSU,Jiu-Jitsu,Minus 77kg,Men,Individual,,,,0,1,0,,,,,1.0,0.0,1.0,1.0
EVT_SPORT_COMBAT_SPORTS_JIU_JITSU_MINUS_85KG_M,SPORT_COMBAT_SPORTS,Combat Sports,DISC_SPORT_COMBAT_SPORTS_JIU_JITSU,Jiu-Jitsu,Minus 85kg,Men,Individual,,,,0,1,0,,,,,1.0,0.0,1.0,1.0
EVT_SPORT_COMBAT_SPORTS_KURASH_MINUS_57KG_W,SPORT_COMBAT_SPORTS,Combat Sports,DISC_SPORT_COMBAT_SPORTS_KURASH,Kurash,Minus 57kg,Women,Individual,,,,0,1,0,,,,,0.0,1.0,1.0,1.0
EVT_SPORT_COMBAT_SPORTS_KURASH_MINUS_66KG_M,SPORT_COMBAT_SPORTS,Combat Sports,DISC_SPORT_COMBAT_SPORTS_KURASH,Kurash,Minus 66kg,Men,Individual,,,,0,1,0,,,,,1.0,0.0,1.0,1.0
EVT_SPORT_COMBAT_SPORTS_KURASH_MINUS_78KG_W,SPORT_COMBAT_SPORTS,Combat Sports,DISC_SPORT_COMBAT_SPORTS_KURASH,Kurash,Minus 78kg,Women,Individual,,,,0,1,0,,,,,0.0,1.0,1.0,1.0
EVT_SPORT_COMBAT_SPORTS_KURASH_MINUS_81KG_M,SPORT_COMBAT_SPORTS,Combat Sports,DISC_SPORT_COMBAT_SPORTS_KURASH,Kurash,Minus 81kg,Men,Individual,,,,0,1,0,,,,,1.0,0.0,1.0,1.0
EVT_SPORT_COMBAT_SPORTS_KURASH_PLUS_87KG_W,SPORT_COMBAT_SPORTS,Combat Sports,DISC_SPORT_COMBAT_SPORTS_KURASH,Kurash,Plus 87kg,Women,Individual,,,,0,1,0,,,,,0.0,1.0,1.0,1.0
EVT_SPORT_COMBAT_SPORTS_KURASH_PLUS_90KG_M,SPORT_COMBAT_SPORTS,Combat Sports,DISC_SPORT_COMBAT_SPORTS_KURASH,Kurash,Plus 90kg,Men,Individual,,,,0,1,0,,,,,1.0,0.0,1.0,1.0
EVT_SPORT_COMBAT_SPORTS_KURASH_TEAM_X,SPORT_COMBAT_SPORTS,Combat Sports,DISC_SPORT_COMBAT_SPORTS_KURASH,Kurash,Team,Mixed,Team,,,,0,1,0,,,,,5.0,5.0,10.0,1.0
EVT_SPORT_COMBAT_SPORTS_MIXED_MARTIAL_ARTS_MODERN_MINUS_54KG_W,SPORT_COMBAT_SPORTS,Combat Sports,DISC_SPORT_COMBAT_SPORTS_MIXED_MARTIAL_ARTS,Mixed Martial Arts,Modern Minus 54kg,Women,Individual,,,,0,1,0,,,,,0.0,1.0,1.0,1.0
EVT_SPORT_COMBAT_SPORTS_MIXED_MARTIAL_ARTS_MODERN_MINUS_60KG_M,SPORT_COMBAT_SPORTS,Combat Sports,DISC_SPORT_COMBAT_SPORTS_MIXED_MARTIAL_ARTS,Mixed Martial Arts,Modern Minus 60kg,Men,Individual,,,,0,1,0,,,,,1.0,0.0,1.0,1.0
EVT_SPORT_COMBAT_SPORTS_MIXED_MARTIAL_ARTS_MODERN_MINUS_71KG_M,SPORT_COMBAT_SPORTS,Combat Sports,DISC_SPORT_COMBAT_SPORTS_MIXED_MARTIAL_ARTS,Mixed Martial Arts,Modern Minus 71kg,Men,Individual,,,,0,1,0,,,,,1.0,0.0,1.0,1.0
EVT_SPORT_COMBAT_SPORTS_MIXED_MARTIAL_ARTS_TRADITIONAL_MINUS_60KG_M,SPORT_COMBAT_SPORTS,Combat Sports,DISC_SPORT_COMBAT_SPORTS_MIXED_MARTIAL_ARTS,Mixed Martial Arts,Traditional Minus 60kg,Men,Individual,,,,0,1,0,,,,,1.0,0.0,1.0,1.0
EVT_SPORT_COMBAT_SPORTS_MIXED_MARTIAL_ARTS_TRADITIONAL_MINUS_65KG_M,SPORT_COMBAT_SPORTS,Combat Sports,DISC_SPORT_COMBAT_SPORTS_MIXED_MARTIAL_ARTS,Mixed Martial Arts,Traditional Minus 65kg,Men,Individual,,,,0,1,0,,,,,1.0,0.0,1.0,1.0
EVT_SPORT_COMBAT_SPORTS_MIXED_MARTIAL_ARTS_TRADITIONAL_MINUS_77KG_M,SPORT_COMBAT_SPORTS,Combat Sports,DISC_SPORT_COMBAT_SPORTS_MIXED_MARTIAL_ARTS,Mixed Martial Arts,Traditional Minus 77kg,Men,Individual,,,,0,1,0,,,,,1.0,0.0,1.0,1.0
EVT_SPORT_CRICKET_CRICKET_B_TEAM_TOURNAMENT_M,SPORT_CRICKET,Cricket,DISC_SPORT_CRICKET_CRICKET,Cricket,B-team tournament,Men,Team,,,,1,0,0,15.0,0.0,15.0,1.0,,,,
EVT_SPORT_CRICKET_CRICKET_B_TEAM_TOURNAMENT_W,SPORT_CRICKET,Cricket,DISC_SPORT_CRICKET_CRICKET,Cricket,B-team tournament,Women,Team,,,,1,0,0,0.0,15.0,15.0,1.0,,,,
EVT_SPORT_CRICKET_T20_CRICKET_T20_M,SPORT_CRICKET,Cricket,DISC_SPORT_CRICKET_T20_CRICKET,T20 Cricket,T20,Men,Team,,,,0,1,0,,,,,15.0,0.0,15.0,1.0
EVT_SPORT_CRICKET_T20_CRICKET_T20_W,SPORT_CRICKET,Cricket,DISC_SPORT_CRICKET_T20_CRICKET,T20 Cricket,T20,Women,Team,,,,0,1,0,,,,,0.0,15.0,15.0,1.0
EVT_SPORT_CYCLING_BMX_FREESTYLE_PARK_M,SPORT_CYCLING,Cycling,DISC_SPORT_CYCLING_BMX_FREESTYLE,BMX Freestyle,Park,Men,Individual,,,,1,1,1,1.0,0.0,1.0,1.0,1.0,0.0,1.0,1.0
EVT_SPORT_CYCLING_BMX_FREESTYLE_PARK_W,SPORT_CYCLING,Cycling,DISC_SPORT_CYCLING_BMX_FREESTYLE,BMX Freestyle,Park,Women,Individual,,,,1,1,1,0.0,1.0,1.0,1.0,0.0,1.0,1.0,1.0
EVT_SPORT_CYCLING_BMX_RACING_BMX_RACING_M,SPORT_CYCLING,Cycling,DISC_SPORT_CYCLING_BMX_RACING,BMX Racing,BMX Racing,Men,Individual,,,,0,1,0,,,,,1.0,0.0,1.0,1.0
EVT_SPORT_CYCLING_BMX_RACING_BMX_RACING_TEAM_M,SPORT_CYCLING,Cycling,DISC_SPORT_CYCLING_BMX_RACING,BMX Racing,BMX Racing Team,Men,Duet,,,,0,1,0,,,,,2.0,0.0,2.0,1.0
EVT_SPORT_CYCLING_BMX_RACING_BMX_RACING_TEAM_W,SPORT_CYCLING,Cycling,DISC_SPORT_CYCLING_BMX_RACING,BMX Racing,BMX Racing Team,Women,Duet,,,,0,1,0,,,,,0.0,2.0,2.0,1.0
EVT_SPORT_CYCLING_BMX_RACING_BMX_RACING_W,SPORT_CYCLING,Cycling,DISC_SPORT_CYCLING_BMX_RACING,BMX Racing,BMX Racing,Women,Individual,,,,0,1,0,,,,,0.0,1.0,1.0,1.0
EVT_SPORT_CYCLING_BMX_RACING_RACE_M,SPORT_CYCLING,Cycling,DISC_SPORT_CYCLING_BMX_RACING,BMX Racing,Race,Men,Individual,,,,1,0,0,1.0,0.0,1.0,1.0,,,,
EVT_SPORT_CYCLING_BMX_RACING_RACE_W,SPORT_CYCLING,Cycling,DISC_SPORT_CYCLING_BMX_RACING,BMX Racing,Race,Women,Individual,,,,1,0,0,0.0,1.0,1.0,1.0,,,,
EVT_SPORT_CYCLING_MOUNTAIN_BIKE_CROSS_COUNTRY_M,SPORT_CYCLING,Cycling,DISC_SPORT_CYCLING_MOUNTAIN_BIKE,Mountain Bike,Cross-country,Men,Individual,,,,1,0,0,1.0,0.0,1.0,1.0,,,,
EVT_SPORT_CYCLING_MOUNTAIN_BIKE_CROSS_COUNTRY_W,SPORT_CYCLING,Cycling,DISC_SPORT_CYCLING_MOUNTAIN_BIKE,Mountain Bike,Cross-country,Women,Individual,,,,1,0,0,0.0,1.0,1.0,1.0,,,,
EVT_SPORT_CYCLING_MOUNTAIN_BIKE_CYCLING_CROSS_COUNTRY_M,SPORT_CYCLING,Cycling,DISC_SPORT_CYCLING_MOUNTAIN_BIKE_CYCLING,Mountain Bike Cycling,Cross-country,Men,Individual,,,,0,1,0,,,,,1.0,0.0,1.0,1.0
EVT_SPORT_CYCLING_MOUNTAIN_BIKE_CYCLING_CROSS_COUNTRY_W,SPORT_CYCLING,Cycling,DISC_SPORT_CYCLING_MOUNTAIN_BIKE_CYCLING,Mountain Bike Cycling,Cross-country,Women,Individual,,,,0,1,0,,,,,0.0,1.0,1.0,1.0
EVT_SPORT_CYCLING_ROAD_CYCLING_INDIVIDUAL_TIME_TRIAL_M,SPORT_CYCLING,Cycling,DISC_SPORT_CYCLING_ROAD_CYCLING,Road Cycling,Individual Time Trial,Men,Individual,,,,0,1,0,,,,,1.0,0.0,1.0,1.0
EVT_SPORT_CYCLING_ROAD_CYCLING_INDIVIDUAL_TIME_TRIAL_W,SPORT_CYCLING,Cycling,DISC_SPORT_CYCLING_ROAD_CYCLING,Road Cycling,Individual Time Trial,Women,Individual,,,,0,1,0,,,,,0.0,1.0,1.0,1.0
EVT_SPORT_CYCLING_ROAD_CYCLING_ROAD_RACE_M,SPORT_CYCLING,Cycling,DISC_SPORT_CYCLING_ROAD_CYCLING,Road Cycling,Road Race,Men,Individual,,,,0,1,0,,,,,1.0,0.0,1.0,1.0
EVT_SPORT_CYCLING_ROAD_CYCLING_ROAD_RACE_W,SPORT_CYCLING,Cycling,DISC_SPORT_CYCLING_ROAD_CYCLING,Road Cycling,Road Race,Women,Individual,,,,0,1,0,,,,,0.0,1.0,1.0,1.0
EVT_SPORT_CYCLING_ROAD_INDIVIDUAL_TIME_TRIAL_M,SPORT_CYCLING,Cycling,DISC_SPORT_CYCLING_ROAD,Road,Individual Time Trial,Men,Individual,,,,1,0,0,1.0,0.0,1.0,1.0,,,,
EVT_SPORT_CYCLING_ROAD_INDIVIDUAL_TIME_TRIAL_W,SPORT_CYCLING,Cycling,DISC_SPORT_CYCLING_ROAD,Road,Individual Time Trial,Women,Individual,,,,1,0,0,0.0,1.0,1.0,1.0,,,,
EVT_SPORT_CYCLING_ROAD_ROAD_RACE_M,SPORT_CYCLING,Cycling,DISC_SPORT_CYCLING_ROAD,Road,Road Race,Men,Individual,,,,1,0,0,1.0,0.0,1.0,1.0,,,,
EVT_SPORT_CYCLING_ROAD_ROAD_RACE_W,SPORT_CYCLING,Cycling,DISC_SPORT_CYCLING_ROAD,Road,Road Race,Women,Individual,,,,1,0,0,0.0,1.0,1.0,1.0,,,,
EVT_SPORT_CYCLING_TRACK_CYCLING_KEIRIN_M,SPORT_CYCLING,Cycling,DISC_SPORT_CYCLING_TRACK_CYCLING,Track Cycling,Keirin,Men,Individual,,,,0,1,0,,,,,1.0,0.0,1.0,1.0
EVT_SPORT_CYCLING_TRACK_CYCLING_KEIRIN_W,SPORT_CYCLING,Cycling,DISC_SPORT_CYCLING_TRACK_CYCLING,Track Cycling,Keirin,Women,Individual,,,,0,1,0,,,,,0.0,1.0,1.0,1.0
EVT_SPORT_CYCLING_TRACK_CYCLING_MADISON_M,SPORT_CYCLING,Cycling,DISC_SPORT_CYCLING_TRACK_CYCLING,Track Cycling,Madison,Men,Duet,,,,0,1,0,,,,,2.0,0.0,2.0,1.0
EVT_SPORT_CYCLING_TRACK_CYCLING_MADISON_W,SPORT_CYCLING,Cycling,DISC_SPORT_CYCLING_TRACK_CYCLING,Track Cycling,Madison,Women,Duet,,,,0,1,0,,,,,0.0,2.0,2.0,1.0
EVT_SPORT_CYCLING_TRACK_CYCLING_OMNIUM_M,SPORT_CYCLING,Cycling,DISC_SPORT_CYCLING_TRACK_CYCLING,Track Cycling,Omnium,Men,Individual,,,,0,1,0,,,,,1.0,0.0,1.0,1.0
EVT_SPORT_CYCLING_TRACK_CYCLING_OMNIUM_W,SPORT_CYCLING,Cycling,DISC_SPORT_CYCLING_TRACK_CYCLING,Track Cycling,Omnium,Women,Individual,,,,0,1,0,,,,,0.0,1.0,1.0,1.0
EVT_SPORT_CYCLING_TRACK_CYCLING_SPRINT_M,SPORT_CYCLING,Cycling,DISC_SPORT_CYCLING_TRACK_CYCLING,Track Cycling,Sprint,Men,Individual,,,,0,1,0,,,,,1.0,0.0,1.0,1.0
EVT_SPORT_CYCLING_TRACK_CYCLING_SPRINT_W,SPORT_CYCLING,Cycling,DISC_SPORT_CYCLING_TRACK_CYCLING,Track Cycling,Sprint,Women,Individual,,,,0,1,0,,,,,0.0,1.0,1.0,1.0
EVT_SPORT_CYCLING_TRACK_CYCLING_TEAM_PURSUIT_M,SPORT_CYCLING,Cycling,DISC_SPORT_CYCLING_TRACK_CYCLING,Track Cycling,Team Pursuit,Men,Team,,,,0,1,0,,,,,3.0,0.0,3.0,1.0
EVT_SPORT_CYCLING_TRACK_CYCLING_TEAM_PURSUIT_W,SPORT_CYCLING,Cycling,DISC_SPORT_CYCLING_TRACK_CYCLING,Track Cycling,Team Pursuit,Women,Team,,,,0,1,0,,,,,0.0,3.0,3.0,1.0
EVT_SPORT_CYCLING_TRACK_CYCLING_TEAM_SPRINT_M,SPORT_CYCLING,Cycling,DISC_SPORT_CYCLING_TRACK_CYCLING,Track Cycling,Team Sprint,Men,Team,,,,0,1,0,,,,,3.0,0.0,3.0,1.0
EVT_SPORT_CYCLING_TRACK_CYCLING_TEAM_SPRINT_W,SPORT_CYCLING,Cycling,DISC_SPORT_CYCLING_TRACK_CYCLING,Track Cycling,Team Sprint,Women,Team,,,,0,1,0,,,,,0.0,3.0,3.0,1.0
EVT_SPORT_CYCLING_TRACK_KEIRIN_M,SPORT_CYCLING,Cycling,DISC_SPORT_CYCLING_TRACK,Track,Keirin,Men,Individual,,,,1,0,0,1.0,0.0,1.0,1.0,,,,
EVT_SPORT_CYCLING_TRACK_KEIRIN_W,SPORT_CYCLING,Cycling,DISC_SPORT_CYCLING_TRACK,Track,Keirin,Women,Individual,,,,1,0,0,0.0,1.0,1.0,1.0,,,,
EVT_SPORT_CYCLING_TRACK_MADISON_M,SPORT_CYCLING,Cycling,DISC_SPORT_CYCLING_TRACK,Track,Madison,Men,Duet,,,,1,0,0,2.0,0.0,2.0,1.0,,,,
EVT_SPORT_CYCLING_TRACK_MADISON_W,SPORT_CYCLING,Cycling,DISC_SPORT_CYCLING_TRACK,Track,Madison,Women,Duet,,,,1,0,0,0.0,2.0,2.0,1.0,,,,
EVT_SPORT_CYCLING_TRACK_OMNIUM_M,SPORT_CYCLING,Cycling,DISC_SPORT_CYCLING_TRACK,Track,Omnium,Men,Individual,,,,1,0,0,1.0,0.0,1.0,1.0,,,,
EVT_SPORT_CYCLING_TRACK_OMNIUM_W,SPORT_CYCLING,Cycling,DISC_SPORT_CYCLING_TRACK,Track,Omnium,Women,Individual,,,,1,0,0,0.0,1.0,1.0,1.0,,,,
EVT_SPORT_CYCLING_TRACK_SPRINT_M,SPORT_CYCLING,Cycling,DISC_SPORT_CYCLING_TRACK,Track,Sprint,Men,Individual,,,,1,0,0,1.0,0.0,1.0,1.0,,,,
EVT_SPORT_CYCLING_TRACK_SPRINT_W,SPORT_CYCLING,Cycling,DISC_SPORT_CYCLING_TRACK,Track,Sprint,Women,Individual,,,,1,0,0,0.0,1.0,1.0,1.0,,,,
EVT_SPORT_CYCLING_TRACK_TEAM_PURSUIT_M,SPORT_CYCLING,Cycling,DISC_SPORT_CYCLING_TRACK,Track,Team Pursuit,Men,Team,,,,1,0,0,4.0,0.0,4.0,1.0,,,,
EVT_SPORT_CYCLING_TRACK_TEAM_PURSUIT_W,SPORT_CYCLING,Cycling,DISC_SPORT_CYCLING_TRACK,Track,Team Pursuit,Women,Team,,,,1,0,0,0.0,4.0,4.0,1.0,,,,
EVT_SPORT_CYCLING_TRACK_TEAM_SPRINT_M,SPORT_CYCLING,Cycling,DISC_SPORT_CYCLING_TRACK,Track,Team Sprint,Men,Team,,,,1,0,0,3.0,0.0,3.0,1.0,,,,
EVT_SPORT_CYCLING_TRACK_TEAM_SPRINT_W,SPORT_CYCLING,Cycling,DISC_SPORT_CYCLING_TRACK,Track,Team Sprint,Women,Team,,,,1,0,0,0.0,3.0,3.0,1.0,,,,
EVT_SPORT_EQUESTRIAN_DRESSAGE_INDIVIDUAL_X,SPORT_EQUESTRIAN,Equestrian,DISC_SPORT_EQUESTRIAN_DRESSAGE,Dressage,Individual,Mixed,Individual,,,,1,0,0,1.0,,1.0,0.0,,,,
EVT_SPORT_EQUESTRIAN_DRESSAGE_TEAM_X,SPORT_EQUESTRIAN,Equestrian,DISC_SPORT_EQUESTRIAN_DRESSAGE,Dressage,Team,Mixed,Team,,,,1,0,0,3.0,,3.0,0.0,,,,
EVT_SPORT_EQUESTRIAN_EQUESTRIAN_INDIVIDUAL_DRESSAGE_X,SPORT_EQUESTRIAN,Equestrian,DISC_SPORT_EQUESTRIAN_EQUESTRIAN,Equestrian,Individual Dressage,Mixed,Individual,,,,0,1,0,,,,,1.0,1.0,2.0,1.0
EVT_SPORT_EQUESTRIAN_EQUESTRIAN_INDIVIDUAL_EVENTING_X,SPORT_EQUESTRIAN,Equestrian,DISC_SPORT_EQUESTRIAN_EQUESTRIAN,Equestrian,Individual Eventing,Mixed,Individual,,,,0,1,0,,,,,1.0,1.0,2.0,1.0
EVT_SPORT_EQUESTRIAN_EQUESTRIAN_INDIVIDUAL_JUMPING_1_40_1_45M_X,SPORT_EQUESTRIAN,Equestrian,DISC_SPORT_EQUESTRIAN_EQUESTRIAN,Equestrian,Individual Jumping (1.40-1.45m),Mixed,Individual,,,,0,1,0,,,,,1.0,1.0,2.0,1.0
EVT_SPORT_EQUESTRIAN_EQUESTRIAN_INDIVIDUAL_JUMPING_1_50_1_55M_X,SPORT_EQUESTRIAN,Equestrian,DISC_SPORT_EQUESTRIAN_EQUESTRIAN,Equestrian,Individual Jumping (1.50-1.55m),Mixed,Individual,,,,0,1,0,,,,,1.0,1.0,2.0,1.0
EVT_SPORT_EQUESTRIAN_EQUESTRIAN_TEAM_DRESSAGE_X,SPORT_EQUESTRIAN,Equestrian,DISC_SPORT_EQUESTRIAN_EQUESTRIAN,Equestrian,Team Dressage,Mixed,Team,,,,0,1,0,,,,,3.0,3.0,6.0,1.0
EVT_SPORT_EQUESTRIAN_EQUESTRIAN_TEAM_EVENTING_X,SPORT_EQUESTRIAN,Equestrian,DISC_SPORT_EQUESTRIAN_EQUESTRIAN,Equestrian,Team Eventing,Mixed,Team,,,,0,1,0,,,,,3.0,3.0,6.0,1.0
EVT_SPORT_EQUESTRIAN_EQUESTRIAN_TEAM_JUMPING_X,SPORT_EQUESTRIAN,Equestrian,DISC_SPORT_EQUESTRIAN_EQUESTRIAN,Equestrian,Team Jumping,Mixed,Team,,,,0,1,0,,,,,3.0,3.0,6.0,1.0
EVT_SPORT_EQUESTRIAN_EVENTING_INDIVIDUAL_X,SPORT_EQUESTRIAN,Equestrian,DISC_SPORT_EQUESTRIAN_EVENTING,Eventing,Individual,Mixed,Individual,,,,1,0,0,1.0,,1.0,0.0,,,,
EVT_SPORT_EQUESTRIAN_EVENTING_TEAM_X,SPORT_EQUESTRIAN,Equestrian,DISC_SPORT_EQUESTRIAN_EVENTING,Eventing,Team,Mixed,Team,,,,1,0,0,3.0,,3.0,0.0,,,,
EVT_SPORT_EQUESTRIAN_JUMPING_INDIVIDUAL_X,SPORT_EQUESTRIAN,Equestrian,DISC_SPORT_EQUESTRIAN_JUMPING,Jumping,Individual,Mixed,Individual,,,,1,0,0,1.0,,1.0,0.0,,,,
EVT_SPORT_EQUESTRIAN_JUMPING_TEAM_X,SPORT_EQUESTRIAN,Equestrian,DISC_SPORT_EQUESTRIAN_JUMPING,Jumping,Team,Mixed,Team,,,,1,0,0,3.0,,3.0,0.0,,,,
EVT_SPORT_ESPORTS_ESPORTS_EFOOTBALL_X,SPORT_ESPORTS,Esports,DISC_SPORT_ESPORTS_ESPORTS,Esports,eFootball,Mixed,Individual,,,,0,1,0,,,,,1.0,0.0,1.0,1.0
EVT_SPORT_ESPORTS_ESPORTS_GRAN_TURISMO_7_X,SPORT_ESPORTS,Esports,DISC_SPORT_ESPORTS_ESPORTS,Esports,Gran Turismo 7,Mixed,Individual,,,,0,1,0,,,,,1.0,0.0,1.0,1.0
EVT_SPORT_ESPORTS_ESPORTS_HONOR_OF_KINGS_X,SPORT_ESPORTS,Esports,DISC_SPORT_ESPORTS_ESPORTS,Esports,Honor of Kings,Mixed,Team,,,,0,1,0,,,,,3.0,0.0,3.0,1.0
EVT_SPORT_ESPORTS_ESPORTS_IDENTITY_V_X,SPORT_ESPORTS,Esports,DISC_SPORT_ESPORTS_ESPORTS,Esports,Identity V,Mixed,Team,,,,0,1,0,,,,,4.0,0.0,4.0,1.0
EVT_SPORT_ESPORTS_ESPORTS_LEAGUE_OF_LEGENDS_X,SPORT_ESPORTS,Esports,DISC_SPORT_ESPORTS_ESPORTS,Esports,League of Legends,Mixed,Team,,,,0,1,0,,,,,5.0,0.0,5.0,1.0
EVT_SPORT_ESPORTS_ESPORTS_MOBILE_LEGENDS_BANG_BANG_X,SPORT_ESPORTS,Esports,DISC_SPORT_ESPORTS_ESPORTS,Esports,Mobile Legends: Bang Bang,Mixed,Team,,,,0,1,0,,,,,5.0,0.0,5.0,1.0
EVT_SPORT_ESPORTS_ESPORTS_NARAKA_BLADEPOINT_X,SPORT_ESPORTS,Esports,DISC_SPORT_ESPORTS_ESPORTS,Esports,Naraka: Bladepoint,Mixed,Team,,,,0,1,0,,,,,3.0,0.0,3.0,1.0
EVT_SPORT_ESPORTS_ESPORTS_POKEMON_UNITE_X,SPORT_ESPORTS,Esports,DISC_SPORT_ESPORTS_ESPORTS,Esports,Pokemon UNITE,Mixed,Duet,,,,0,1,0,,,,,2.0,0.0,2.0,1.0
EVT_SPORT_ESPORTS_ESPORTS_PUBG_X,SPORT_ESPORTS,Esports,DISC_SPORT_ESPORTS_ESPORTS,Esports,PUBG,Mixed,Team,,,,0,1,0,,,,,4.0,0.0,4.0,1.0
EVT_SPORT_ESPORTS_ESPORTS_PUYO_PUYO_CHAMPIONS_X,SPORT_ESPORTS,Esports,DISC_SPORT_ESPORTS_ESPORTS,Esports,Puyo Puyo Champions,Mixed,Individual,,,,0,1,0,,,,,1.0,0.0,1.0,1.0
EVT_SPORT_ESPORTS_ESPORTS_STREET_FIGHTER_6_X,SPORT_ESPORTS,Esports,DISC_SPORT_ESPORTS_ESPORTS,Esports,Street Fighter 6,Mixed,Duet,,,,0,1,0,,,,,2.0,0.0,2.0,1.0
EVT_SPORT_FENCING_FENCING_FOIL_INDIVIDUAL_M,SPORT_FENCING,Fencing,DISC_SPORT_FENCING_FENCING,Fencing,Foil Individual,Men,Individual,,,,0,1,0,,,,,1.0,0.0,1.0,1.0
EVT_SPORT_FENCING_FENCING_FOIL_INDIVIDUAL_W,SPORT_FENCING,Fencing,DISC_SPORT_FENCING_FENCING,Fencing,Foil Individual,Women,Individual,,,,0,1,0,,,,,0.0,1.0,1.0,1.0
EVT_SPORT_FENCING_FENCING_FOIL_TEAM_M,SPORT_FENCING,Fencing,DISC_SPORT_FENCING_FENCING,Fencing,Foil Team,Men,Team,,,,0,1,0,,,,,3.0,0.0,3.0,1.0
EVT_SPORT_FENCING_FENCING_FOIL_TEAM_W,SPORT_FENCING,Fencing,DISC_SPORT_FENCING_FENCING,Fencing,Foil Team,Women,Team,,,,0,1,0,,,,,0.0,3.0,3.0,1.0
EVT_SPORT_FENCING_FENCING_INDIVIDUAL_EPEE_M,SPORT_FENCING,Fencing,DISC_SPORT_FENCING_FENCING,Fencing,Individual Epee,Men,Individual,,,,1,0,0,1.0,0.0,1.0,1.0,,,,
EVT_SPORT_FENCING_FENCING_INDIVIDUAL_EPEE_W,SPORT_FENCING,Fencing,DISC_SPORT_FENCING_FENCING,Fencing,Individual Epee,Women,Individual,,,,1,0,0,0.0,1.0,1.0,1.0,,,,
EVT_SPORT_FENCING_FENCING_INDIVIDUAL_FOIL_M,SPORT_FENCING,Fencing,DISC_SPORT_FENCING_FENCING,Fencing,Individual Foil,Men,Individual,,,,1,0,0,1.0,0.0,1.0,1.0,,,,
EVT_SPORT_FENCING_FENCING_INDIVIDUAL_FOIL_W,SPORT_FENCING,Fencing,DISC_SPORT_FENCING_FENCING,Fencing,Individual Foil,Women,Individual,,,,1,0,0,0.0,1.0,1.0,1.0,,,,
EVT_SPORT_FENCING_FENCING_INDIVIDUAL_SABRE_M,SPORT_FENCING,Fencing,DISC_SPORT_FENCING_FENCING,Fencing,Individual Sabre,Men,Individual,,,,1,0,0,1.0,0.0,1.0,1.0,,,,
EVT_SPORT_FENCING_FENCING_INDIVIDUAL_SABRE_W,SPORT_FENCING,Fencing,DISC_SPORT_FENCING_FENCING,Fencing,Individual Sabre,Women,Individual,,,,1,0,0,0.0,1.0,1.0,1.0,,,,
EVT_SPORT_FENCING_FENCING_P_E_INDIVIDUAL_M,SPORT_FENCING,Fencing,DISC_SPORT_FENCING_FENCING,Fencing,Épée Individual,Men,Individual,,,,0,1,0,,,,,1.0,0.0,1.0,1.0
EVT_SPORT_FENCING_FENCING_P_E_INDIVIDUAL_W,SPORT_FENCING,Fencing,DISC_SPORT_FENCING_FENCING,Fencing,Épée Individual,Women,Individual,,,,0,1,0,,,,,0.0,1.0,1.0,1.0
EVT_SPORT_FENCING_FENCING_P_E_TEAM_M,SPORT_FENCING,Fencing,DISC_SPORT_FENCING_FENCING,Fencing,Épée Team,Men,Team,,,,0,1,0,,,,,3.0,0.0,3.0,1.0
EVT_SPORT_FENCING_FENCING_P_E_TEAM_W,SPORT_FENCING,Fencing,DISC_SPORT_FENCING_FENCING,Fencing,Épée Team,Women,Team,,,,0,1,0,,,,,0.0,3.0,3.0,1.0
EVT_SPORT_FENCING_FENCING_SABRE_INDIVIDUAL_M,SPORT_FENCING,Fencing,DISC_SPORT_FENCING_FENCING,Fencing,Sabre Individual,Men,Individual,,,,0,1,0,,,,,1.0,0.0,1.0,1.0
EVT_SPORT_FENCING_FENCING_SABRE_INDIVIDUAL_W,SPORT_FENCING,Fencing,DISC_SPORT_FENCING_FENCING,Fencing,Sabre Individual,Women,Individual,,,,0,1,0,,,,,0.0,1.0,1.0,1.0
EVT_SPORT_FENCING_FENCING_SABRE_TEAM_M,SPORT_FENCING,Fencing,DISC_SPORT_FENCING_FENCING,Fencing,Sabre Team,Men,Team,,,,0,1,0,,,,,3.0,0.0,3.0,1.0
EVT_SPORT_FENCING_FENCING_SABRE_TEAM_W,SPORT_FENCING,Fencing,DISC_SPORT_FENCING_FENCING,Fencing,Sabre Team,Women,Team,,,,0,1,0,,,,,0.0,3.0,3.0,1.0
EVT_SPORT_FENCING_FENCING_TEAM_EPEE_M,SPORT_FENCING,Fencing,DISC_SPORT_FENCING_FENCING,Fencing,Team Epee,Men,Team,,,,1,0,0,3.0,0.0,3.0,1.0,,,,
EVT_SPORT_FENCING_FENCING_TEAM_EPEE_W,SPORT_FENCING,Fencing,DISC_SPORT_FENCING_FENCING,Fencing,Team Epee,Women,Team,,,,1,0,0,0.0,3.0,3.0,1.0,,,,
EVT_SPORT_FENCING_FENCING_TEAM_FOIL_M,SPORT_FENCING,Fencing,DISC_SPORT_FENCING_FENCING,Fencing,Team Foil,Men,Team,,,,1,0,0,3.0,0.0,3.0,1.0,,,,
EVT_SPORT_FENCING_FENCING_TEAM_FOIL_W,SPORT_FENCING,Fencing,DISC_SPORT_FENCING_FENCING,Fencing,Team Foil,Women,Team,,,,1,0,0,0.0,3.0,3.0,1.0,,,,
EVT_SPORT_FENCING_FENCING_TEAM_SABRE_M,SPORT_FENCING,Fencing,DISC_SPORT_FENCING_FENCING,Fencing,Team Sabre,Men,Team,,,,1,0,0,3.0,0.0,3.0,1.0,,,,
EVT_SPORT_FENCING_FENCING_TEAM_SABRE_W,SPORT_FENCING,Fencing,DISC_SPORT_FENCING_FENCING,Fencing,Team Sabre,Women,Team,,,,1,0,0,0.0,3.0,3.0,1.0,,,,
EVT_SPORT_FLAG_FOOTBALL_FLAG_FOOTBALL_B_TEAM_TOURNAMENT_M,SPORT_FLAG_FOOTBALL,Flag Football,DISC_SPORT_FLAG_FOOTBALL_FLAG_FOOTBALL,Flag Football,B-team tournament,Men,Team,,,,1,0,0,12.0,0.0,12.0,1.0,,,,
EVT_SPORT_FLAG_FOOTBALL_FLAG_FOOTBALL_B_TEAM_TOURNAMENT_W,SPORT_FLAG_FOOTBALL,Flag Football,DISC_SPORT_FLAG_FOOTBALL_FLAG_FOOTBALL,Flag Football,B-team tournament,Women,Team,,,,1,0,0,0.0,12.0,12.0,1.0,,,,
EVT_SPORT_FOOTBALL_FOOTBALL_12_TEAM_TOURNAMENT_M,SPORT_FOOTBALL,Football,DISC_SPORT_FOOTBALL_FOOTBALL,Football,12-team tournament,Men,Team,,,,1,0,0,18.0,0.0,18.0,1.0,,,,
EVT_SPORT_FOOTBALL_FOOTBALL_16_TEAM_TOURNAMENT_W,SPORT_FOOTBALL,Football,DISC_SPORT_FOOTBALL_FOOTBALL,Football,16-team tournament,Women,Team,,,,1,0,0,0.0,18.0,18.0,1.0,,,,
EVT_SPORT_FOOTBALL_FOOTBALL_SOCCER_M,SPORT_FOOTBALL,Football,DISC_SPORT_FOOTBALL_FOOTBALL,Football,Soccer,Men,Team,,,,0,1,0,,,,,11.0,0.0,11.0,1.0
EVT_SPORT_FOOTBALL_FOOTBALL_SOCCER_W,SPORT_FOOTBALL,Football,DISC_SPORT_FOOTBALL_FOOTBALL,Football,Soccer,Women,Team,,,,0,1,0,,,,,0.0,11.0,11.0,1.0
EVT_SPORT_GOLF_GOLF_INDIVIDUAL_STROKE_PLAY_M,SPORT_GOLF,Golf,DISC_SPORT_GOLF_GOLF,Golf,Individual Stroke Play,Men,Individual,,,,1,1,1,1.0,0.0,1.0,1.0,1.0,0.0,1.0,1.0
EVT_SPORT_GOLF_GOLF_INDIVIDUAL_STROKE_PLAY_W,SPORT_GOLF,Golf,DISC_SPORT_GOLF_GOLF,Golf,Individual Stroke Play,Women,Individual,,,,1,1,1,0.0,1.0,1.0,1.0,0.0,1.0,1.0,1.0
EVT_SPORT_GOLF_GOLF_TEAM_M,SPORT_GOLF,Golf,DISC_SPORT_GOLF_GOLF,Golf,Team,Men,Team,,,,0,1,0,,,,,4.0,0.0,4.0,1.0
EVT_SPORT_GOLF_GOLF_TEAM_W,SPORT_GOLF,Golf,DISC_SPORT_GOLF_GOLF,Golf,Team,Women,Team,,,,0,1,0,,,,,0.0,4.0,4.0,1.0
EVT_SPORT_GOLF_GOLF_TEAM_X,SPORT_GOLF,Golf,DISC_SPORT_GOLF_GOLF,Golf,Team,Mixed,Duet,,,,1,0,0,1.0,1.0,2.0,1.0,,,,
EVT_SPORT_GYMNASTICS_ARTISTIC_ALL_AROUND_M,SPORT_GYMNASTICS,Gymnastics,DISC_SPORT_GYMNASTICS_ARTISTIC,Artistic,All-Around,Men,Individual,,,,1,0,0,1.0,0.0,1.0,1.0,,,,
EVT_SPORT_GYMNASTICS_ARTISTIC_ALL_AROUND_W,SPORT_GYMNASTICS,Gymnastics,DISC_SPORT_GYMNASTICS_ARTISTIC,Artistic,All-Around,Women,Individual,,,,1,0,0,0.0,1.0,1.0,1.0,,,,
EVT_SPORT_GYMNASTICS_ARTISTIC_BALANCE_BEAM_W,SPORT_GYMNASTICS,Gymnastics,DISC_SPORT_GYMNASTICS_ARTISTIC,Artistic,Balance Beam,Women,Individual,,,,1,0,0,0.0,1.0,1.0,1.0,,,,
EVT_SPORT_GYMNASTICS_ARTISTIC_FLOOR_EXERCISE_M,SPORT_GYMNASTICS,Gymnastics,DISC_SPORT_GYMNASTICS_ARTISTIC,Artistic,Floor Exercise,Men,Individual,,,,1,0,0,1.0,0.0,1.0,1.0,,,,
EVT_SPORT_GYMNASTICS_ARTISTIC_FLOOR_EXERCISE_W,SPORT_GYMNASTICS,Gymnastics,DISC_SPORT_GYMNASTICS_ARTISTIC,Artistic,Floor Exercise,Women,Individual,,,,1,0,0,0.0,1.0,1.0,1.0,,,,
EVT_SPORT_GYMNASTICS_ARTISTIC_GYMNASTICS_ALL_AROUND_M,SPORT_GYMNASTICS,Gymnastics,DISC_SPORT_GYMNASTICS_ARTISTIC_GYMNASTICS,Artistic Gymnastics,All-Around,Men,Individual,,,,0,1,0,,,,,1.0,0.0,1.0,1.0
EVT_SPORT_GYMNASTICS_ARTISTIC_GYMNASTICS_ALL_AROUND_W,SPORT_GYMNASTICS,Gymnastics,DISC_SPORT_GYMNASTICS_ARTISTIC_GYMNASTICS,Artistic Gymnastics,All-Around,Women,Individual,,,,0,1,0,,,,,0.0,1.0,1.0,1.0
EVT_SPORT_GYMNASTICS_ARTISTIC_GYMNASTICS_BALANCE_BEAM_W,SPORT_GYMNASTICS,Gymnastics,DISC_SPORT_GYMNASTICS_ARTISTIC_GYMNASTICS,Artistic Gymnastics,Balance Beam,Women,Individual,,,,0,1,0,,,,,0.0,1.0,1.0,1.0
EVT_SPORT_GYMNASTICS_ARTISTIC_GYMNASTICS_FLOOR_EXERCISE_M,SPORT_GYMNASTICS,Gymnastics,DISC_SPORT_GYMNASTICS_ARTISTIC_GYMNASTICS,Artistic Gymnastics,Floor Exercise,Men,Individual,,,,0,1,0,,,,,1.0,0.0,1.0,1.0
EVT_SPORT_GYMNASTICS_ARTISTIC_GYMNASTICS_FLOOR_EXERCISE_W,SPORT_GYMNASTICS,Gymnastics,DISC_SPORT_GYMNASTICS_ARTISTIC_GYMNASTICS,Artistic Gymnastics,Floor Exercise,Women,Individual,,,,0,1,0,,,,,0.0,1.0,1.0,1.0
EVT_SPORT_GYMNASTICS_ARTISTIC_GYMNASTICS_HORIZONTAL_BAR_M,SPORT_GYMNASTICS,Gymnastics,DISC_SPORT_GYMNASTICS_ARTISTIC_GYMNASTICS,Artistic Gymnastics,Horizontal Bar,Men,Individual,,,,0,1,0,,,,,1.0,0.0,1.0,1.0
EVT_SPORT_GYMNASTICS_ARTISTIC_GYMNASTICS_PARALLEL_BARS_M,SPORT_GYMNASTICS,Gymnastics,DISC_SPORT_GYMNASTICS_ARTISTIC_GYMNASTICS,Artistic Gymnastics,Parallel Bars,Men,Individual,,,,0,1,0,,,,,1.0,0.0,1.0,1.0
EVT_SPORT_GYMNASTICS_ARTISTIC_GYMNASTICS_POMMEL_HORSE_M,SPORT_GYMNASTICS,Gymnastics,DISC_SPORT_GYMNASTICS_ARTISTIC_GYMNASTICS,Artistic Gymnastics,Pommel Horse,Men,Individual,,,,0,1,0,,,,,1.0,0.0,1.0,1.0
EVT_SPORT_GYMNASTICS_ARTISTIC_GYMNASTICS_RINGS_M,SPORT_GYMNASTICS,Gymnastics,DISC_SPORT_GYMNASTICS_ARTISTIC_GYMNASTICS,Artistic Gymnastics,Rings,Men,Individual,,,,0,1,0,,,,,1.0,0.0,1.0,1.0
EVT_SPORT_GYMNASTICS_ARTISTIC_GYMNASTICS_TEAM_M,SPORT_GYMNASTICS,Gymnastics,DISC_SPORT_GYMNASTICS_ARTISTIC_GYMNASTICS,Artistic Gymnastics,Team,Men,Team,,,,0,1,0,,,,,6.0,0.0,6.0,1.0
EVT_SPORT_GYMNASTICS_ARTISTIC_GYMNASTICS_TEAM_W,SPORT_GYMNASTICS,Gymnastics,DISC_SPORT_GYMNASTICS_ARTISTIC_GYMNASTICS,Artistic Gymnastics,Team,Women,Team,,,,0,1,0,,,,,0.0,6.0,6.0,1.0
EVT_SPORT_GYMNASTICS_ARTISTIC_GYMNASTICS_UNEVEN_BARS_W,SPORT_GYMNASTICS,Gymnastics,DISC_SPORT_GYMNASTICS_ARTISTIC_GYMNASTICS,Artistic Gymnastics,Uneven Bars,Women,Individual,,,,0,1,0,,,,,0.0,1.0,1.0,1.0
EVT_SPORT_GYMNASTICS_ARTISTIC_GYMNASTICS_VAULT_M,SPORT_GYMNASTICS,Gymnastics,DISC_SPORT_GYMNASTICS_ARTISTIC_GYMNASTICS,Artistic Gymnastics,Vault,Men,Individual,,,,0,1,0,,,,,1.0,0.0,1.0,1.0
EVT_SPORT_GYMNASTICS_ARTISTIC_GYMNASTICS_VAULT_W,SPORT_GYMNASTICS,Gymnastics,DISC_SPORT_GYMNASTICS_ARTISTIC_GYMNASTICS,Artistic Gymnastics,Vault,Women,Individual,,,,0,1,0,,,,,0.0,1.0,1.0,1.0
EVT_SPORT_GYMNASTICS_ARTISTIC_HORIZONTAL_BAR_M,SPORT_GYMNASTICS,Gymnastics,DISC_SPORT_GYMNASTICS_ARTISTIC,Artistic,Horizontal Bar,Men,Individual,,,,1,0,0,1.0,0.0,1.0,1.0,,,,
EVT_SPORT_GYMNASTICS_ARTISTIC_PARALLEL_BARS_M,SPORT_GYMNASTICS,Gymnastics,DISC_SPORT_GYMNASTICS_ARTISTIC,Artistic,Parallel Bars,Men,Individual,,,,1,0,0,1.0,0.0,1.0,1.0,,,,
EVT_SPORT_GYMNASTICS_ARTISTIC_POMMEL_HORSE_M,SPORT_GYMNASTICS,Gymnastics,DISC_SPORT_GYMNASTICS_ARTISTIC,Artistic,Pommel Horse,Men,Individual,,,,1,0,0,1.0,0.0,1.0,1.0,,,,
EVT_SPORT_GYMNASTICS_ARTISTIC_RINGS_M,SPORT_GYMNASTICS,Gymnastics,DISC_SPORT_GYMNASTICS_ARTISTIC,Artistic,Rings,Men,Individual,,,,1,0,0,1.0,0.0,1.0,1.0,,,,
EVT_SPORT_GYMNASTICS_ARTISTIC_TEAM_M,SPORT_GYMNASTICS,Gymnastics,DISC_SPORT_GYMNASTICS_ARTISTIC,Artistic,Team,Men,Team,,,,1,0,0,5.0,0.0,5.0,1.0,,,,
EVT_SPORT_GYMNASTICS_ARTISTIC_TEAM_W,SPORT_GYMNASTICS,Gymnastics,DISC_SPORT_GYMNASTICS_ARTISTIC,Artistic,Team,Women,Team,,,,1,0,0,0.0,5.0,5.0,1.0,,,,
EVT_SPORT_GYMNASTICS_ARTISTIC_TEAM_X,SPORT_GYMNASTICS,Gymnastics,DISC_SPORT_GYMNASTICS_ARTISTIC,Artistic,Team,Mixed,Team,,,,1,0,0,3.0,3.0,6.0,1.0,,,,
EVT_SPORT_GYMNASTICS_ARTISTIC_UNEVEN_BARS_W,SPORT_GYMNASTICS,Gymnastics,DISC_SPORT_GYMNASTICS_ARTISTIC,Artistic,Uneven Bars,Women,Individual,,,,1,0,0,0.0,1.0,1.0,1.0,,,,
EVT_SPORT_GYMNASTICS_ARTISTIC_VAULT_M,SPORT_GYMNASTICS,Gymnastics,DISC_SPORT_GYMNASTICS_ARTISTIC,Artistic,Vault,Men,Individual,,,,1,0,0,1.0,0.0,1.0,1.0,,,,
EVT_SPORT_GYMNASTICS_ARTISTIC_VAULT_W,SPORT_GYMNASTICS,Gymnastics,DISC_SPORT_GYMNASTICS_ARTISTIC,Artistic,Vault,Women,Individual,,,,1,0,0,0.0,1.0,1.0,1.0,,,,
EVT_SPORT_GYMNASTICS_RHYTHMIC_GYMNASTICS_GROUP_ALL_AROUND_W,SPORT_GYMNASTICS,Gymnastics,DISC_SPORT_GYMNASTICS_RHYTHMIC_GYMNASTICS,Rhythmic Gymnastics,Group All-Around,Women,Team,,,,0,1,0,,,,,0.0,5.0,5.0,1.0
EVT_SPORT_GYMNASTICS_RHYTHMIC_GYMNASTICS_INDIVIDUAL_ALL_AROUND_W,SPORT_GYMNASTICS,Gymnastics,DISC_SPORT_GYMNASTICS_RHYTHMIC_GYMNASTICS,Rhythmic Gymnastics,Individual All-Around,Women,Individual,,,,0,1,0,,,,,0.0,1.0,1.0,1.0
EVT_SPORT_GYMNASTICS_RYTHMIC_ALL_AROUND_W,SPORT_GYMNASTICS,Gymnastics,DISC_SPORT_GYMNASTICS_RYTHMIC,Rythmic,All-Around,Women,Individual,,,,1,0,0,0.0,1.0,1.0,1.0,,,,
EVT_SPORT_GYMNASTICS_RYTHMIC_GROUP_ALL_AROUND_W,SPORT_GYMNASTICS,Gymnastics,DISC_SPORT_GYMNASTICS_RYTHMIC,Rythmic,Group All-Around,Women,Team,,,,1,0,0,0.0,5.0,5.0,1.0,,,,
EVT_SPORT_GYMNASTICS_TRAMPOLINE_GYMNASTICS_TRAMPOLINE_M,SPORT_GYMNASTICS,Gymnastics,DISC_SPORT_GYMNASTICS_TRAMPOLINE_GYMNASTICS,Trampoline Gymnastics,Trampoline,Men,Individual,,,,0,1,0,,,,,1.0,0.0,1.0,1.0
EVT_SPORT_GYMNASTICS_TRAMPOLINE_GYMNASTICS_TRAMPOLINE_W,SPORT_GYMNASTICS,Gymnastics,DISC_SPORT_GYMNASTICS_TRAMPOLINE_GYMNASTICS,Trampoline Gymnastics,Trampoline,Women,Individual,,,,0,1,0,,,,,0.0,1.0,1.0,1.0
EVT_SPORT_GYMNASTICS_TRAMPOLINE_INDIVIDUAL_M,SPORT_GYMNASTICS,Gymnastics,DISC_SPORT_GYMNASTICS_TRAMPOLINE,Trampoline,Individual,Men,Individual,,,,1,0,0,1.0,0.0,1.0,1.0,,,,
EVT_SPORT_GYMNASTICS_TRAMPOLINE_INDIVIDUAL_W,SPORT_GYMNASTICS,Gymnastics,DISC_SPORT_GYMNASTICS_TRAMPOLINE,Trampoline,Individual,Women,Individual,,,,1,0,0,0.0,1.0,1.0,1.0,,,,
EVT_SPORT_HANDBALL_HANDBALL_12_TEAM_TOURNAMENT_M,SPORT_HANDBALL,Handball,DISC_SPORT_HANDBALL_HANDBALL,Handball,12-team tournament,Men,Team,,,,1,0,0,14.0,0.0,14.0,1.0,,,,
EVT_SPORT_HANDBALL_HANDBALL_12_TEAM_TOURNAMENT_W,SPORT_HANDBALL,Handball,DISC_SPORT_HANDBALL_HANDBALL,Handball,12-team tournament,Women,Team,,,,1,0,0,0.0,14.0,14.0,1.0,,,,
EVT_SPORT_HANDBALL_HANDBALL_TEAM_M,SPORT_HANDBALL,Handball,DISC_SPORT_HANDBALL_HANDBALL,Handball,Team,Men,Team,,,,0,1,0,,,,,14.0,0.0,14.0,1.0
EVT_SPORT_HANDBALL_HANDBALL_TEAM_W,SPORT_HANDBALL,Handball,DISC_SPORT_HANDBALL_HANDBALL,Handball,Team,Women,Team,,,,0,1,0,,,,,0.0,14.0,14.0,1.0
EVT_SPORT_HOCKEY_HOCKEY_12_TEAM_TOURNAMENT_M,SPORT_HOCKEY,Hockey,DISC_SPORT_HOCKEY_HOCKEY,Hockey,12-team tournament,Men,Team,,,,1,0,0,16.0,0.0,16.0,1.0,,,,
EVT_SPORT_HOCKEY_HOCKEY_12_TEAM_TOURNAMENT_W,SPORT_HOCKEY,Hockey,DISC_SPORT_HOCKEY_HOCKEY,Hockey,12-team tournament,Women,Team,,,,1,0,0,0.0,16.0,16.0,1.0,,,,
EVT_SPORT_HOCKEY_HOCKEY_TEAM_M,SPORT_HOCKEY,Hockey,DISC_SPORT_HOCKEY_HOCKEY,Hockey,Team,Men,Team,,,,0,1,0,,,,,16.0,0.0,16.0,1.0
EVT_SPORT_HOCKEY_HOCKEY_TEAM_W,SPORT_HOCKEY,Hockey,DISC_SPORT_HOCKEY_HOCKEY,Hockey,Team,Women,Team,,,,0,1,0,,,,,0.0,16.0,16.0,1.0
EVT_SPORT_JUDO_JUDO_MINUS_100KG_M,SPORT_JUDO,Judo,DISC_SPORT_JUDO_JUDO,Judo,Minus 100kg,Men,Individual,,,,1,1,1,1.0,0.0,1.0,1.0,1.0,0.0,1.0,1.0
EVT_SPORT_JUDO_JUDO_MINUS_48KG_W,SPORT_JUDO,Judo,DISC_SPORT_JUDO_JUDO,Judo,Minus 48kg,Women,Individual,,,,1,1,1,0.0,1.0,1.0,1.0,0.0,1.0,1.0,1.0
EVT_SPORT_JUDO_JUDO_MINUS_52KG_W,SPORT_JUDO,Judo,DISC_SPORT_JUDO_JUDO,Judo,Minus 52kg,Women,Individual,,,,1,1,1,0.0,1.0,1.0,1.0,0.0,1.0,1.0,1.0
EVT_SPORT_JUDO_JUDO_MINUS_57KG_W,SPORT_JUDO,Judo,DISC_SPORT_JUDO_JUDO,Judo,Minus 57kg,Women,Individual,,,,1,1,1,0.0,1.0,1.0,1.0,0.0,1.0,1.0,1.0
EVT_SPORT_JUDO_JUDO_MINUS_60KG_M,SPORT_JUDO,Judo,DISC_SPORT_JUDO_JUDO,Judo,Minus 60kg,Men,Individual,,,,1,1,1,1.0,0.0,1.0,1.0,1.0,0.0,1.0,1.0
EVT_SPORT_JUDO_JUDO_MINUS_63KG_W,SPORT_JUDO,Judo,DISC_SPORT_JUDO_JUDO,Judo,Minus 63kg,Women,Individual,,,,1,1,1,0.0,1.0,1.0,1.0,0.0,1.0,1.0,1.0
EVT_SPORT_JUDO_JUDO_MINUS_66KG_M,SPORT_JUDO,Judo,DISC_SPORT_JUDO_JUDO,Judo,Minus 66kg,Men,Individual,,,,1,1,1,1.0,0.0,1.0,1.0,1.0,0.0,1.0,1.0
EVT_SPORT_JUDO_JUDO_MINUS_70KG_W,SPORT_JUDO,Judo,DISC_SPORT_JUDO_JUDO,Judo,Minus 70kg,Women,Individual,,,,1,1,1,0.0,1.0,1.0,1.0,0.0,1.0,1.0,1.0
EVT_SPORT_JUDO_JUDO_MINUS_73KG_M,SPORT_JUDO,Judo,DISC_SPORT_JUDO_JUDO,Judo,Minus 73kg,Men,Individual,,,,1,1,1,1.0,0.0,1.0,1.0,1.0,0.0,1.0,1.0
EVT_SPORT_JUDO_JUDO_MINUS_78KG_W,SPORT_JUDO,Judo,DISC_SPORT_JUDO_JUDO,Judo,Minus 78kg,Women,Individual,,,,1,1,1,0.0,1.0,1.0,1.0,0.0,1.0,1.0,1.0
EVT_SPORT_JUDO_JUDO_MINUS_81KG_M,SPORT_JUDO,Judo,DISC_SPORT_JUDO_JUDO,Judo,Minus 81kg,Men,Individual,,,,1,1,1,1.0,0.0,1.0,1.0,1.0,0.0,1.0,1.0
EVT_SPORT_JUDO_JUDO_MINUS_90KG_M,SPORT_JUDO,Judo,DISC_SPORT_JUDO_JUDO,Judo,Minus 90kg,Men,Individual,,,,1,1,1,1.0,0.0,1.0,1.0,1.0,0.0,1.0,1.0
EVT_SPORT_JUDO_JUDO_PLUS_100KG_M,SPORT_JUDO,Judo,DISC_SPORT_JUDO_JUDO,Judo,Plus 100kg,Men,Individual,,,,1,1,1,1.0,0.0,1.0,1.0,1.0,0.0,1.0,1.0
EVT_SPORT_JUDO_JUDO_PLUS_78KG_W,SPORT_JUDO,Judo,DISC_SPORT_JUDO_JUDO,Judo,Plus 78kg,Women,Individual,,,,1,1,1,0.0,1.0,1.0,1.0,0.0,1.0,1.0,1.0
EVT_SPORT_JUDO_JUDO_TEAM_X,SPORT_JUDO,Judo,DISC_SPORT_JUDO_JUDO,Judo,Team,Mixed,Team,,,,1,1,1,3.0,3.0,6.0,1.0,3.0,3.0,6.0,1.0
EVT_SPORT_KABADDI_KABADDI_TEAM_M,SPORT_KABADDI,Kabaddi,DISC_SPORT_KABADDI_KABADDI,Kabaddi,Team,Men,Team,,,,0,1,0,,,,,7.0,0.0,7.0,1.0
EVT_SPORT_KABADDI_KABADDI_TEAM_W,SPORT_KABADDI,Kabaddi,DISC_SPORT_KABADDI_KABADDI,Kabaddi,Team,Women,Team,,,,0,1,0,,,,,0.0,7.0,7.0,1.0
EVT_SPORT_KARATE_KARATE_KATA_INDIVIDUAL_KATA_M,SPORT_KARATE,Karate,DISC_SPORT_KARATE_KARATE_KATA,Karate Kata,Individual Kata,Men,Individual,,,,0,1,0,,,,,1.0,0.0,1.0,1.0
EVT_SPORT_KARATE_KARATE_KATA_INDIVIDUAL_KATA_W,SPORT_KARATE,Karate,DISC_SPORT_KARATE_KARATE_KATA,Karate Kata,Individual Kata,Women,Individual,,,,0,1,0,,,,,0.0,1.0,1.0,1.0
EVT_SPORT_KARATE_KARATE_KATA_TEAM_KATA_M,SPORT_KARATE,Karate,DISC_SPORT_KARATE_KARATE_KATA,Karate Kata,Team Kata,Men,Team,,,,0,1,0,,,,,3.0,0.0,3.0,1.0
EVT_SPORT_KARATE_KARATE_KATA_TEAM_KATA_W,SPORT_KARATE,Karate,DISC_SPORT_KARATE_KARATE_KATA,Karate Kata,Team Kata,Women,Team,,,,0,1,0,,,,,0.0,3.0,3.0,1.0
EVT_SPORT_KARATE_KARATE_KUMITE_KUMITE_MINUS_50KG_W,SPORT_KARATE,Karate,DISC_SPORT_KARATE_KARATE_KUMITE,Karate Kumite,Kumite Minus 50kg,Women,Individual,,,,0,1,0,,,,,0.0,1.0,1.0,1.0
EVT_SPORT_KARATE_KARATE_KUMITE_KUMITE_MINUS_55KG_M,SPORT_KARATE,Karate,DISC_SPORT_KARATE_KARATE_KUMITE,Karate Kumite,Kumite Minus 55kg,Men,Individual,,,,0,1,0,,,,,1.0,0.0,1.0,1.0
EVT_SPORT_KARATE_KARATE_KUMITE_KUMITE_MINUS_55KG_W,SPORT_KARATE,Karate,DISC_SPORT_KARATE_KARATE_KUMITE,Karate Kumite,Kumite Minus 55kg,Women,Individual,,,,0,1,0,,,,,0.0,1.0,1.0,1.0
EVT_SPORT_KARATE_KARATE_KUMITE_KUMITE_MINUS_60KG_M,SPORT_KARATE,Karate,DISC_SPORT_KARATE_KARATE_KUMITE,Karate Kumite,Kumite Minus 60kg,Men,Individual,,,,0,1,0,,,,,1.0,0.0,1.0,1.0
EVT_SPORT_KARATE_KARATE_KUMITE_KUMITE_MINUS_61KG_W,SPORT_KARATE,Karate,DISC_SPORT_KARATE_KARATE_KUMITE,Karate Kumite,Kumite Minus 61kg,Women,Individual,,,,0,1,0,,,,,0.0,1.0,1.0,1.0
EVT_SPORT_KARATE_KARATE_KUMITE_KUMITE_MINUS_67KG_M,SPORT_KARATE,Karate,DISC_SPORT_KARATE_KARATE_KUMITE,Karate Kumite,Kumite Minus 67kg,Men,Individual,,,,0,1,0,,,,,1.0,0.0,1.0,1.0
EVT_SPORT_KARATE_KARATE_KUMITE_KUMITE_MINUS_68KG_W,SPORT_KARATE,Karate,DISC_SPORT_KARATE_KARATE_KUMITE,Karate Kumite,Kumite Minus 68kg,Women,Individual,,,,0,1,0,,,,,0.0,1.0,1.0,1.0
EVT_SPORT_KARATE_KARATE_KUMITE_KUMITE_MINUS_75KG_M,SPORT_KARATE,Karate,DISC_SPORT_KARATE_KARATE_KUMITE,Karate Kumite,Kumite Minus 75kg,Men,Individual,,,,0,1,0,,,,,1.0,0.0,1.0,1.0
EVT_SPORT_KARATE_KARATE_KUMITE_KUMITE_MINUS_84KG_M,SPORT_KARATE,Karate,DISC_SPORT_KARATE_KARATE_KUMITE,Karate Kumite,Kumite Minus 84kg,Men,Individual,,,,0,1,0,,,,,1.0,0.0,1.0,1.0
EVT_SPORT_KARATE_KARATE_KUMITE_KUMITE_PLUS_68KG_W,SPORT_KARATE,Karate,DISC_SPORT_KARATE_KARATE_KUMITE,Karate Kumite,Kumite Plus 68kg,Women,Individual,,,,0,1,0,,,,,0.0,1.0,1.0,1.0
EVT_SPORT_KARATE_KARATE_KUMITE_KUMITE_PLUS_84KG_M,SPORT_KARATE,Karate,DISC_SPORT_KARATE_KARATE_KUMITE,Karate Kumite,Kumite Plus 84kg,Men,Individual,,,,0,1,0,,,,,1.0,0.0,1.0,1.0
EVT_SPORT_LACROSSE_LACROSSE_6_TEAM_TOURNAMENT_M,SPORT_LACROSSE,Lacrosse,DISC_SPORT_LACROSSE_LACROSSE,Lacrosse,6-team tournament,Men,Team,,,,1,0,0,12.0,0.0,12.0,1.0,,,,
EVT_SPORT_LACROSSE_LACROSSE_6_TEAM_TOURNAMENT_W,SPORT_LACROSSE,Lacrosse,DISC_SPORT_LACROSSE_LACROSSE,Lacrosse,6-team tournament,Women,Team,,,,1,0,0,0.0,12.0,12.0,1.0,,,,
EVT_SPORT_MODERN_PENTATHLON_MODERN_PENTATHLON_INDIVIDUAL_M,SPORT_MODERN_PENTATHLON,Modern Pentathlon,DISC_SPORT_MODERN_PENTATHLON_MODERN_PENTATHLON,Modern Pentathlon,Individual,Men,Individual,,,,1,1,1,1.0,0.0,1.0,1.0,1.0,0.0,1.0,1.0
EVT_SPORT_MODERN_PENTATHLON_MODERN_PENTATHLON_INDIVIDUAL_W,SPORT_MODERN_PENTATHLON,Modern Pentathlon,DISC_SPORT_MODERN_PENTATHLON_MODERN_PENTATHLON,Modern Pentathlon,Individual,Women,Individual,,,,1,1,1,0.0,1.0,1.0,1.0,0.0,1.0,1.0,1.0
EVT_SPORT_MODERN_PENTATHLON_MODERN_PENTATHLON_TEAM_M,SPORT_MODERN_PENTATHLON,Modern Pentathlon,DISC_SPORT_MODERN_PENTATHLON_MODERN_PENTATHLON,Modern Pentathlon,Team,Men,Team,,,,0,1,0,,,,,3.0,0.0,3.0,1.0
EVT_SPORT_MODERN_PENTATHLON_MODERN_PENTATHLON_TEAM_W,SPORT_MODERN_PENTATHLON,Modern Pentathlon,DISC_SPORT_MODERN_PENTATHLON_MODERN_PENTATHLON,Modern Pentathlon,Team,Women,Team,,,,0,1,0,,,,,0.0,3.0,3.0,1.0
EVT_SPORT_ROWING_ROWING_COASTAL_BEACH_SPRINTS_DOUBLE_SCULLS_CX2X_X,SPORT_ROWING,Rowing,DISC_SPORT_ROWING_ROWING_COASTAL_BEACH_SPRINTS,Rowing Coastal Beach Sprints,Double Sculls [CX2x],Mixed,Duet,,,,1,0,0,1.0,1.0,2.0,1.0,,,,
EVT_SPORT_ROWING_ROWING_COASTAL_BEACH_SPRINTS_SOLO_CM1X_M,SPORT_ROWING,Rowing,DISC_SPORT_ROWING_ROWING_COASTAL_BEACH_SPRINTS,Rowing Coastal Beach Sprints,Solo [CM1x],Men,Individual,,,,1,0,0,1.0,0.0,1.0,1.0,,,,
EVT_SPORT_ROWING_ROWING_COASTAL_BEACH_SPRINTS_SOLO_CW1X_W,SPORT_ROWING,Rowing,DISC_SPORT_ROWING_ROWING_COASTAL_BEACH_SPRINTS,Rowing Coastal Beach Sprints,Solo [CW1x],Women,Individual,,,,1,0,0,0.0,1.0,1.0,1.0,,,,
EVT_SPORT_ROWING_ROWING_DOUBLE_SCULLS_M,SPORT_ROWING,Rowing,DISC_SPORT_ROWING_ROWING,Rowing,Double Sculls,Men,Duet,,,,0,1,0,,,,,2.0,0.0,2.0,1.0
EVT_SPORT_ROWING_ROWING_DOUBLE_SCULLS_M2X_M,SPORT_ROWING,Rowing,DISC_SPORT_ROWING_ROWING,Rowing,Double Sculls [M2x],Men,Duet,,,,1,0,0,2.0,0.0,2.0,1.0,,,,
EVT_SPORT_ROWING_ROWING_DOUBLE_SCULLS_W,SPORT_ROWING,Rowing,DISC_SPORT_ROWING_ROWING,Rowing,Double Sculls,Women,Duet,,,,0,1,0,,,,,0.0,2.0,2.0,1.0
EVT_SPORT_ROWING_ROWING_DOUBLE_SCULLS_W2X_W,SPORT_ROWING,Rowing,DISC_SPORT_ROWING_ROWING,Rowing,Double Sculls [W2x],Women,Duet,,,,1,0,0,0.0,2.0,2.0,1.0,,,,
EVT_SPORT_ROWING_ROWING_EIGHT_MB_M,SPORT_ROWING,Rowing,DISC_SPORT_ROWING_ROWING,Rowing,Eight [MB*],Men,Team,,,,1,0,0,9.0,0.0,9.0,1.0,,,,
EVT_SPORT_ROWING_ROWING_EIGHT_W8_W,SPORT_ROWING,Rowing,DISC_SPORT_ROWING_ROWING,Rowing,Eight [W8*],Women,Team,,,,1,0,0,0.0,9.0,9.0,1.0,,,,
EVT_SPORT_ROWING_ROWING_FOUR_M4_M,SPORT_ROWING,Rowing,DISC_SPORT_ROWING_ROWING,Rowing,Four [M4-],Men,Team,,,,1,0,0,4.0,0.0,4.0,1.0,,,,
EVT_SPORT_ROWING_ROWING_FOUR_W,SPORT_ROWING,Rowing,DISC_SPORT_ROWING_ROWING,Rowing,Four,Women,Team,,,,0,1,0,,,,,0.0,4.0,4.0,1.0
EVT_SPORT_ROWING_ROWING_FOUR_W4_W,SPORT_ROWING,Rowing,DISC_SPORT_ROWING_ROWING,Rowing,Four [W4-],Women,Team,,,,1,0,0,0.0,4.0,4.0,1.0,,,,
EVT_SPORT_ROWING_ROWING_LIGHTWEIGHT_MENS_DOUBLE_SCULLS_M,SPORT_ROWING,Rowing,DISC_SPORT_ROWING_ROWING,Rowing,Lightweight Men's Double Sculls,Men,Duet,,,,0,1,0,,,,,2.0,0.0,2.0,1.0
EVT_SPORT_ROWING_ROWING_LIGHTWEIGHT_MENS_FOUR_M,SPORT_ROWING,Rowing,DISC_SPORT_ROWING_ROWING,Rowing,Lightweight Men's Four,Men,Team,,,,0,1,0,,,,,4.0,0.0,4.0,1.0
EVT_SPORT_ROWING_ROWING_LIGHTWEIGHT_MENS_SINGLE_SCULLS_M,SPORT_ROWING,Rowing,DISC_SPORT_ROWING_ROWING,Rowing,Lightweight Men's Single Sculls,Men,Individual,,,,0,1,0,,,,,1.0,0.0,1.0,1.0
EVT_SPORT_ROWING_ROWING_LIGHTWEIGHT_WOMENS_DOUBLE_SCULLS_W,SPORT_ROWING,Rowing,DISC_SPORT_ROWING_ROWING,Rowing,Lightweight Women's Double Sculls,Women,Duet,,,,0,1,0,,,,,0.0,2.0,2.0,1.0
EVT_SPORT_ROWING_ROWING_LIGHTWEIGHT_WOMENS_QUADRUPLE_SCULLS_W,SPORT_ROWING,Rowing,DISC_SPORT_ROWING_ROWING,Rowing,Lightweight Women's Quadruple Sculls,Women,Team,,,,0,1,0,,,,,0.0,4.0,4.0,1.0
EVT_SPORT_ROWING_ROWING_LIGHTWEIGHT_WOMENS_SINGLE_SCULLS_W,SPORT_ROWING,Rowing,DISC_SPORT_ROWING_ROWING,Rowing,Lightweight Women's Single Sculls,Women,Individual,,,,0,1,0,,,,,0.0,1.0,1.0,1.0
EVT_SPORT_ROWING_ROWING_PAIR_M,SPORT_ROWING,Rowing,DISC_SPORT_ROWING_ROWING,Rowing,Pair,Men,Duet,,,,0,1,0,,,,,2.0,0.0,2.0,1.0
EVT_SPORT_ROWING_ROWING_PAIR_M2_M,SPORT_ROWING,Rowing,DISC_SPORT_ROWING_ROWING,Rowing,Pair [M2-],Men,Duet,,,,1,0,0,2.0,0.0,2.0,1.0,,,,
EVT_SPORT_ROWING_ROWING_PAIR_W,SPORT_ROWING,Rowing,DISC_SPORT_ROWING_ROWING,Rowing,Pair,Women,Duet,,,,0,1,0,,,,,0.0,2.0,2.0,1.0
EVT_SPORT_ROWING_ROWING_PAIR_W2_W,SPORT_ROWING,Rowing,DISC_SPORT_ROWING_ROWING,Rowing,Pair [W2-],Women,Duet,,,,1,0,0,0.0,2.0,2.0,1.0,,,,
EVT_SPORT_ROWING_ROWING_QUADRUPLE_SCULLS_M,SPORT_ROWING,Rowing,DISC_SPORT_ROWING_ROWING,Rowing,Quadruple Sculls,Men,Team,,,,0,1,0,,,,,4.0,0.0,4.0,1.0
EVT_SPORT_ROWING_ROWING_QUADRUPLE_SCULLS_M4X_M,SPORT_ROWING,Rowing,DISC_SPORT_ROWING_ROWING,Rowing,Quadruple Sculls [M4x],Men,Team,,,,1,0,0,4.0,0.0,4.0,1.0,,,,
EVT_SPORT_ROWING_ROWING_QUADRUPLE_SCULLS_W4X_W,SPORT_ROWING,Rowing,DISC_SPORT_ROWING_ROWING,Rowing,Quadruple Sculls [W4x],Women,Team,,,,1,0,0,0.0,4.0,4.0,1.0,,,,
EVT_SPORT_ROWING_ROWING_SINGLE_SCULLS_M,SPORT_ROWING,Rowing,DISC_SPORT_ROWING_ROWING,Rowing,Single Sculls,Men,Individual,,,,0,1,0,,,,,1.0,0.0,1.0,1.0
EVT_SPORT_ROWING_ROWING_SINGLE_SCULLS_M1X_M,SPORT_ROWING,Rowing,DISC_SPORT_ROWING_ROWING,Rowing,Single Sculls [M1x],Men,Individual,,,,1,0,0,1.0,0.0,1.0,1.0,,,,
EVT_SPORT_ROWING_ROWING_SINGLE_SCULLS_W,SPORT_ROWING,Rowing,DISC_SPORT_ROWING_ROWING,Rowing,Single Sculls,Women,Individual,,,,0,1,0,,,,,0.0,1.0,1.0,1.0
EVT_SPORT_ROWING_ROWING_SINGLE_SCULLS_W1X_W,SPORT_ROWING,Rowing,DISC_SPORT_ROWING_ROWING,Rowing,Single Sculls [W1x],Women,Individual,,,,1,0,0,0.0,1.0,1.0,1.0,,,,
EVT_SPORT_RUGBY_RUGBY_SEVENS_12_TEAM_TOURNAMENT_M,SPORT_RUGBY,Rugby,DISC_SPORT_RUGBY_RUGBY_SEVENS,Rugby Sevens,12-team tournament,Men,Team,,,,1,0,0,12.0,0.0,12.0,1.0,,,,
EVT_SPORT_RUGBY_RUGBY_SEVENS_12_TEAM_TOURNAMENT_W,SPORT_RUGBY,Rugby,DISC_SPORT_RUGBY_RUGBY_SEVENS,Rugby Sevens,12-team tournament,Women,Team,,,,1,0,0,0.0,12.0,12.0,1.0,,,,
EVT_SPORT_RUGBY_RUGBY_SEVENS_TEAM_M,SPORT_RUGBY,Rugby,DISC_SPORT_RUGBY_RUGBY_SEVENS,Rugby Sevens,Team,Men,Team,,,,0,1,0,,,,,12.0,0.0,12.0,1.0
EVT_SPORT_RUGBY_RUGBY_SEVENS_TEAM_W,SPORT_RUGBY,Rugby,DISC_SPORT_RUGBY_RUGBY_SEVENS,Rugby Sevens,Team,Women,Team,,,,0,1,0,,,,,0.0,12.0,12.0,1.0
EVT_SPORT_SAILING_SAILING_BOYS_DINGHY_M,SPORT_SAILING,Sailing,DISC_SPORT_SAILING_SAILING,Sailing,Boys' Dinghy,Men,Individual,,,,0,1,0,,,,,1.0,0.0,1.0,1.0
EVT_SPORT_SAILING_SAILING_BOYS_SKIFF_M,SPORT_SAILING,Sailing,DISC_SPORT_SAILING_SAILING,Sailing,Boys' Skiff,Men,Duet,,,,0,1,0,,,,,2.0,0.0,2.0,1.0
EVT_SPORT_SAILING_SAILING_BOYS_WINDSURFING_M,SPORT_SAILING,Sailing,DISC_SPORT_SAILING_SAILING,Sailing,Boys' Windsurfing,Men,Individual,,,,0,1,0,,,,,1.0,0.0,1.0,1.0
EVT_SPORT_SAILING_SAILING_DINGHY_M,SPORT_SAILING,Sailing,DISC_SPORT_SAILING_SAILING,Sailing,Dinghy,Men,Individual,,,,1,1,1,1.0,0.0,1.0,1.0,1.0,0.0,1.0,1.0
EVT_SPORT_SAILING_SAILING_DINGHY_W,SPORT_SAILING,Sailing,DISC_SPORT_SAILING_SAILING,Sailing,Dinghy,Women,Individual,,,,1,1,1,0.0,1.0,1.0,1.0,0.0,1.0,1.0,1.0
EVT_SPORT_SAILING_SAILING_DINGHY_X,SPORT_SAILING,Sailing,DISC_SPORT_SAILING_SAILING,Sailing,Dinghy,Mixed,Duet,,,,1,1,1,1.0,1.0,2.0,1.0,1.0,1.0,2.0,1.0
EVT_SPORT_SAILING_SAILING_GIRLS_DINGHY_W,SPORT_SAILING,Sailing,DISC_SPORT_SAILING_SAILING,Sailing,Girls' Dinghy,Women,Individual,,,,0,1,0,,,,,0.0,1.0,1.0,1.0
EVT_SPORT_SAILING_SAILING_GIRLS_SKIFF_W,SPORT_SAILING,Sailing,DISC_SPORT_SAILING_SAILING,Sailing,Girls' Skiff,Women,Duet,,,,0,1,0,,,,,0.0,2.0,2.0,1.0
EVT_SPORT_SAILING_SAILING_GIRLS_WINDSURFING_W,SPORT_SAILING,Sailing,DISC_SPORT_SAILING_SAILING,Sailing,Girls' Windsurfing,Women,Individual,,,,0,1,0,,,,,0.0,1.0,1.0,1.0
EVT_SPORT_SAILING_SAILING_KITE_M,SPORT_SAILING,Sailing,DISC_SPORT_SAILING_SAILING,Sailing,Kite,Men,Individual,,,,1,0,0,1.0,0.0,1.0,1.0,,,,
EVT_SPORT_SAILING_SAILING_KITE_W,SPORT_SAILING,Sailing,DISC_SPORT_SAILING_SAILING,Sailing,Kite,Women,Individual,,,,1,0,0,0.0,1.0,1.0,1.0,,,,
EVT_SPORT_SAILING_SAILING_MULTIHULL_X,SPORT_SAILING,Sailing,DISC_SPORT_SAILING_SAILING,Sailing,Multihull,Mixed,Duet,,,,1,0,0,1.0,1.0,2.0,1.0,,,,
EVT_SPORT_SAILING_SAILING_SKIFF_M,SPORT_SAILING,Sailing,DISC_SPORT_SAILING_SAILING,Sailing,Skiff,Men,Duet,,,,1,1,1,1.0,0.0,1.0,1.0,2.0,0.0,2.0,1.0
EVT_SPORT_SAILING_SAILING_SKIFF_W,SPORT_SAILING,Sailing,DISC_SPORT_SAILING_SAILING,Sailing,Skiff,Women,Duet,,,,1,1,1,0.0,1.0,1.0,1.0,0.0,2.0,2.0,1.0
EVT_SPORT_SAILING_SAILING_WINDSURFING_M,SPORT_SAILING,Sailing,DISC_SPORT_SAILING_SAILING,Sailing,Windsurfing,Men,Individual,,,,1,1,1,1.0,0.0,1.0,1.0,1.0,0.0,1.0,1.0
EVT_SPORT_SAILING_SAILING_WINDSURFING_W,SPORT_SAILING,Sailing,DISC_SPORT_SAILING_SAILING,Sailing,Windsurfing,Women,Individual,,,,1,1,1,0.0,1.0,1.0,1.0,0.0,1.0,1.0,1.0
EVT_SPORT_SAILING_SAILING_YOUTH_DINGHY_X,SPORT_SAILING,Sailing,DISC_SPORT_SAILING_SAILING,Sailing,Youth Dinghy,Mixed,Duet,,,,0,1,0,,,,,1.0,1.0,2.0,1.0
EVT_SPORT_SEPAK_TAKRAW_SEPAK_TAKRAW_DOUBLE_W,SPORT_SEPAK_TAKRAW,Sepak Takraw,DISC_SPORT_SEPAK_TAKRAW_SEPAK_TAKRAW,Sepak Takraw,Double,Women,Duet,,,,0,1,0,,,,,0.0,0.0,0.0,1.0
EVT_SPORT_SEPAK_TAKRAW_SEPAK_TAKRAW_QUADRANT_M,SPORT_SEPAK_TAKRAW,Sepak Takraw,DISC_SPORT_SEPAK_TAKRAW_SEPAK_TAKRAW,Sepak Takraw,Quadrant,Men,Duet,,,,0,1,0,,,,,2.0,0.0,2.0,1.0
EVT_SPORT_SEPAK_TAKRAW_SEPAK_TAKRAW_QUADRANT_W,SPORT_SEPAK_TAKRAW,Sepak Takraw,DISC_SPORT_SEPAK_TAKRAW_SEPAK_TAKRAW,Sepak Takraw,Quadrant,Women,Duet,,,,0,1,0,,,,,0.0,2.0,2.0,1.0
EVT_SPORT_SEPAK_TAKRAW_SEPAK_TAKRAW_REGU_M,SPORT_SEPAK_TAKRAW,Sepak Takraw,DISC_SPORT_SEPAK_TAKRAW_SEPAK_TAKRAW,Sepak Takraw,Regu,Men,Team,,,,0,1,0,,,,,3.0,0.0,3.0,1.0
EVT_SPORT_SEPAK_TAKRAW_SEPAK_TAKRAW_TEAM_REGU_M,SPORT_SEPAK_TAKRAW,Sepak Takraw,DISC_SPORT_SEPAK_TAKRAW_SEPAK_TAKRAW,Sepak Takraw,Team Regu,Men,Team,,,,0,1,0,,,,,3.0,0.0,3.0,1.0
EVT_SPORT_SEPAK_TAKRAW_SEPAK_TAKRAW_TEAM_REGU_W,SPORT_SEPAK_TAKRAW,Sepak Takraw,DISC_SPORT_SEPAK_TAKRAW_SEPAK_TAKRAW,Sepak Takraw,Team Regu,Women,Team,,,,0,1,0,,,,,0.0,3.0,3.0,1.0
EVT_SPORT_SHOOTING_SHOOTING_10M_AIR_PISTOL_M,SPORT_SHOOTING,Shooting,DISC_SPORT_SHOOTING_SHOOTING,Shooting,10m Air Pistol,Men,Individual,,,,1,0,0,1.0,0.0,1.0,1.0,,,,
EVT_SPORT_SHOOTING_SHOOTING_10M_AIR_PISTOL_TEAM_X,SPORT_SHOOTING,Shooting,DISC_SPORT_SHOOTING_SHOOTING,Shooting,10m Air Pistol Team,Mixed,Duet,,,,1,0,0,1.0,1.0,2.0,1.0,,,,
EVT_SPORT_SHOOTING_SHOOTING_10M_AIR_PISTOL_W,SPORT_SHOOTING,Shooting,DISC_SPORT_SHOOTING_SHOOTING,Shooting,10m Air Pistol,Women,Individual,,,,1,0,0,0.0,1.0,1.0,1.0,,,,
EVT_SPORT_SHOOTING_SHOOTING_10M_AIR_RIFLE_TEAM_X,SPORT_SHOOTING,Shooting,DISC_SPORT_SHOOTING_SHOOTING,Shooting,10m Air Rifle Team,Mixed,Duet,,,,1,0,0,1.0,1.0,2.0,1.0,,,,
EVT_SPORT_SHOOTING_SHOOTING_10M_AIR_RIFLE_W,SPORT_SHOOTING,Shooting,DISC_SPORT_SHOOTING_SHOOTING,Shooting,10m Air Rifle,Women,Individual,,,,1,0,0,0.0,1.0,1.0,1.0,,,,
EVT_SPORT_SHOOTING_SHOOTING_25M_PISTOL_W,SPORT_SHOOTING,Shooting,DISC_SPORT_SHOOTING_SHOOTING,Shooting,25m Pistol,Women,Individual,,,,1,0,0,0.0,1.0,1.0,1.0,,,,
EVT_SPORT_SHOOTING_SHOOTING_25M_RAPID_FIRE_PISTOL_M,SPORT_SHOOTING,Shooting,DISC_SPORT_SHOOTING_SHOOTING,Shooting,25m Rapid Fire Pistol,Men,Individual,,,,1,0,0,1.0,0.0,1.0,1.0,,,,
EVT_SPORT_SHOOTING_SHOOTING_50M_RIFLE_3_POSITIONS_M,SPORT_SHOOTING,Shooting,DISC_SPORT_SHOOTING_SHOOTING,Shooting,50m Rifle 3 Positions,Men,Individual,,,,1,0,0,1.0,0.0,1.0,1.0,,,,
EVT_SPORT_SHOOTING_SHOOTING_50M_RIFLE_3_POSITIONS_W,SPORT_SHOOTING,Shooting,DISC_SPORT_SHOOTING_SHOOTING,Shooting,50m Rifle 3 Positions,Women,Individual,,,,1,0,0,0.0,1.0,1.0,1.0,,,,
EVT_SPORT_SHOOTING_SHOOTING_I0M_AIR_RIFLE_M,SPORT_SHOOTING,Shooting,DISC_SPORT_SHOOTING_SHOOTING,Shooting,I0m Air Rifle,Men,Individual,,,,1,0,0,1.0,0.0,1.0,1.0,,,,
EVT_SPORT_SHOOTING_SHOOTING_PISTOL_10M_AIR_PISTOL_MEN_INDIVIDUAL_M,SPORT_SHOOTING,Shooting,DISC_SPORT_SHOOTING_SHOOTING_PISTOL,Shooting - Pistol,10m Air Pistol Men Individual,Men,Individual,,,,0,1,0,,,,,1.0,0.0,1.0,1.0
EVT_SPORT_SHOOTING_SHOOTING_PISTOL_10M_AIR_PISTOL_MEN_TEAM_M,SPORT_SHOOTING,Shooting,DISC_SPORT_SHOOTING_SHOOTING_PISTOL,Shooting - Pistol,10m Air Pistol Men Team,Men,Team,,,,0,1,0,,,,,3.0,0.0,3.0,1.0
EVT_SPORT_SHOOTING_SHOOTING_PISTOL_10M_AIR_PISTOL_TEAM_X,SPORT_SHOOTING,Shooting,DISC_SPORT_SHOOTING_SHOOTING_PISTOL,Shooting - Pistol,10m Air Pistol Team,Mixed,Duet,,,,0,1,0,,,,,1.0,1.0,2.0,1.0
EVT_SPORT_SHOOTING_SHOOTING_PISTOL_10M_AIR_PISTOL_WOMEN_INDIVIDUAL_W,SPORT_SHOOTING,Shooting,DISC_SPORT_SHOOTING_SHOOTING_PISTOL,Shooting - Pistol,10m Air Pistol Women Individual,Women,Individual,,,,0,1,0,,,,,0.0,1.0,1.0,1.0
EVT_SPORT_SHOOTING_SHOOTING_PISTOL_10M_AIR_PISTOL_WOMEN_TEAM_W,SPORT_SHOOTING,Shooting,DISC_SPORT_SHOOTING_SHOOTING_PISTOL,Shooting - Pistol,10m Air Pistol Women Team,Women,Team,,,,0,1,0,,,,,0.0,3.0,3.0,1.0
EVT_SPORT_SHOOTING_SHOOTING_PISTOL_25M_PISTOL_WOMEN_INDIVIDUAL_W,SPORT_SHOOTING,Shooting,DISC_SPORT_SHOOTING_SHOOTING_PISTOL,Shooting - Pistol,25m Pistol Women Individual,Women,Individual,,,,0,1,0,,,,,0.0,1.0,1.0,1.0
EVT_SPORT_SHOOTING_SHOOTING_PISTOL_25M_PISTOL_WOMEN_TEAM_W,SPORT_SHOOTING,Shooting,DISC_SPORT_SHOOTING_SHOOTING_PISTOL,Shooting - Pistol,25m Pistol Women Team,Women,Team,,,,0,1,0,,,,,0.0,3.0,3.0,1.0
EVT_SPORT_SHOOTING_SHOOTING_PISTOL_25M_RAPID_FIRE_PISTOL_MEN_INDIVIDUAL_M,SPORT_SHOOTING,Shooting,DISC_SPORT_SHOOTING_SHOOTING_PISTOL,Shooting - Pistol,25m Rapid Fire Pistol Men Individual,Men,Individual,,,,0,1,0,,,,,1.0,0.0,1.0,1.0
EVT_SPORT_SHOOTING_SHOOTING_PISTOL_25M_RAPID_FIRE_PISTOL_MEN_TEAM_M,SPORT_SHOOTING,Shooting,DISC_SPORT_SHOOTING_SHOOTING_PISTOL,Shooting - Pistol,25m Rapid Fire Pistol Men Team,Men,Team,,,,0,1,0,,,,,3.0,0.0,3.0,1.0
EVT_SPORT_SHOOTING_SHOOTING_RIFLE_10M_AIR_RIFLE_MEN_INDIVIDUAL_M,SPORT_SHOOTING,Shooting,DISC_SPORT_SHOOTING_SHOOTING_RIFLE,Shooting - Rifle,10m Air Rifle Men Individual,Men,Individual,,,,0,1,0,,,,,1.0,0.0,1.0,1.0
EVT_SPORT_SHOOTING_SHOOTING_RIFLE_10M_AIR_RIFLE_MEN_TEAM_M,SPORT_SHOOTING,Shooting,DISC_SPORT_SHOOTING_SHOOTING_RIFLE,Shooting - Rifle,10m Air Rifle Men Team,Men,Team,,,,0,1,0,,,,,3.0,0.0,3.0,1.0
EVT_SPORT_SHOOTING_SHOOTING_RIFLE_10M_AIR_RIFLE_TEAM_X,SPORT_SHOOTING,Shooting,DISC_SPORT_SHOOTING_SHOOTING_RIFLE,Shooting - Rifle,10m Air Rifle Team,Mixed,Duet,,,,0,1,0,,,,,1.0,1.0,2.0,1.0
EVT_SPORT_SHOOTING_SHOOTING_RIFLE_10M_AIR_RIFLE_WOMEN_INDIVIDUAL_W,SPORT_SHOOTING,Shooting,DISC_SPORT_SHOOTING_SHOOTING_RIFLE,Shooting - Rifle,10m Air Rifle Women Individual,Women,Individual,,,,0,1,0,,,,,0.0,1.0,1.0,1.0
EVT_SPORT_SHOOTING_SHOOTING_RIFLE_10M_AIR_RIFLE_WOMEN_TEAM_W,SPORT_SHOOTING,Shooting,DISC_SPORT_SHOOTING_SHOOTING_RIFLE,Shooting - Rifle,10m Air Rifle Women Team,Women,Team,,,,0,1,0,,,,,0.0,3.0,3.0,1.0
EVT_SPORT_SHOOTING_SHOOTING_RIFLE_50M_RIFLE_3_POSITIONS_MEN_INDIVIDUAL_M,SPORT_SHOOTING,Shooting,DISC_SPORT_SHOOTING_SHOOTING_RIFLE,Shooting - Rifle,50m Rifle 3 Positions Men Individual,Men,Individual,,,,0,1,0,,,,,1.0,0.0,1.0,1.0
EVT_SPORT_SHOOTING_SHOOTING_RIFLE_50M_RIFLE_3_POSITIONS_MEN_TEAM_M,SPORT_SHOOTING,Shooting,DISC_SPORT_SHOOTING_SHOOTING_RIFLE,Shooting - Rifle,50m Rifle 3 Positions Men Team,Men,Team,,,,0,1,0,,,,,3.0,0.0,3.0,1.0
EVT_SPORT_SHOOTING_SHOOTING_RIFLE_50M_RIFLE_3_POSITIONS_WOMEN_INDIVIDUAL_W,SPORT_SHOOTING,Shooting,DISC_SPORT_SHOOTING_SHOOTING_RIFLE,Shooting - Rifle,50m Rifle 3 Positions Women Individual,Women,Individual,,,,0,1,0,,,,,0.0,1.0,1.0,1.0
EVT_SPORT_SHOOTING_SHOOTING_RIFLE_50M_RIFLE_3_POSITIONS_WOMEN_TEAM_W,SPORT_SHOOTING,Shooting,DISC_SPORT_SHOOTING_SHOOTING_RIFLE,Shooting - Rifle,50m Rifle 3 Positions Women Team,Women,Team,,,,0,1,0,,,,,0.0,3.0,3.0,1.0
EVT_SPORT_SHOOTING_SHOOTING_SHOTGUN_SKEET_MEN_INDIVIDUAL_M,SPORT_SHOOTING,Shooting,DISC_SPORT_SHOOTING_SHOOTING_SHOTGUN,Shooting - Shotgun,Skeet Men Individual,Men,Individual,,,,0,1,0,,,,,1.0,0.0,1.0,1.0
EVT_SPORT_SHOOTING_SHOOTING_SHOTGUN_SKEET_MEN_TEAM_M,SPORT_SHOOTING,Shooting,DISC_SPORT_SHOOTING_SHOOTING_SHOTGUN,Shooting - Shotgun,Skeet Men Team,Men,Team,,,,0,1,0,,,,,3.0,0.0,3.0,1.0
EVT_SPORT_SHOOTING_SHOOTING_SHOTGUN_SKEET_TEAM_X,SPORT_SHOOTING,Shooting,DISC_SPORT_SHOOTING_SHOOTING_SHOTGUN,Shooting - Shotgun,Skeet Team,Mixed,Duet,,,,0,1,0,,,,,1.0,1.0,2.0,1.0
EVT_SPORT_SHOOTING_SHOOTING_SHOTGUN_SKEET_WOMEN_INDIVIDUAL_W,SPORT_SHOOTING,Shooting,DISC_SPORT_SHOOTING_SHOOTING_SHOTGUN,Shooting - Shotgun,Skeet Women Individual,Women,Individual,,,,0,1,0,,,,,0.0,1.0,1.0,1.0
EVT_SPORT_SHOOTING_SHOOTING_SHOTGUN_SKEET_WOMEN_TEAM_W,SPORT_SHOOTING,Shooting,DISC_SPORT_SHOOTING_SHOOTING_SHOTGUN,Shooting - Shotgun,Skeet Women Team,Women,Team,,,,0,1,0,,,,,0.0,3.0,3.0,1.0
EVT_SPORT_SHOOTING_SHOOTING_SHOTGUN_TRAP_MEN_INDIVIDUAL_M,SPORT_SHOOTING,Shooting,DISC_SPORT_SHOOTING_SHOOTING_SHOTGUN,Shooting - Shotgun,Trap Men Individual,Men,Individual,,,,0,1,0,,,,,1.0,0.0,1.0,1.0
EVT_SPORT_SHOOTING_SHOOTING_SHOTGUN_TRAP_MEN_TEAM_M,SPORT_SHOOTING,Shooting,DISC_SPORT_SHOOTING_SHOOTING_SHOTGUN,Shooting - Shotgun,Trap Men Team,Men,Team,,,,0,1,0,,,,,3.0,0.0,3.0,1.0
EVT_SPORT_SHOOTING_SHOOTING_SHOTGUN_TRAP_TEAM_X,SPORT_SHOOTING,Shooting,DISC_SPORT_SHOOTING_SHOOTING_SHOTGUN,Shooting - Shotgun,Trap Team,Mixed,Duet,,,,0,1,0,,,,,1.0,1.0,2.0,1.0
EVT_SPORT_SHOOTING_SHOOTING_SHOTGUN_TRAP_WOMEN_INDIVIDUAL_W,SPORT_SHOOTING,Shooting,DISC_SPORT_SHOOTING_SHOOTING_SHOTGUN,Shooting - Shotgun,Trap Women Individual,Women,Individual,,,,0,1,0,,,,,0.0,1.0,1.0,1.0
EVT_SPORT_SHOOTING_SHOOTING_SHOTGUN_TRAP_WOMEN_TEAM_W,SPORT_SHOOTING,Shooting,DISC_SPORT_SHOOTING_SHOOTING_SHOTGUN,Shooting - Shotgun,Trap Women Team,Women,Team,,,,0,1,0,,,,,0.0,3.0,3.0,1.0
EVT_SPORT_SHOOTING_SHOOTING_SKEET_M,SPORT_SHOOTING,Shooting,DISC_SPORT_SHOOTING_SHOOTING,Shooting,Skeet,Men,Individual,,,,1,0,0,1.0,0.0,1.0,1.0,,,,
EVT_SPORT_SHOOTING_SHOOTING_SKEET_W,SPORT_SHOOTING,Shooting,DISC_SPORT_SHOOTING_SHOOTING,Shooting,Skeet,Women,Individual,,,,1,0,0,0.0,1.0,1.0,1.0,,,,
EVT_SPORT_SHOOTING_SHOOTING_TRAP_M,SPORT_SHOOTING,Shooting,DISC_SPORT_SHOOTING_SHOOTING,Shooting,Trap,Men,Individual,,,,1,0,0,1.0,0.0,1.0,1.0,,,,
EVT_SPORT_SHOOTING_SHOOTING_TRAP_TEAM_X,SPORT_SHOOTING,Shooting,DISC_SPORT_SHOOTING_SHOOTING,Shooting,Trap Team,Mixed,Duet,,,,1,0,0,1.0,1.0,2.0,1.0,,,,
EVT_SPORT_SHOOTING_SHOOTING_TRAP_W,SPORT_SHOOTING,Shooting,DISC_SPORT_SHOOTING_SHOOTING,Shooting,Trap,Women,Individual,,,,1,0,0,0.0,1.0,1.0,1.0,,,,
EVT_SPORT_SKATEBOARDING_SKATEBOARDING_PARK_M,SPORT_SKATEBOARDING,Skateboarding,DISC_SPORT_SKATEBOARDING_SKATEBOARDING,Skateboarding,Park,Men,Individual,,,,1,1,1,1.0,0.0,1.0,1.0,1.0,0.0,1.0,1.0
EVT_SPORT_SKATEBOARDING_SKATEBOARDING_PARK_W,SPORT_SKATEBOARDING,Skateboarding,DISC_SPORT_SKATEBOARDING_SKATEBOARDING,Skateboarding,Park,Women,Individual,,,,1,1,1,0.0,1.0,1.0,1.0,0.0,1.0,1.0,1.0
EVT_SPORT_SKATEBOARDING_SKATEBOARDING_STREET_M,SPORT_SKATEBOARDING,Skateboarding,DISC_SPORT_SKATEBOARDING_SKATEBOARDING,Skateboarding,Street,Men,Individual,,,,1,1,1,1.0,0.0,1.0,1.0,1.0,0.0,1.0,1.0
EVT_SPORT_SKATEBOARDING_SKATEBOARDING_STREET_W,SPORT_SKATEBOARDING,Skateboarding,DISC_SPORT_SKATEBOARDING_SKATEBOARDING,Skateboarding,Street*,Women,Individual,,,,1,1,1,0.0,1.0,1.0,1.0,0.0,1.0,1.0,1.0
EVT_SPORT_SOFT_TENNIS_SOFT_TENNIS_DOUBLES_X,SPORT_SOFT_TENNIS,Soft Tennis,DISC_SPORT_SOFT_TENNIS_SOFT_TENNIS,Soft Tennis,Doubles,Mixed,Duet,,,,0,1,0,,,,,1.0,1.0,2.0,1.0
EVT_SPORT_SOFT_TENNIS_SOFT_TENNIS_SINGLES_M,SPORT_SOFT_TENNIS,Soft Tennis,DISC_SPORT_SOFT_TENNIS_SOFT_TENNIS,Soft Tennis,Singles,Men,Individual,,,,0,1,0,,,,,1.0,0.0,1.0,1.0
EVT_SPORT_SOFT_TENNIS_SOFT_TENNIS_SINGLES_W,SPORT_SOFT_TENNIS,Soft Tennis,DISC_SPORT_SOFT_TENNIS_SOFT_TENNIS,Soft Tennis,Singles,Women,Individual,,,,0,1,0,,,,,0.0,1.0,1.0,1.0
EVT_SPORT_SOFT_TENNIS_SOFT_TENNIS_TEAM_M,SPORT_SOFT_TENNIS,Soft Tennis,DISC_SPORT_SOFT_TENNIS_SOFT_TENNIS,Soft Tennis,Team,Men,Team,,,,0,1,0,,,,,3.0,0.0,3.0,1.0
EVT_SPORT_SOFT_TENNIS_SOFT_TENNIS_TEAM_W,SPORT_SOFT_TENNIS,Soft Tennis,DISC_SPORT_SOFT_TENNIS_SOFT_TENNIS,Soft Tennis,Team,Women,Team,,,,0,1,0,,,,,0.0,3.0,3.0,1.0
EVT_SPORT_SPORT_CLIMBING_SPORT_CLIMBING_BOULDER_M,SPORT_SPORT_CLIMBING,Sport Climbing,DISC_SPORT_SPORT_CLIMBING_SPORT_CLIMBING,Sport Climbing,Boulder,Men,Individual,,,,1,1,1,1.0,0.0,1.0,1.0,1.0,0.0,1.0,1.0
EVT_SPORT_SPORT_CLIMBING_SPORT_CLIMBING_BOULDER_W,SPORT_SPORT_CLIMBING,Sport Climbing,DISC_SPORT_SPORT_CLIMBING_SPORT_CLIMBING,Sport Climbing,Boulder,Women,Individual,,,,1,1,1,0.0,1.0,1.0,1.0,0.0,1.0,1.0,1.0
EVT_SPORT_SPORT_CLIMBING_SPORT_CLIMBING_LEAD_M,SPORT_SPORT_CLIMBING,Sport Climbing,DISC_SPORT_SPORT_CLIMBING_SPORT_CLIMBING,Sport Climbing,Lead,Men,Individual,,,,0,1,0,,,,,1.0,0.0,1.0,1.0
EVT_SPORT_SPORT_CLIMBING_SPORT_CLIMBING_LEAD_W,SPORT_SPORT_CLIMBING,Sport Climbing,DISC_SPORT_SPORT_CLIMBING_SPORT_CLIMBING,Sport Climbing,Lead,Women,Individual,,,,0,1,0,,,,,0.0,1.0,1.0,1.0
EVT_SPORT_SPORT_CLIMBING_SPORT_CLIMBING_LEAP_M,SPORT_SPORT_CLIMBING,Sport Climbing,DISC_SPORT_SPORT_CLIMBING_SPORT_CLIMBING,Sport Climbing,Leap,Men,Individual,,,,1,0,0,1.0,0.0,1.0,1.0,,,,
EVT_SPORT_SPORT_CLIMBING_SPORT_CLIMBING_LEAP_W,SPORT_SPORT_CLIMBING,Sport Climbing,DISC_SPORT_SPORT_CLIMBING_SPORT_CLIMBING,Sport Climbing,Leap,Women,Individual,,,,1,0,0,0.0,1.0,1.0,1.0,,,,
EVT_SPORT_SPORT_CLIMBING_SPORT_CLIMBING_SPEED_M,SPORT_SPORT_CLIMBING,Sport Climbing,DISC_SPORT_SPORT_CLIMBING_SPORT_CLIMBING,Sport Climbing,Speed,Men,Individual,,,,1,1,1,1.0,0.0,1.0,1.0,1.0,0.0,1.0,1.0
EVT_SPORT_SPORT_CLIMBING_SPORT_CLIMBING_SPEED_W,SPORT_SPORT_CLIMBING,Sport Climbing,DISC_SPORT_SPORT_CLIMBING_SPORT_CLIMBING,Sport Climbing,Speed,Women,Individual,,,,1,1,1,0.0,1.0,1.0,1.0,0.0,1.0,1.0,1.0
EVT_SPORT_SQUASH_SQUASH_DOUBLES_X,SPORT_SQUASH,Squash,DISC_SPORT_SQUASH_SQUASH,Squash,Doubles,Mixed,Duet,,,,0,1,0,,,,,1.0,1.0,2.0,1.0
EVT_SPORT_SQUASH_SQUASH_SINGLES_M,SPORT_SQUASH,Squash,DISC_SPORT_SQUASH_SQUASH,Squash,Singles,Men,Individual,,,,1,1,1,1.0,0.0,1.0,1.0,1.0,0.0,1.0,1.0
EVT_SPORT_SQUASH_SQUASH_SINGLES_W,SPORT_SQUASH,Squash,DISC_SPORT_SQUASH_SQUASH,Squash,Singles,Women,Individual,,,,1,1,1,0.0,1.0,1.0,1.0,0.0,1.0,1.0,1.0
EVT_SPORT_SQUASH_SQUASH_TEAM_M,SPORT_SQUASH,Squash,DISC_SPORT_SQUASH_SQUASH,Squash,Team,Men,Team,,,,0,1,0,,,,,3.0,0.0,3.0,1.0
EVT_SPORT_SQUASH_SQUASH_TEAM_W,SPORT_SQUASH,Squash,DISC_SPORT_SQUASH_SQUASH,Squash,Team,Women,Team,,,,0,1,0,,,,,0.0,3.0,3.0,1.0
EVT_SPORT_SURFING_SURFING_SHORTBOARD_M,SPORT_SURFING,Surfing,DISC_SPORT_SURFING_SURFING,Surfing,Shortboard,Men,Individual,,,,1,1,1,1.0,0.0,1.0,1.0,1.0,0.0,1.0,1.0
EVT_SPORT_SURFING_SURFING_SHORTBOARD_W,SPORT_SURFING,Surfing,DISC_SPORT_SURFING_SURFING,Surfing,Shortboard,Women,Individual,,,,1,1,1,0.0,1.0,1.0,1.0,0.0,1.0,1.0,1.0
EVT_SPORT_TABLE_TENNIS_TABLE_TENNIS_DOUBLES_M,SPORT_TABLE_TENNIS,Table Tennis,DISC_SPORT_TABLE_TENNIS_TABLE_TENNIS,Table Tennis,Doubles,Men,Duet,,,,1,1,1,2.0,0.0,2.0,1.0,2.0,0.0,2.0,1.0
EVT_SPORT_TABLE_TENNIS_TABLE_TENNIS_DOUBLES_W,SPORT_TABLE_TENNIS,Table Tennis,DISC_SPORT_TABLE_TENNIS_TABLE_TENNIS,Table Tennis,Doubles,Women,Duet,,,,1,1,1,0.0,2.0,2.0,1.0,0.0,2.0,2.0,1.0
EVT_SPORT_TABLE_TENNIS_TABLE_TENNIS_DOUBLES_X,SPORT_TABLE_TENNIS,Table Tennis,DISC_SPORT_TABLE_TENNIS_TABLE_TENNIS,Table Tennis,Doubles,Mixed,Duet,,,,1,1,1,1.0,1.0,2.0,1.0,1.0,1.0,2.0,1.0
EVT_SPORT_TABLE_TENNIS_TABLE_TENNIS_SINGLES_M,SPORT_TABLE_TENNIS,Table Tennis,DISC_SPORT_TABLE_TENNIS_TABLE_TENNIS,Table Tennis,Singles,Men,Individual,,,,1,1,1,1.0,0.0,1.0,1.0,1.0,0.0,1.0,1.0
EVT_SPORT_TABLE_TENNIS_TABLE_TENNIS_SINGLES_W,SPORT_TABLE_TENNIS,Table Tennis,DISC_SPORT_TABLE_TENNIS_TABLE_TENNIS,Table Tennis,Singles,Women,Individual,,,,1,1,1,0.0,1.0,1.0,1.0,0.0,1.0,1.0,1.0
EVT_SPORT_TABLE_TENNIS_TABLE_TENNIS_TEAM_M,SPORT_TABLE_TENNIS,Table Tennis,DISC_SPORT_TABLE_TENNIS_TABLE_TENNIS,Table Tennis,Team,Men,Team,,,,0,1,0,,,,,4.0,0.0,4.0,1.0
EVT_SPORT_TABLE_TENNIS_TABLE_TENNIS_TEAM_W,SPORT_TABLE_TENNIS,Table Tennis,DISC_SPORT_TABLE_TENNIS_TABLE_TENNIS,Table Tennis,Team,Women,Team,,,,0,1,0,,,,,0.0,4.0,4.0,1.0
EVT_SPORT_TABLE_TENNIS_TABLE_TENNIS_TEAM_X,SPORT_TABLE_TENNIS,Table Tennis,DISC_SPORT_TABLE_TENNIS_TABLE_TENNIS,Table Tennis,Team,Mixed,Team,,,,1,0,0,3.0,3.0,6.0,1.0,,,,
EVT_SPORT_TAEKWONDO_TAEKWONDO_KYORUGI_MINUS_49KG_W,SPORT_TAEKWONDO,Taekwondo,DISC_SPORT_TAEKWONDO_TAEKWONDO_KYORUGI,Taekwondo Kyorugi,Minus 49kg,Women,Individual,,,,0,1,0,,,,,0.0,1.0,1.0,1.0
EVT_SPORT_TAEKWONDO_TAEKWONDO_KYORUGI_MINUS_57KG_W,SPORT_TAEKWONDO,Taekwondo,DISC_SPORT_TAEKWONDO_TAEKWONDO_KYORUGI,Taekwondo Kyorugi,Minus 57kg,Women,Individual,,,,0,1,0,,,,,0.0,1.0,1.0,1.0
EVT_SPORT_TAEKWONDO_TAEKWONDO_KYORUGI_MINUS_58KG_M,SPORT_TAEKWONDO,Taekwondo,DISC_SPORT_TAEKWONDO_TAEKWONDO_KYORUGI,Taekwondo Kyorugi,Minus 58kg,Men,Individual,,,,0,1,0,,,,,1.0,0.0,1.0,1.0
EVT_SPORT_TAEKWONDO_TAEKWONDO_KYORUGI_MINUS_67KG_W,SPORT_TAEKWONDO,Taekwondo,DISC_SPORT_TAEKWONDO_TAEKWONDO_KYORUGI,Taekwondo Kyorugi,Minus 67kg,Women,Individual,,,,0,1,0,,,,,0.0,1.0,1.0,1.0
EVT_SPORT_TAEKWONDO_TAEKWONDO_KYORUGI_MINUS_68KG_M,SPORT_TAEKWONDO,Taekwondo,DISC_SPORT_TAEKWONDO_TAEKWONDO_KYORUGI,Taekwondo Kyorugi,Minus 68kg,Men,Individual,,,,0,1,0,,,,,1.0,0.0,1.0,1.0
EVT_SPORT_TAEKWONDO_TAEKWONDO_KYORUGI_MINUS_80KG_M,SPORT_TAEKWONDO,Taekwondo,DISC_SPORT_TAEKWONDO_TAEKWONDO_KYORUGI,Taekwondo Kyorugi,Minus 80kg,Men,Individual,,,,0,1,0,,,,,1.0,0.0,1.0,1.0
EVT_SPORT_TAEKWONDO_TAEKWONDO_KYORUGI_PLUS_67KG_W,SPORT_TAEKWONDO,Taekwondo,DISC_SPORT_TAEKWONDO_TAEKWONDO_KYORUGI,Taekwondo Kyorugi,Plus 67kg,Women,Individual,,,,0,1,0,,,,,0.0,1.0,1.0,1.0
EVT_SPORT_TAEKWONDO_TAEKWONDO_KYORUGI_PLUS_80KG_M,SPORT_TAEKWONDO,Taekwondo,DISC_SPORT_TAEKWONDO_TAEKWONDO_KYORUGI,Taekwondo Kyorugi,Plus 80kg,Men,Individual,,,,0,1,0,,,,,1.0,0.0,1.0,1.0
EVT_SPORT_TAEKWONDO_TAEKWONDO_MINUS_49KG_W,SPORT_TAEKWONDO,Taekwondo,DISC_SPORT_TAEKWONDO_TAEKWONDO,Taekwondo,Minus 49kg,Women,Individual,,,,1,0,0,0.0,1.0,1.0,1.0,,,,
EVT_SPORT_TAEKWONDO_TAEKWONDO_MINUS_57KG_W,SPORT_TAEKWONDO,Taekwondo,DISC_SPORT_TAEKWONDO_TAEKWONDO,Taekwondo,Minus 57kg,Women,Individual,,,,1,0,0,0.0,1.0,1.0,1.0,,,,
EVT_SPORT_TAEKWONDO_TAEKWONDO_MINUS_58KG_M,SPORT_TAEKWONDO,Taekwondo,DISC_SPORT_TAEKWONDO_TAEKWONDO,Taekwondo,Minus 58kg,Men,Individual,,,,1,0,0,1.0,0.0,1.0,1.0,,,,
EVT_SPORT_TAEKWONDO_TAEKWONDO_MINUS_67KG_W,SPORT_TAEKWONDO,Taekwondo,DISC_SPORT_TAEKWONDO_TAEKWONDO,Taekwondo,Minus 67kg,Women,Individual,,,,1,0,0,0.0,1.0,1.0,1.0,,,,
EVT_SPORT_TAEKWONDO_TAEKWONDO_MINUS_68KG_M,SPORT_TAEKWONDO,Taekwondo,DISC_SPORT_TAEKWONDO_TAEKWONDO,Taekwondo,Minus 68kg,Men,Individual,,,,1,0,0,1.0,0.0,1.0,1.0,,,,
EVT_SPORT_TAEKWONDO_TAEKWONDO_MINUS_80KG_M,SPORT_TAEKWONDO,Taekwondo,DISC_SPORT_TAEKWONDO_TAEKWONDO,Taekwondo,Minus 80kg,Men,Individual,,,,1,0,0,1.0,0.0,1.0,1.0,,,,
EVT_SPORT_TAEKWONDO_TAEKWONDO_PLUS_67KG_W,SPORT_TAEKWONDO,Taekwondo,DISC_SPORT_TAEKWONDO_TAEKWONDO,Taekwondo,Plus 67kg,Women,Individual,,,,1,0,0,0.0,1.0,1.0,1.0,,,,
EVT_SPORT_TAEKWONDO_TAEKWONDO_PLUS_80KG_M,SPORT_TAEKWONDO,Taekwondo,DISC_SPORT_TAEKWONDO_TAEKWONDO,Taekwondo,Plus 80kg,Men,Individual,,,,1,0,0,1.0,0.0,1.0,1.0,,,,
EVT_SPORT_TAEKWONDO_TAEKWONDO_POOMSAE_INDIVIDUAL_POOMSAE_M,SPORT_TAEKWONDO,Taekwondo,DISC_SPORT_TAEKWONDO_TAEKWONDO_POOMSAE,Taekwondo Poomsae,Individual Poomsae,Men,Individual,,,,0,1,0,,,,,1.0,0.0,1.0,1.0
EVT_SPORT_TAEKWONDO_TAEKWONDO_POOMSAE_INDIVIDUAL_POOMSAE_W,SPORT_TAEKWONDO,Taekwondo,DISC_SPORT_TAEKWONDO_TAEKWONDO_POOMSAE,Taekwondo Poomsae,Individual Poomsae,Women,Individual,,,,0,1,0,,,,,0.0,1.0,1.0,1.0
EVT_SPORT_TENNIS_TENNIS_DOUBLES_M,SPORT_TENNIS,Tennis,DISC_SPORT_TENNIS_TENNIS,Tennis,Doubles,Men,Duet,,,,1,1,1,2.0,0.0,2.0,1.0,2.0,0.0,2.0,1.0
EVT_SPORT_TENNIS_TENNIS_DOUBLES_W,SPORT_TENNIS,Tennis,DISC_SPORT_TENNIS_TENNIS,Tennis,Doubles,Women,Duet,,,,1,1,1,0.0,2.0,2.0,1.0,0.0,2.0,2.0,1.0
EVT_SPORT_TENNIS_TENNIS_DOUBLES_X,SPORT_TENNIS,Tennis,DISC_SPORT_TENNIS_TENNIS,Tennis,Doubles,Mixed,Duet,,,,1,1,1,1.0,1.0,2.0,1.0,1.0,1.0,2.0,1.0
EVT_SPORT_TENNIS_TENNIS_SINGLES_M,SPORT_TENNIS,Tennis,DISC_SPORT_TENNIS_TENNIS,Tennis,Singles,Men,Individual,,,,1,1,1,1.0,0.0,1.0,1.0,1.0,0.0,1.0,1.0
EVT_SPORT_TENNIS_TENNIS_SINGLES_W,SPORT_TENNIS,Tennis,DISC_SPORT_TENNIS_TENNIS,Tennis,Singles,Women,Individual,,,,1,1,1,0.0,1.0,1.0,1.0,0.0,1.0,1.0,1.0
EVT_SPORT_TRIATHLON_TRIATHLON_INDIVIDUAL_M,SPORT_TRIATHLON,Triathlon,DISC_SPORT_TRIATHLON_TRIATHLON,Triathlon,Individual,Men,Individual,,,,1,0,0,1.0,0.0,1.0,1.0,,,,
EVT_SPORT_TRIATHLON_TRIATHLON_INDIVIDUAL_TRIATHLON_M,SPORT_TRIATHLON,Triathlon,DISC_SPORT_TRIATHLON_TRIATHLON,Triathlon,Individual Triathlon,Men,Individual,,,,0,1,0,,,,,1.0,0.0,1.0,1.0
EVT_SPORT_TRIATHLON_TRIATHLON_INDIVIDUAL_TRIATHLON_W,SPORT_TRIATHLON,Triathlon,DISC_SPORT_TRIATHLON_TRIATHLON,Triathlon,Individual Triathlon,Women,Individual,,,,0,1,0,,,,,0.0,1.0,1.0,1.0
EVT_SPORT_TRIATHLON_TRIATHLON_INDIVIDUAL_W,SPORT_TRIATHLON,Triathlon,DISC_SPORT_TRIATHLON_TRIATHLON,Triathlon,Individual,Women,Individual,,,,1,0,0,0.0,1.0,1.0,1.0,,,,
EVT_SPORT_TRIATHLON_TRIATHLON_RELAY_TRIATHLON_X,SPORT_TRIATHLON,Triathlon,DISC_SPORT_TRIATHLON_TRIATHLON,Triathlon,Relay Triathlon,Mixed,Team,,,,0,1,0,,,,,2.0,2.0,4.0,1.0
EVT_SPORT_TRIATHLON_TRIATHLON_RELAY_X,SPORT_TRIATHLON,Triathlon,DISC_SPORT_TRIATHLON_TRIATHLON,Triathlon,Relay,Mixed,Team,,,,1,0,0,2.0,2.0,4.0,1.0,,,,
EVT_SPORT_VOLLEYBALL_BEACH_VOLLEYBALL_24_TEAM_TOURNAMENT_M,SPORT_VOLLEYBALL,Volleyball,DISC_SPORT_VOLLEYBALL_BEACH_VOLLEYBALL,Beach Volleyball,24-team tournament,Men,Duet,,,,1,0,0,2.0,0.0,2.0,1.0,,,,
EVT_SPORT_VOLLEYBALL_BEACH_VOLLEYBALL_24_TEAM_TOURNAMENT_W,SPORT_VOLLEYBALL,Volleyball,DISC_SPORT_VOLLEYBALL_BEACH_VOLLEYBALL,Beach Volleyball,24-team tournament,Women,Duet,,,,1,0,0,0.0,2.0,2.0,1.0,,,,
EVT_SPORT_VOLLEYBALL_BEACH_VOLLEYBALL_TEAM_M,SPORT_VOLLEYBALL,Volleyball,DISC_SPORT_VOLLEYBALL_BEACH_VOLLEYBALL,Beach Volleyball,Team,Men,Duet,,,,0,1,0,,,,,2.0,0.0,2.0,1.0
EVT_SPORT_VOLLEYBALL_BEACH_VOLLEYBALL_TEAM_W,SPORT_VOLLEYBALL,Volleyball,DISC_SPORT_VOLLEYBALL_BEACH_VOLLEYBALL,Beach Volleyball,Team,Women,Duet,,,,0,1,0,,,,,0.0,2.0,2.0,1.0
EVT_SPORT_VOLLEYBALL_VOLLEYBALL_12_TEAM_TOURNAMENT_M,SPORT_VOLLEYBALL,Volleyball,DISC_SPORT_VOLLEYBALL_VOLLEYBALL,Volleyball,12-team tournament,Men,Team,,,,1,0,0,12.0,0.0,12.0,1.0,,,,
EVT_SPORT_VOLLEYBALL_VOLLEYBALL_12_TEAM_TOURNAMENT_W,SPORT_VOLLEYBALL,Volleyball,DISC_SPORT_VOLLEYBALL_VOLLEYBALL,Volleyball,12-team tournament,Women,Team,,,,1,0,0,0.0,12.0,12.0,1.0,,,,
EVT_SPORT_VOLLEYBALL_VOLLEYBALL_TEAM_M,SPORT_VOLLEYBALL,Volleyball,DISC_SPORT_VOLLEYBALL_VOLLEYBALL,Volleyball,Team,Men,Team,,,,0,1,0,,,,,12.0,0.0,12.0,1.0
EVT_SPORT_VOLLEYBALL_VOLLEYBALL_TEAM_W,SPORT_VOLLEYBALL,Volleyball,DISC_SPORT_VOLLEYBALL_VOLLEYBALL,Volleyball,Team,Women,Team,,,,0,1,0,,,,,0.0,12.0,12.0,1.0
EVT_SPORT_WEIGHTLIFTING_WEIGHTLIFTING_110KG_M,SPORT_WEIGHTLIFTING,Weightlifting,DISC_SPORT_WEIGHTLIFTING_WEIGHTLIFTING,Weightlifting,110kg,Men,Individual,,,,1,1,1,1.0,0.0,1.0,1.0,1.0,0.0,1.0,1.0
EVT_SPORT_WEIGHTLIFTING_WEIGHTLIFTING_48KG_W,SPORT_WEIGHTLIFTING,Weightlifting,DISC_SPORT_WEIGHTLIFTING_WEIGHTLIFTING,Weightlifting,48kg,Women,Individual,,,,0,1,0,,,,,0.0,1.0,1.0,1.0
EVT_SPORT_WEIGHTLIFTING_WEIGHTLIFTING_53KG_W,SPORT_WEIGHTLIFTING,Weightlifting,DISC_SPORT_WEIGHTLIFTING_WEIGHTLIFTING,Weightlifting,53kg,Women,Individual,,,,0,1,0,,,,,0.0,1.0,1.0,1.0
EVT_SPORT_WEIGHTLIFTING_WEIGHTLIFTING_58KG_W,SPORT_WEIGHTLIFTING,Weightlifting,DISC_SPORT_WEIGHTLIFTING_WEIGHTLIFTING,Weightlifting,58kg,Women,Individual,,,,0,1,0,,,,,0.0,1.0,1.0,1.0
EVT_SPORT_WEIGHTLIFTING_WEIGHTLIFTING_60KG_M,SPORT_WEIGHTLIFTING,Weightlifting,DISC_SPORT_WEIGHTLIFTING_WEIGHTLIFTING,Weightlifting,60kg,Men,Individual,,,,0,1,0,,,,,1.0,0.0,1.0,1.0
EVT_SPORT_WEIGHTLIFTING_WEIGHTLIFTING_61KG_W,SPORT_WEIGHTLIFTING,Weightlifting,DISC_SPORT_WEIGHTLIFTING_WEIGHTLIFTING,Weightlifting,61kg,Women,Individual,,,,1,0,0,0.0,1.0,1.0,1.0,,,,
EVT_SPORT_WEIGHTLIFTING_WEIGHTLIFTING_63KG_W,SPORT_WEIGHTLIFTING,Weightlifting,DISC_SPORT_WEIGHTLIFTING_WEIGHTLIFTING,Weightlifting,63kg,Women,Individual,,,,0,1,0,,,,,0.0,1.0,1.0,1.0
EVT_SPORT_WEIGHTLIFTING_WEIGHTLIFTING_65KG_M,SPORT_WEIGHTLIFTING,Weightlifting,DISC_SPORT_WEIGHTLIFTING_WEIGHTLIFTING,Weightlifting,65kg,Men,Individual,,,,1,1,1,1.0,0.0,1.0,1.0,1.0,0.0,1.0,1.0
EVT_SPORT_WEIGHTLIFTING_WEIGHTLIFTING_69KG_W,SPORT_WEIGHTLIFTING,Weightlifting,DISC_SPORT_WEIGHTLIFTING_WEIGHTLIFTING,Weightlifting,69kg,Women,Individual,,,,1,1,1,0.0,1.0,1.0,1.0,0.0,1.0,1.0,1.0
EVT_SPORT_WEIGHTLIFTING_WEIGHTLIFTING_71KG_M,SPORT_WEIGHTLIFTING,Weightlifting,DISC_SPORT_WEIGHTLIFTING_WEIGHTLIFTING,Weightlifting,71kg,Men,Individual,,,,0,1,0,,,,,1.0,0.0,1.0,1.0
EVT_SPORT_WEIGHTLIFTING_WEIGHTLIFTING_75KG_M,SPORT_WEIGHTLIFTING,Weightlifting,DISC_SPORT_WEIGHTLIFTING_WEIGHTLIFTING,Weightlifting,75kg,Men,Individual,,,,1,0,0,1.0,0.0,1.0,1.0,,,,
EVT_SPORT_WEIGHTLIFTING_WEIGHTLIFTING_77KG_W,SPORT_WEIGHTLIFTING,Weightlifting,DISC_SPORT_WEIGHTLIFTING_WEIGHTLIFTING,Weightlifting,77kg,Women,Individual,,,,1,1,1,0.0,1.0,1.0,1.0,0.0,1.0,1.0,1.0
EVT_SPORT_WEIGHTLIFTING_WEIGHTLIFTING_79KG_M,SPORT_WEIGHTLIFTING,Weightlifting,DISC_SPORT_WEIGHTLIFTING_WEIGHTLIFTING,Weightlifting,79kg,Men,Individual,,,,0,1,0,,,,,1.0,0.0,1.0,1.0
EVT_SPORT_WEIGHTLIFTING_WEIGHTLIFTING_85KG_M,SPORT_WEIGHTLIFTING,Weightlifting,DISC_SPORT_WEIGHTLIFTING_WEIGHTLIFTING,Weightlifting,85kg,Men,Individual,,,,1,0,0,1.0,0.0,1.0,1.0,,,,
EVT_SPORT_WEIGHTLIFTING_WEIGHTLIFTING_86KG_W,SPORT_WEIGHTLIFTING,Weightlifting,DISC_SPORT_WEIGHTLIFTING_WEIGHTLIFTING,Weightlifting,86kg,Women,Individual,,,,1,1,1,0.0,1.0,1.0,1.0,0.0,1.0,1.0,1.0
EVT_SPORT_WEIGHTLIFTING_WEIGHTLIFTING_88KG_M,SPORT_WEIGHTLIFTING,Weightlifting,DISC_SPORT_WEIGHTLIFTING_WEIGHTLIFTING,Weightlifting,88kg,Men,Individual,,,,0,1,0,,,,,1.0,0.0,1.0,1.0
EVT_SPORT_WEIGHTLIFTING_WEIGHTLIFTING_94KG_M,SPORT_WEIGHTLIFTING,Weightlifting,DISC_SPORT_WEIGHTLIFTING_WEIGHTLIFTING,Weightlifting,94kg,Men,Individual,,,,0,1,0,,,,,1.0,0.0,1.0,1.0
EVT_SPORT_WEIGHTLIFTING_WEIGHTLIFTING_95KG_M,SPORT_WEIGHTLIFTING,Weightlifting,DISC_SPORT_WEIGHTLIFTING_WEIGHTLIFTING,Weightlifting,95kg,Men,Individual,,,,1,0,0,1.0,0.0,1.0,1.0,,,,
EVT_SPORT_WEIGHTLIFTING_WEIGHTLIFTING_PLUS_110KG_M,SPORT_WEIGHTLIFTING,Weightlifting,DISC_SPORT_WEIGHTLIFTING_WEIGHTLIFTING,Weightlifting,Plus 110kg,Men,Individual,,,,0,1,0,,,,,1.0,0.0,1.0,1.0
EVT_SPORT_WEIGHTLIFTING_WEIGHTLIFTING_PLUS_86KG_W,SPORT_WEIGHTLIFTING,Weightlifting,DISC_SPORT_WEIGHTLIFTING_WEIGHTLIFTING,Weightlifting,Plus 86kg,Women,Individual,,,,1,1,1,0.0,1.0,1.0,1.0,0.0,1.0,1.0,1.0
EVT_SPORT_WRESTLING_FREESTYLE_125KG_W,SPORT_WRESTLING,Wrestling,DISC_SPORT_WRESTLING_FREESTYLE,Freestyle,125kg,Women,Individual,,,,1,0,0,0.0,1.0,1.0,1.0,,,,
EVT_SPORT_WRESTLING_FREESTYLE_50KG_W,SPORT_WRESTLING,Wrestling,DISC_SPORT_WRESTLING_FREESTYLE,Freestyle,50kg,Women,Individual,,,,1,0,0,0.0,1.0,1.0,1.0,,,,
EVT_SPORT_WRESTLING_FREESTYLE_53KG_W,SPORT_WRESTLING,Wrestling,DISC_SPORT_WRESTLING_FREESTYLE,Freestyle,53kg,Women,Individual,,,,1,0,0,0.0,1.0,1.0,1.0,,,,
EVT_SPORT_WRESTLING_FREESTYLE_57KG_M,SPORT_WRESTLING,Wrestling,DISC_SPORT_WRESTLING_FREESTYLE,Freestyle,57kg,Men,Individual,,,,1,0,0,1.0,0.0,1.0,1.0,,,,
EVT_SPORT_WRESTLING_FREESTYLE_57KG_W,SPORT_WRESTLING,Wrestling,DISC_SPORT_WRESTLING_FREESTYLE,Freestyle,57kg,Women,Individual,,,,1,0,0,0.0,1.0,1.0,1.0,,,,
EVT_SPORT_WRESTLING_FREESTYLE_62KG_W,SPORT_WRESTLING,Wrestling,DISC_SPORT_WRESTLING_FREESTYLE,Freestyle,62kg,Women,Individual,,,,1,0,0,0.0,1.0,1.0,1.0,,,,
EVT_SPORT_WRESTLING_FREESTYLE_65KG_M,SPORT_WRESTLING,Wrestling,DISC_SPORT_WRESTLING_FREESTYLE,Freestyle,65kg,Men,Individual,,,,1,0,0,1.0,0.0,1.0,1.0,,,,
EVT_SPORT_WRESTLING_FREESTYLE_68KG_W,SPORT_WRESTLING,Wrestling,DISC_SPORT_WRESTLING_FREESTYLE,Freestyle,68kg,Women,Individual,,,,1,0,0,0.0,1.0,1.0,1.0,,,,
EVT_SPORT_WRESTLING_FREESTYLE_74KG_M,SPORT_WRESTLING,Wrestling,DISC_SPORT_WRESTLING_FREESTYLE,Freestyle,74kg,Men,Individual,,,,1,0,0,1.0,0.0,1.0,1.0,,,,
EVT_SPORT_WRESTLING_FREESTYLE_76KG_W,SPORT_WRESTLING,Wrestling,DISC_SPORT_WRESTLING_FREESTYLE,Freestyle,76kg,Women,Individual,,,,1,0,0,0.0,1.0,1.0,1.0,,,,
EVT_SPORT_WRESTLING_FREESTYLE_86KG_M,SPORT_WRESTLING,Wrestling,DISC_SPORT_WRESTLING_FREESTYLE,Freestyle,86kg,Men,Individual,,,,1,0,0,1.0,0.0,1.0,1.0,,,,
EVT_SPORT_WRESTLING_FREESTYLE_97KG_M,SPORT_WRESTLING,Wrestling,DISC_SPORT_WRESTLING_FREESTYLE,Freestyle,97kg,Men,Individual,,,,1,0,0,1.0,0.0,1.0,1.0,,,,
EVT_SPORT_WRESTLING_FREESTYLE_WRESTLING_FREESTYLE_125KG_M,SPORT_WRESTLING,Wrestling,DISC_SPORT_WRESTLING_FREESTYLE_WRESTLING,Freestyle Wrestling,Freestyle 125kg,Men,Individual,,,,0,1,0,,,,,1.0,0.0,1.0,1.0
EVT_SPORT_WRESTLING_FREESTYLE_WRESTLING_FREESTYLE_57KG_M,SPORT_WRESTLING,Wrestling,DISC_SPORT_WRESTLING_FREESTYLE_WRESTLING,Freestyle Wrestling,Freestyle 57kg,Men,Individual,,,,0,1,0,,,,,1.0,0.0,1.0,1.0
EVT_SPORT_WRESTLING_FREESTYLE_WRESTLING_FREESTYLE_65KG_M,SPORT_WRESTLING,Wrestling,DISC_SPORT_WRESTLING_FREESTYLE_WRESTLING,Freestyle Wrestling,Freestyle 65kg,Men,Individual,,,,0,1,0,,,,,1.0,0.0,1.0,1.0
EVT_SPORT_WRESTLING_FREESTYLE_WRESTLING_FREESTYLE_74KG_M,SPORT_WRESTLING,Wrestling,DISC_SPORT_WRESTLING_FREESTYLE_WRESTLING,Freestyle Wrestling,Freestyle 74kg,Men,Individual,,,,0,1,0,,,,,1.0,0.0,1.0,1.0
EVT_SPORT_WRESTLING_FREESTYLE_WRESTLING_FREESTYLE_86KG_M,SPORT_WRESTLING,Wrestling,DISC_SPORT_WRESTLING_FREESTYLE_WRESTLING,Freestyle Wrestling,Freestyle 86kg,Men,Individual,,,,0,1,0,,,,,1.0,0.0,1.0,1.0
EVT_SPORT_WRESTLING_FREESTYLE_WRESTLING_FREESTYLE_97KG_M,SPORT_WRESTLING,Wrestling,DISC_SPORT_WRESTLING_FREESTYLE_WRESTLING,Freestyle Wrestling,Freestyle 97kg,Men,Individual,,,,0,1,0,,,,,1.0,0.0,1.0,1.0
EVT_SPORT_WRESTLING_FREESTYLE_WRESTLING_WRESTLING_50KG_W,SPORT_WRESTLING,Wrestling,DISC_SPORT_WRESTLING_FREESTYLE_WRESTLING,Freestyle Wrestling,Wrestling 50kg,Women,Individual,,,,0,1,0,,,,,0.0,1.0,1.0,1.0
EVT_SPORT_WRESTLING_FREESTYLE_WRESTLING_WRESTLING_53KG_W,SPORT_WRESTLING,Wrestling,DISC_SPORT_WRESTLING_FREESTYLE_WRESTLING,Freestyle Wrestling,Wrestling 53kg,Women,Individual,,,,0,1,0,,,,,0.0,1.0,1.0,1.0
EVT_SPORT_WRESTLING_FREESTYLE_WRESTLING_WRESTLING_57KG_W,SPORT_WRESTLING,Wrestling,DISC_SPORT_WRESTLING_FREESTYLE_WRESTLING,Freestyle Wrestling,Wrestling 57kg,Women,Individual,,,,0,1,0,,,,,0.0,1.0,1.0,1.0
EVT_SPORT_WRESTLING_FREESTYLE_WRESTLING_WRESTLING_62KG_W,SPORT_WRESTLING,Wrestling,DISC_SPORT_WRESTLING_FREESTYLE_WRESTLING,Freestyle Wrestling,Wrestling 62kg,Women,Individual,,,,0,1,0,,,,,0.0,1.0,1.0,1.0
EVT_SPORT_WRESTLING_FREESTYLE_WRESTLING_WRESTLING_68KG_W,SPORT_WRESTLING,Wrestling,DISC_SPORT_WRESTLING_FREESTYLE_WRESTLING,Freestyle Wrestling,Wrestling 68kg,Women,Individual,,,,0,1,0,,,,,0.0,1.0,1.0,1.0
EVT_SPORT_WRESTLING_FREESTYLE_WRESTLING_WRESTLING_76KG_W,SPORT_WRESTLING,Wrestling,DISC_SPORT_WRESTLING_FREESTYLE_WRESTLING,Freestyle Wrestling,Wrestling 76kg,Women,Individual,,,,0,1,0,,,,,0.0,1.0,1.0,1.0
EVT_SPORT_WRESTLING_GRECO_ROMAN_130KG_M,SPORT_WRESTLING,Wrestling,DISC_SPORT_WRESTLING_GRECO_ROMAN,Greco-Roman,130kg,Men,Individual,,,,1,0,0,1.0,0.0,1.0,1.0,,,,
EVT_SPORT_WRESTLING_GRECO_ROMAN_60KG_M,SPORT_WRESTLING,Wrestling,DISC_SPORT_WRESTLING_GRECO_ROMAN,Greco-Roman,60kg,Men,Individual,,,,1,0,0,1.0,0.0,1.0,1.0,,,,
EVT_SPORT_WRESTLING_GRECO_ROMAN_67KG_M,SPORT_WRESTLING,Wrestling,DISC_SPORT_WRESTLING_GRECO_ROMAN,Greco-Roman,67kg,Men,Individual,,,,1,0,0,1.0,0.0,1.0,1.0,,,,
EVT_SPORT_WRESTLING_GRECO_ROMAN_77KG_M,SPORT_WRESTLING,Wrestling,DISC_SPORT_WRESTLING_GRECO_ROMAN,Greco-Roman,77kg,Men,Individual,,,,1,0,0,1.0,0.0,1.0,1.0,,,,
EVT_SPORT_WRESTLING_GRECO_ROMAN_87KG_M,SPORT_WRESTLING,Wrestling,DISC_SPORT_WRESTLING_GRECO_ROMAN,Greco-Roman,87kg,Men,Individual,,,,1,0,0,1.0,0.0,1.0,1.0,,,,
EVT_SPORT_WRESTLING_GRECO_ROMAN_97KG_M,SPORT_WRESTLING,Wrestling,DISC_SPORT_WRESTLING_GRECO_ROMAN,Greco-Roman,97kg,Men,Individual,,,,1,0,0,1.0,0.0,1.0,1.0,,,,
EVT_SPORT_WRESTLING_GRECO_ROMAN_WRESTLING_GRECO_ROMAN_130KG_M,SPORT_WRESTLING,Wrestling,DISC_SPORT_WRESTLING_GRECO_ROMAN_WRESTLING,Greco-Roman Wrestling,Greco-Roman 130kg,Men,Individual,,,,0,1,0,,,,,1.0,0.0,1.0,1.0
EVT_SPORT_WRESTLING_GRECO_ROMAN_WRESTLING_GRECO_ROMAN_60KG_M,SPORT_WRESTLING,Wrestling,DISC_SPORT_WRESTLING_GRECO_ROMAN_WRESTLING,Greco-Roman Wrestling,Greco-Roman 60kg,Men,Individual,,,,0,1,0,,,,,1.0,0.0,1.0,1.0
EVT_SPORT_WRESTLING_GRECO_ROMAN_WRESTLING_GRECO_ROMAN_67KG_M,SPORT_WRESTLING,Wrestling,DISC_SPORT_WRESTLING_GRECO_ROMAN_WRESTLING,Greco-Roman Wrestling,Greco-Roman 67kg,Men,Individual,,,,0,1,0,,,,,1.0,0.0,1.0,1.0
EVT_SPORT_WRESTLING_GRECO_ROMAN_WRESTLING_GRECO_ROMAN_77KG_M,SPORT_WRESTLING,Wrestling,DISC_SPORT_WRESTLING_GRECO_ROMAN_WRESTLING,Greco-Roman Wrestling,Greco-Roman 77kg,Men,Individual,,,,0,1,0,,,,,1.0,0.0,1.0,1.0
EVT_SPORT_WRESTLING_GRECO_ROMAN_WRESTLING_GRECO_ROMAN_87KG_M,SPORT_WRESTLING,Wrestling,DISC_SPORT_WRESTLING_GRECO_ROMAN_WRESTLING,Greco-Roman Wrestling,Greco-Roman 87kg,Men,Individual,,,,0,1,0,,,,,1.0,0.0,1.0,1.0
EVT_SPORT_WRESTLING_GRECO_ROMAN_WRESTLING_GRECO_ROMAN_97KG_M,SPORT_WRESTLING,Wrestling,DISC_SPORT_WRESTLING_GRECO_ROMAN_WRESTLING,Greco-Roman Wrestling,Greco-Roman 97kg,Men,Individual,,,,0,1,0,,,,,1.0,0.0,1.0,1.0
EVT_SPORT_WUSHU_WUSHU_SANDA_52KG_W,SPORT_WUSHU,Wushu,DISC_SPORT_WUSHU_WUSHU_SANDA,Wushu Sanda,52kg,Women,Individual,,,,0,1,0,,,,,0.0,1.0,1.0,1.0
EVT_SPORT_WUSHU_WUSHU_SANDA_56KG_M,SPORT_WUSHU,Wushu,DISC_SPORT_WUSHU_WUSHU_SANDA,Wushu Sanda,56kg,Men,Individual,,,,0,1,0,,,,,1.0,0.0,1.0,1.0
EVT_SPORT_WUSHU_WUSHU_SANDA_60KG_M,SPORT_WUSHU,Wushu,DISC_SPORT_WUSHU_WUSHU_SANDA,Wushu Sanda,60kg,Men,Individual,,,,0,1,0,,,,,1.0,0.0,1.0,1.0
EVT_SPORT_WUSHU_WUSHU_SANDA_60KG_W,SPORT_WUSHU,Wushu,DISC_SPORT_WUSHU_WUSHU_SANDA,Wushu Sanda,60kg,Women,Individual,,,,0,1,0,,,,,0.0,1.0,1.0,1.0
EVT_SPORT_WUSHU_WUSHU_SANDA_65KG_M,SPORT_WUSHU,Wushu,DISC_SPORT_WUSHU_WUSHU_SANDA,Wushu Sanda,65kg,Men,Individual,,,,0,1,0,,,,,1.0,0.0,1.0,1.0
EVT_SPORT_WUSHU_WUSHU_SANDA_70KG_M,SPORT_WUSHU,Wushu,DISC_SPORT_WUSHU_WUSHU_SANDA,Wushu Sanda,70kg,Men,Individual,,,,0,1,0,,,,,1.0,0.0,1.0,1.0
EVT_SPORT_WUSHU_WUSHU_SANDA_75KG_M,SPORT_WUSHU,Wushu,DISC_SPORT_WUSHU_WUSHU_SANDA,Wushu Sanda,75kg,Men,Individual,,,,0,1,0,,,,,1.0,0.0,1.0,1.0
EVT_SPORT_WUSHU_WUSHU_TAOLU_CHANGQUAN_M,SPORT_WUSHU,Wushu,DISC_SPORT_WUSHU_WUSHU_TAOLU,Wushu Taolu,Changquan,Men,Individual,,,,0,1,0,,,,,1.0,0.0,1.0,1.0
EVT_SPORT_WUSHU_WUSHU_TAOLU_CHANGQUAN_W,SPORT_WUSHU,Wushu,DISC_SPORT_WUSHU_WUSHU_TAOLU,Wushu Taolu,Changquan,Women,Individual,,,,0,1,0,,,,,0.0,1.0,1.0,1.0
EVT_SPORT_WUSHU_WUSHU_TAOLU_DAOSHU_GUNSHU_M,SPORT_WUSHU,Wushu,DISC_SPORT_WUSHU_WUSHU_TAOLU,Wushu Taolu,Daoshu & Gunshu,Men,Individual,,,,0,1,0,,,,,1.0,0.0,1.0,1.0
EVT_SPORT_WUSHU_WUSHU_TAOLU_JIANSHU_QIANGSHU_W,SPORT_WUSHU,Wushu,DISC_SPORT_WUSHU_WUSHU_TAOLU,Wushu Taolu,Jianshu & Qiangshu,Women,Individual,,,,0,1,0,,,,,0.0,1.0,1.0,1.0
EVT_SPORT_WUSHU_WUSHU_TAOLU_NANQUAN_NANDAO_W,SPORT_WUSHU,Wushu,DISC_SPORT_WUSHU_WUSHU_TAOLU,Wushu Taolu,Nanquan & Nandao,Women,Individual,,,,0,1,0,,,,,0.0,1.0,1.0,1.0
EVT_SPORT_WUSHU_WUSHU_TAOLU_NANQUAN_NANGUN_M,SPORT_WUSHU,Wushu,DISC_SPORT_WUSHU_WUSHU_TAOLU,Wushu Taolu,Nanquan & Nangun,Men,Individual,,,,0,1,0,,,,,1.0,0.0,1.0,1.0
EVT_SPORT_WUSHU_WUSHU_TAOLU_TAIJIQUAN_TAIJIJIAN_M,SPORT_WUSHU,Wushu,DISC_SPORT_WUSHU_WUSHU_TAOLU,Wushu Taolu,Taijiquan & Taijijian,Men,Individual,,,,0,1,0,,,,,1.0,0.0,1.0,1.0
EVT_SPORT_WUSHU_WUSHU_TAOLU_TAIJIQUAN_TAIJIJIAN_W,SPORT_WUSHU,Wushu,DISC_SPORT_WUSHU_WUSHU_TAOLU,Wushu Taolu,Taijiquan & Taijijian,Women,Individual,,,,0,1,0,,,,,0.0,1.0,1.0,1.0
